[
	{
		"name":"Abdul Abdulrixit",
		"year":"2008-2013",
		"title":"Member",
		"place1":"CPPCC",
		"place2":"National Committee",
		"place3":"CPC",
		"place4":"Leading Party Group"
	},
	{
		"name":"Abdul Abdulrixit",
		"year":"2008-2013",
		"title":"Vice-Chairman",
		"place1":"CPPCC",
		"place2":"National Committee"
	},
	{
		"name":"Abdul Abdulrixit",
		"year":"2007-2012",
		"title":"Member",
		"place1":"CPC",
		"place2":"Central Committee"
	},
	{
		"name":"Abdul Abdulrixit",
		"year":"2003-2008",
		"title":"Deputy Secretary",
		"place1":"CPC",
		"place2":"Autonomous Regional Committee",
		"place3":"Xinjiang Uygur Autonomous Region"
	},
	{
		"name":"Abdul Abdulrixit",
		"year":"2003-2008",
		"title":"Member",
		"place1":"CPPCC",
		"place2":"National Committee",
		"place3":"CPC",
		"place4":"Leading Party Group"
	},
	{
		"name":"Abdul Abdulrixit",
		"year":"2003-2003",
		"title":"Secretary",
		"place1":"Autonomous Regional People's Congress",
		"place2":"CPC",
		"place3":"Leading Party Group",
		"place4":"Xinjiang Uygur Autonomous Region"
	},
	{
		"name":"Abdul Abdulrixit",
		"year":"2003-",
		"title":"Chairman",
		"place1":"Autonomous Regional People's Congress",
		"place2":"Xinjiang Uygur Autonomous Region"
	},
	{
		"name":"Abdul Abdulrixit",
		"year":"2003-2008",
		"title":"Vice-Chairman",
		"place1":"CPPCC",
		"place2":"National Committee"
	},
	{
		"name":"Abdul Abdulrixit",
		"year":"2002-2007",
		"title":"Member",
		"place1":"CPC",
		"place2":"Central Committee"
	},
	{
		"name":"Abdul Abdulrixit",
		"year":"1997-2002",
		"title":"Member",
		"place1":"CPC",
		"place2":"Central Committee"
	},
	{
		"name":"Abdul Abdulrixit",
		"year":"1994-2003",
		"title":"Chairman",
		"place1":"Autonomous Regional People's Congress",
		"place2":"Xinjiang Uygur Autonomous Region"
	},
	{
		"name":"Abdul Abdulrixit",
		"year":"1994-2003",
		"title":"Deputy Secretary",
		"place1":"CPC",
		"place2":"Autonomous Regional Committee",
		"place3":"Xinjiang Uygur Autonomous Region"
	},
	{
		"name":"Abdul Abdulrixit",
		"year":"1994-2003",
		"title":"Chairman",
		"place1":"Autonomous Region People's Government",
		"place2":"Xinjiang Uygur Autonomous Region"
	},
	{
		"name":"Abdul Abdulrixit",
		"year":"1993-1994",
		"title":"Deputy Secretary",
		"place1":"CPC",
		"place2":"Autonomous Regional Committee",
		"place3":"Xinjiang Uygur Autonomous Region"
	},
	{
		"name":"Abdul Abdulrixit",
		"year":"1993-1994",
		"title":"Acting Chairman",
		"place1":"Autonomous Region People's Government",
		"place2":"Xinjiang Uygur Autonomous Region"
	},
	{
		"name":"Abdul Abdulrixit",
		"year":"1991-1993",
		"title":"Vice-Chairman",
		"place1":"Autonomous Region People's Government",
		"place2":"Xinjiang Uygur Autonomous Region"
	},
	{
		"name":"Abdul Abdulrixit",
		"year":"1983-1991",
		"title":"Member",
		"place1":"Planning Committee",
		"place2":"CPC",
		"place3":"Leading Party Group",
		"place4":"Xinjiang Uygur Autonomous Region"
	},
	{
		"name":"Abdul Abdulrixit",
		"year":"1983-1991",
		"title":"Secretary",
		"place1":"Planning Committee",
		"place2":"CPC",
		"place3":"Leading Party Group",
		"place4":"Xinjiang Uygur Autonomous Region"
	},
	{
		"name":"Abdul Abdulrixit",
		"year":"1983-1991",
		"title":"Deputy Director",
		"place1":"Planning Committee",
		"place2":"Xinjiang Uygur Autonomous Region"
	},
	{
		"name":"Abdul Abdulrixit",
		"year":"1980-1983",
		"title":"Deputy Director",
		"place1":"Architectural Prospecting and Design Institute",
		"place2":"Xinjiang Uygur Autonomous Region"
	},
	{
		"name":"Abdul Abdulrixit",
		"year":"1965-1980",
		"title":"Technician and Engineer",
		"place1":"Architectural Prospecting and Design Institute",
		"place2":"Xinjiang Uygur Autonomous Region"
	},
	{
		"name":"Abdul Abdulrixit",
		"year":"1960-1965",
		"title":"Student",
		"place1":"Xinjiang Engineering Institute",
		"place2":"Xinjiang Uygur Autonomous Region"
	},
	{
		"name":"Abdul Abdulrixit",
		"year":"1960",
		"title":"Joined",
		"place1":"CPC"
	},
	{
		"name":"Abdurehim Amet",
		"year":"2008-2013",
		"title":"Vice-Chairman",
		"place1":"Ethnic Affairs Committee of the NPC"
	},
	{
		"name":"Abdurehim Amet",
		"year":"2008-2013",
		"title":"Member",
		"place1":"Standing Committee of the NPC"
	},
	{
		"name":"Abdurehim Amet",
		"year":"2004-2008",
		"title":"Chairman",
		"place1":"Autonomous Regional People's Congress",
		"place2":"Standing Committee",
		"place3":"Xinjiang Uygur Autonomous Region"
	},
	{
		"name":"Abdurehim Amet",
		"year":"2001-2004",
		"title":"Vice-Chairman",
		"place1":"Autonomous Regional People's Congress",
		"place2":"Standing Committee",
		"place3":"Xinjiang Uygur Autonomous Region"
	},
	{
		"name":"Abdurehim Amet",
		"year":"1993-2001",
		"title":"Member",
		"place1":"CPC",
		"place2":"Autonomous Regional Committee",
		"place3":"Standing Committee",
		"place4":"Xinjiang Uygur Autonomous Region"
	},
	{
		"name":"Abdurehim Amet",
		"year":"1983-1993",
		"title":"Deputy Secretary",
		"place1":"CPC",
		"place2":"Autonomous Regional Committee",
		"place3":"Commission for Discipline Inspection",
		"place4":"Xinjiang Uygur Autonomous Region"
	},
	{
		"name":"Abdurehim Amet",
		"year":"1981-1983",
		"title":"Deputy Secretary",
		"place1":"CPC",
		"place2":"Autonomous Regional Committee",
		"place3":"Xinjiang Uygur Autonomous Region"
	},
	{
		"name":"Abdurehim Amet",
		"year":"1979-1981",
		"title":"Section Chief",
		"place1":"CPC",
		"place2":"Autonomous Regional Committee",
		"place3":"Organization Department",
		"place4":"Xinjiang Uygur Autonomous Region"
	},
	{
		"name":"Abdurehim Amet",
		"year":"1977-1979",
		"title":"Secretary",
		"place1":"CPC",
		"place2":"Autonomous County Committee",
		"place3":"Xinjiang Uygur Autonomous Region",
		"place4":"Nilka County"
	},
	{
		"name":"Abdurehim Amet",
		"year":"1975-1977",
		"title":"Director",
		"place1":"Cultural Revolution",
		"place2":"Revolutionary Committee",
		"place3":"Xinjiang Uygur Autonomous Region",
		"place4":"Yining County"
	},
	{
		"name":"Abdurehim Amet",
		"year":"1975-1977",
		"title":"Deputy Secretary",
		"place1":"CPC",
		"place2":"Autonomous County Committee",
		"place3":"Xinjiang Uygur Autonomous Region",
		"place4":"Yining County"
	},
	{
		"name":"Abdurehim Amet",
		"year":"1973-1975",
		"title":"Secretary",
		"place1":"Alstan Commune",
		"place2":"Xinjiang Uygur Autonomous Region",
		"place3":"Yining County"
	},
	{
		"name":"Abdurehim Amet",
		"year":"1971-1973",
		"title":"Deputy Director",
		"place1":"Tianshan Commune",
		"place2":"Cultural Revolution",
		"place3":"Revolutionary Committee",
		"place4":"Xinjiang Uygur Autonomous Region",
		"place5":"Yining County"
	},
	{
		"name":"Abdurehim Amet",
		"year":"1966-1971",
		"title":"Deputy Secretary",
		"place1":"Turpan Yuzi Commune",
		"place2":"CPC",
		"place3":"Party Committee",
		"place4":"Xinjiang Uygur Autonomous Region",
		"place5":"Yining County"
	},
	{
		"name":"Abdurehim Amet",
		"year":"1965",
		"title":"Joined",
		"place1":"CPC"
	},
	{
		"name":"Abdurehim Amet",
		"year":"1964-1965",
		"title":"Worker",
		"place1":"Turpan Yuzi Commune",
		"place2":"Xinjiang Uygur Autonomous Region",
		"place3":"Yining County"
	},
	{
		"name":"Abdurehim Amet",
		"year":"1959-1964",
		"title":"Student",
		"place1":"Xinjiang Industry Institute",
		"place2":"Mechanism Department",
		"place3":"Xinjiang Uygur Autonomous Region"
	},
	{
		"name":"Abudukader Naisierding",
		"year":"1998-2008",
		"title":"Vice-Chairman",
		"place1":"Autonomous Region People's Government",
		"place2":"Xinjiang Uygur Autonomous Region"
	},
	{
		"name":"Abudukader Naisierding",
		"year":"1993-1998",
		"title":"Special Commissioner",
		"place1":"Prefectural Administrative Office",
		"place2":"Xinjiang Uygur Autonomous Region",
		"place3":"Kashi Prefecture"
	},
	{
		"name":"Abudukader Naisierding",
		"year":"1985-1998",
		"title":"Member",
		"place1":"CPC",
		"place2":"Autonomous Prefectural Committee",
		"place3":"Xinjiang Uygur Autonomous Region",
		"place4":"Kashi Prefecture"
	},
	{
		"name":"Abudukader Naisierding",
		"year":"1985-1998",
		"title":"Deputy Secretary",
		"place1":"CPC",
		"place2":"Autonomous Prefectural Committee",
		"place3":"Xinjiang Uygur Autonomous Region",
		"place4":"Kashi Prefecture"
	},
	{
		"name":"Abudukader Naisierding",
		"year":"1973",
		"title":"Joined",
		"place1":"CPC"
	},
	{
		"name":"Abudukader Naisierding",
		"year":"1967-1985",
		"title":"Assistant Commissioner",
		"place1":"Education Bureau",
		"place2":"Xinjiang Uygur Autonomous Region",
		"place3":"Jianshi"
	},
	{
		"name":"Abudukader Naisierding",
		"year":"1967-1985",
		"title":"Bureau Chief",
		"place1":"Education Bureau",
		"place2":"Xinjiang Uygur Autonomous Region",
		"place3":"Jianshi"
	},
	{
		"name":"Abudukader Naisierding",
		"year":"1967-1985",
		"title":"Cadre",
		"place1":"Xinjiang Uygur Autonomous Region",
		"place2":"Kashi Prefecture"
	},
	{
		"name":"Abudureyimu Ajiyiming",
		"year":"2003-2008",
		"title":"Honorary Chairman",
		"place1":"Xinjiang Federation of Returned Overseas Chinese",
		"place2":"Xinjiang Uygur Autonomous Region"
	},
	{
		"name":"Abudureyimu Ajiyiming",
		"year":"2003-2008",
		"title":"Vice-Chairman",
		"place1":"CPC",
		"place2":"Autonomous Regional Committee",
		"place3":"Xinjiang Uygur Autonomous Region"
	},
	{
		"name":"Abudureyimu Ajiyiming",
		"year":"2003-2008",
		"title":"Vice-Chairman",
		"place1":"Autonomous Region People's Government",
		"place2":"Xinjiang Uygur Autonomous Region"
	},
	{
		"name":"Abudureyimu Ajiyiming",
		"year":"1998-2003",
		"title":"Vice-Chairman",
		"place1":"CPC",
		"place2":"Autonomous Regional Committee",
		"place3":"Xinjiang Uygur Autonomous Region"
	},
	{
		"name":"Abudureyimu Ajiyiming",
		"year":"1998-2003",
		"title":"Member",
		"place1":"CPPCC",
		"place2":"National Committee",
		"place3":"Standing Committee"
	},
	{
		"name":"Abudureyimu Ajiyiming",
		"year":"1997-2007",
		"title":"Chairman",
		"place1":"Xinjinang Federation of Industry and Commerce",
		"place2":"Executive Committee",
		"place3":"Xinjiang Uygur Autonomous Region"
	},
	{
		"name":"Abudureyimu Ajiyiming",
		"year":"1997-2007",
		"title":"Member",
		"place1":"All-China Federation of Industry and Commerce",
		"place2":"Executive Committee"
	},
	{
		"name":"Abudureyimu Ajiyiming",
		"year":"1993-1998",
		"title":"Deputy",
		"place1":"NPC"
	},
	{
		"name":"Abudureyimu Ajiyiming",
		"year":"1993-1998",
		"title":"Member",
		"place1":"CPC",
		"place2":"Autonomous Regional Committee",
		"place3":"Xinjiang Uygur Autonomous Region"
	},
	{
		"name":"Abudureyimu Ajiyiming",
		"year":"1988-1993",
		"title":"Member",
		"place1":"CPC",
		"place2":"Autonomous Regional Committee",
		"place3":"Xinjiang Uygur Autonomous Region"
	},
	{
		"name":"Abudureyimu Ajiyiming",
		"year":"1962-1988",
		"title":"Deputy Office Chief",
		"place1":"People's Bank of China",
		"place2":"Regional Branch",
		"place3":"Xinjiang Uygur Autonomous Region"
	},
	{
		"name":"Abudureyimu Ajiyiming",
		"year":"1962-1988",
		"title":"Vice-Chairman",
		"place1":"Urumqi Federation of Returned Overseas Chinese",
		"place2":"Executive Committee",
		"place3":"Xinjiang Uygur Autonomous Region",
		"place4":"Urumqi City"
	},
	{
		"name":"Abudureyimu Ajiyiming",
		"year":"1962-1988",
		"title":"Chief Accountant",
		"place1":"People's Bank of China",
		"place2":"Regional Branch",
		"place3":"Xinjiang Uygur Autonomous Region"
	},
	{
		"name":"Abudureyimu Ajiyiming",
		"year":"1962-1988",
		"title":"Deputy Chief Accountant",
		"place1":"People's Bank of China",
		"place2":"Regional Branch",
		"place3":"Xinjiang Uygur Autonomous Region"
	},
	{
		"name":"Abudureyimu Ajiyiming",
		"year":"1962-1988",
		"title":"Department Head",
		"place1":"People's Bank of China",
		"place2":"Regional Branch",
		"place3":"Xinjiang Uygur Autonomous Region"
	},
	{
		"name":"Abudureyimu Ajiyiming",
		"year":"",
		"title":"Cashier Assistant",
		"place1":"People's Bank of China",
		"place2":"Regional Branch",
		"place3":"Xinjiang Uygur Autonomous Region"
	},
	{
		"name":"Abudureyimu Ajiyiming",
		"year":"",
		"title":"Comprehensive Group Leader",
		"place1":"People's Bank of China",
		"place2":"Regional Branch",
		"place3":"Xinjiang Uygur Autonomous Region"
	},
	{
		"name":"Abudureyimu Ajiyiming",
		"year":"",
		"title":"Office Worker",
		"place1":"People's Bank of China",
		"place2":"Regional Branch",
		"place3":"Xinjiang Uygur Autonomous Region"
	},
	{
		"name":"Agya Losangtudain",
		"year":"1998-2000",
		"title":"Member",
		"place1":"CPPCC",
		"place2":"National Committee",
		"place3":"Standing Committee"
	},
	{
		"name":"Agya Losangtudain",
		"year":"1998-2000",
		"title":"Member",
		"place1":"CPPCC",
		"place2":"National Committee"
	},
	{
		"name":"Agya Losangtudain",
		"year":"1995-2000",
		"title":"Vice-Chairman",
		"place1":"All-China Youth Federation"
	},
	{
		"name":"Agya Losangtudain",
		"year":"1993-1998",
		"title":"Member",
		"place1":"CPPCC",
		"place2":"National Committee"
	},
	{
		"name":"Agya Losangtudain",
		"year":"1993-1998",
		"title":"Vice-Chairman",
		"place1":"CPPCC",
		"place2":"Provincial Committee",
		"place3":"Qinghai Province"
	},
	{
		"name":"Agya Losangtudain",
		"year":"1993-1998",
		"title":"Vice-Chairman",
		"place1":"Buddhist Association of China"
	},
	{
		"name":"Agya Losangtudain",
		"year":"1988-1993",
		"title":"Member",
		"place1":"CPPCC",
		"place2":"National Committee"
	},
	{
		"name":"Agya Losangtudain",
		"year":"",
		"title":"Deputy Secretary-General",
		"place1":"CPPCC",
		"place2":"Provincial Committee",
		"place3":"Qinghai Province"
	},
	{
		"name":"Agya Losangtudain",
		"year":"",
		"title":"Chairman",
		"place1":"Buddhist Association of China",
		"place2":"Council"
	},
	{
		"name":"Agya Losangtudain",
		"year":"",
		"title":"Member",
		"place1":"Buddhist Association of China",
		"place2":"Council"
	},
	{
		"name":"Agya Losangtudain",
		"year":"",
		"title":"Vice-Chairman",
		"place1":"Provincial Youth Federation",
		"place2":"Qinghai Province"
	},
	{
		"name":"Agya Losangtudain",
		"year":"",
		"title":"Member",
		"place1":"All-China Youth Federation"
	},
	{
		"name":"Agya Losangtudain",
		"year":"1981-1988",
		"title":"Vice-Chairman",
		"place1":"Provincial Buddhist Association",
		"place2":"Qinghai Province"
	},
	{
		"name":"Agya Losangtudain",
		"year":"1965-????",
		"title":"Student",
		"place1":"Zhaxi Lhunbo Lamasery",
		"place2":"Tibet Autonomous Region"
	},
	{
		"name":"Ai Baojun",
		"year":"2013-",
		"title":"Director",
		"place1":"Shanghai Free-trade Zone Management Committee",
		"place2":"Shanghai Municipality"
	},
	{
		"name":"Ai Baojun",
		"year":"2008-2013",
		"title":"Vice Mayor",
		"place1":"People's Government",
		"place2":"Shanghai Municipality"
	},
	{
		"name":"Ai Baojun",
		"year":"2003-2008",
		"title":"Deputy",
		"place1":"NPC"
	},
	{
		"name":"Ai Baojun",
		"year":"1998-2007",
		"title":"Chief Accountant",
		"place1":"Baoshan Iron and Steel Corporation"
	},
	{
		"name":"Ai Baojun",
		"year":"1998-2007",
		"title":"President",
		"place1":"Baoshan Iron and Steel Corporation"
	},
	{
		"name":"Ai Baojun",
		"year":"1998-2007",
		"title":"General Manager",
		"place1":"Baoshan Iron and Steel Corporation"
	},
	{
		"name":"Ai Baojun",
		"year":"1994-1998",
		"title":"Deputy Chief",
		"place1":"Baoshan Iron and Steel Corporation",
		"place2":"Programming Finance Department"
	},
	{
		"name":"Ai Baojun",
		"year":"1994-1998",
		"title":"Deputy Chief",
		"place1":"Baoshan Iron and Steel Corporation",
		"place2":"Finance Department"
	},
	{
		"name":"Ai Baojun",
		"year":"1994-2000",
		"title":"Deputy General Manager",
		"place1":"Baoshan Iron and Steel Corporation"
	},
	{
		"name":"Ai Baojun",
		"year":"1983-1994",
		"title":"Deputy General Accountant",
		"place1":"Northeastern University (NEU)"
	},
	{
		"name":"Ai Baojun",
		"year":"1983-1984",
		"title":"Teacher",
		"place1":"Northeastern University (NEU)",
		"place2":"Management Department"
	},
	{
		"name":"Ai Baojun",
		"year":"1983",
		"title":"Graduate",
		"place1":"Northeastern University (NEU)"
	},
	{
		"name":"Ai Guoxiang",
		"year":"2002-",
		"title":"Academician",
		"place1":"Third World Academy of Sciences"
	},
	{
		"name":"Ai Guoxiang",
		"year":"1997-2000",
		"title":"Chairman",
		"place1":"International Astronomical Union",
		"place2":"Executive Committee"
	},
	{
		"name":"Ai Guoxiang",
		"year":"1993-",
		"title":"Academician",
		"place1":"Chinese Academy of Sciences"
	},
	{
		"name":"Ai Guoxiang",
		"year":"1959-1963",
		"title":"Student",
		"place1":"Beijing University",
		"place2":"Physics Department",
		"place3":"Beijing Municipality"
	},
	{
		"name":"Ai Husheng",
		"year":"2012-2017",
		"title":"Alternate Member",
		"place1":"CPC",
		"place2":"Central Committee"
	},
	{
		"name":"Ai Husheng",
		"year":"2007-2012",
		"title":"Alternate Member",
		"place1":"CPC",
		"place2":"Central Committee"
	},
	{
		"name":"Ai Husheng",
		"year":"2007-",
		"title":"Lieutenant General",
		"place1":"PLA"
	},
	{
		"name":"Ai Husheng",
		"year":"2007-",
		"title":"Chief-of-Staff",
		"place1":"PLA",
		"place2":"Regions",
		"place3":"Chengdu Military Region",
		"place4":"Sichuan Province",
		"place5":"Chengdu City"
	},
	{
		"name":"Ai Husheng",
		"year":"2003-2008",
		"title":"Deputy",
		"place1":"NPC"
	},
	{
		"name":"Ai Husheng",
		"year":"2002-2007",
		"title":"Commander",
		"place1":"PLA",
		"place2":"Services and Arms",
		"place3":"39th Group Army"
	},
	{
		"name":"Ai Husheng",
		"year":"2002-2007",
		"title":"Major General",
		"place1":"PLA"
	},
	{
		"name":"Ai Pishan",
		"year":"2003-2006",
		"title":"Chairman",
		"place1":"CPPCC",
		"place2":"Provincial Committee",
		"place3":"Shaanxi Province"
	},
	{
		"name":"Ai Pishan",
		"year":"2002-2007",
		"title":"Delegate",
		"place1":"CPC",
		"place2":"National Congress"
	},
	{
		"name":"Ai Pishan",
		"year":"2002-2003",
		"title":"Vice-Chairman",
		"place1":"CPPCC",
		"place2":"Provincial Committee",
		"place3":"Shaanxi Province"
	},
	{
		"name":"Ai Pishan",
		"year":"1998-2003",
		"title":"Deputy",
		"place1":"NPC"
	},
	{
		"name":"Ai Pishan",
		"year":"1998-2003",
		"title":"Delegate",
		"place1":"Provincial People's Congress",
		"place2":"Shaanxi Province"
	},
	{
		"name":"Ai Pishan",
		"year":"1997-2002",
		"title":"Deputy Secretary",
		"place1":"CPC",
		"place2":"Provincial Committee",
		"place3":"Shaanxi Province"
	},
	{
		"name":"Ai Pishan",
		"year":"1997-2002",
		"title":"Director",
		"place1":"Provincial Law-and-Order Comprehensive Administration Committee",
		"place2":"Shaanxi Province"
	},
	{
		"name":"Ai Pishan",
		"year":"1997-2002",
		"title":"Director",
		"place1":"Provincial Health Care Committee",
		"place2":"Shaanxi Province"
	},
	{
		"name":"Ai Pishan",
		"year":"1993-1997",
		"title":"Member",
		"place1":"CPC",
		"place2":"Provincial Committee",
		"place3":"Standing Committee",
		"place4":"Shaanxi Province"
	},
	{
		"name":"Ai Pishan",
		"year":"1985-1993",
		"title":"Secretary",
		"place1":"Public Security Department",
		"place2":"General Office",
		"place3":"CPC",
		"place4":"Leading Party Group",
		"place5":"Shaanxi Province"
	},
	{
		"name":"Ai Pishan",
		"year":"1985-1997",
		"title":"Director",
		"place1":"Public Security Department",
		"place2":"General Office",
		"place3":"Shaanxi Province"
	},
	{
		"name":"Ai Pishan",
		"year":"1985-1993",
		"title":"Deputy Secretary",
		"place1":"Public Security Department",
		"place2":"General Office",
		"place3":"CPC",
		"place4":"Leading Party Group",
		"place5":"Shaanxi Province"
	},
	{
		"name":"Ai Pishan",
		"year":"1985-1993",
		"title":"Deputy Director",
		"place1":"Public Security Department",
		"place2":"General Office",
		"place3":"Shaanxi Province"
	},
	{
		"name":"Ai Pishan",
		"year":"",
		"title":"Cadre",
		"place1":"Cultural Revolution",
		"place2":"Revolutionary Committee",
		"place3":"Political and Workers Group",
		"place4":"Shaanxi Province",
		"place5":"Yan'an City"
	},
	{
		"name":"Ai Pishan",
		"year":"",
		"title":"Cadre",
		"place1":"Public Security Department",
		"place2":"Political and Legislative Group",
		"place3":"Shaanxi Province",
		"place4":"Yan'an City"
	},
	{
		"name":"Ai Pishan",
		"year":"",
		"title":"Deputy Section Chief",
		"place1":"Public Security Department",
		"place2":"Shaanxi Province",
		"place3":"Yan'an City"
	},
	{
		"name":"Ai Pishan",
		"year":"",
		"title":"Deputy Director",
		"place1":"Public Security Department",
		"place2":"Political and Legislative Group",
		"place3":"Shaanxi Province",
		"place4":"Yan'an City"
	},
	{
		"name":"Ai Pishan",
		"year":"",
		"title":"Member",
		"place1":"CPC",
		"place2":"County Committee",
		"place3":"Shaanxi Province",
		"place4":"Yan'an City"
	},
	{
		"name":"Ai Pishan",
		"year":"",
		"title":"Secretary",
		"place1":"CPC",
		"place2":"Provincial Committee",
		"place3":"Political and Legislative Affairs Committee",
		"place4":"Shaanxi Province"
	},
	{
		"name":"Ai Pishan",
		"year":"",
		"title":"Alternate Member",
		"place1":"CPC",
		"place2":"Provincial Committee",
		"place3":"Shaanxi Province"
	},
	{
		"name":"Ai Pishan",
		"year":"",
		"title":"Deputy Secretary",
		"place1":"CPC",
		"place2":"County Committee",
		"place3":"Shaanxi Province",
		"place4":"Yan'an City"
	},
	{
		"name":"Ai Pishan",
		"year":"1968",
		"title":"Graduate",
		"place1":"Northwest Institute of Politics and  Law"
	},
	{
		"name":"Ai Pishan",
		"year":"1964",
		"title":"Joined",
		"place1":"CPC"
	},
	{
		"name":"Ai Zhisheng",
		"year":"1992-1997",
		"title":"Member",
		"place1":"CPC",
		"place2":"Central Committee"
	},
	{
		"name":"Ai Zhisheng",
		"year":"1987-1992",
		"title":"Member",
		"place1":"CPC",
		"place2":"Central Committee"
	},
	{
		"name":"Ai Zhisheng",
		"year":"1985-1994",
		"title":"Director",
		"place1":"State Administration of Radio",
		"place2":" Film and Television"
	},
	{
		"name":"Ai Zhisheng",
		"year":"1983-1985",
		"title":"Secretary-General",
		"place1":"State Council"
	},
	{
		"name":"Ai Zhisheng",
		"year":"1982-1987",
		"title":"Alternate Member",
		"place1":"CPC",
		"place2":"Central Committee"
	},
	{
		"name":"Ai Zhisheng",
		"year":"1979-1983",
		"title":"Deputy Secretary",
		"place1":"Tsinghua University",
		"place2":"CPC",
		"place3":"Party Committee",
		"place4":"Beijing Municipality"
	},
	{
		"name":"Ai Zhisheng",
		"year":"1979-1983",
		"title":"Vice-President",
		"place1":"Tsinghua University",
		"place2":"Beijing Municipality"
	},
	{
		"name":"Ai Zhisheng",
		"year":"1973-1977",
		"title":"Worker",
		"place1":"Cultural Revolution",
		"place2":"Sent to do manual labor"
	},
	{
		"name":"Ai Zhisheng",
		"year":"1966-1971",
		"title":"Worker",
		"place1":"Cultural Revolution",
		"place2":"Sent to do manual labor"
	},
	{
		"name":"Ai Zhisheng",
		"year":"1960-1966",
		"title":"Deputy Secretary",
		"place1":"Tsinghua University",
		"place2":"CPC",
		"place3":"Party Committee",
		"place4":"Beijing Municipality"
	},
	{
		"name":"Ai Zhisheng",
		"year":"1950-1960",
		"title":"Deputy Secretary",
		"place1":"Tsinghua University",
		"place2":"CPC",
		"place3":"Party Branch",
		"place4":"Beijing Municipality"
	},
	{
		"name":"Alice Cheung Wing-chun",
		"year":"2003-",
		"title":"Person-in-Charge",
		"place1":"Chinese General Chamber of Commerce",
		"place2":"Training Programs for Senior Chinese Officials",
		"place3":"Hong Kong SAR"
	},
	{
		"name":"Alice Cheung Wing-chun",
		"year":"1998-2003",
		"title":"Member",
		"place1":"CPPCC",
		"place2":"National Committee",
		"place3":"Standing Committee"
	},
	{
		"name":"Alice Cheung Wing-chun",
		"year":"1996-2002",
		"title":"Member",
		"place1":"1st Hong Kong SAR Government",
		"place2":"Selection Committee"
	},
	{
		"name":"Alice Cheung Wing-chun",
		"year":"1995-1997",
		"title":"Member",
		"place1":"Hong Kong SAR Preparatory Committee"
	},
	{
		"name":"Alice Cheung Wing-chun",
		"year":"1993-1998",
		"title":"Member",
		"place1":"CPPCC",
		"place2":"National Committee",
		"place3":"Standing Committee"
	},
	{
		"name":"Alice Cheung Wing-chun",
		"year":"1992-1997",
		"title":"Member",
		"place1":"All-China Federation of Industry and Commerce",
		"place2":"Standing Committee"
	},
	{
		"name":"Alice Cheung Wing-chun",
		"year":"1992-1997",
		"title":"Member",
		"place1":"All-China Federation of Industry and Commerce",
		"place2":"Executive Committee"
	},
	{
		"name":"Alice Cheung Wing-chun",
		"year":"1988-1993",
		"title":"Member",
		"place1":"CPPCC",
		"place2":"National Committee"
	},
	{
		"name":"Alice Cheung Wing-chun",
		"year":"",
		"title":"General Manager",
		"place1":"Yung Shing Enterprise Co.",
		"place2":"Hong Kong SAR"
	},
	{
		"name":"Alice Cheung Wing-chun",
		"year":"",
		"title":"Vice-Chairman",
		"place1":"Chinese General Chamber of Commerce"
	},
	{
		"name":"Alice Cheung Wing-chun",
		"year":"",
		"title":"Vice-President",
		"place1":"Jinli Supermarket Co.",
		"place2":" Ltd",
		"place3":"Hong Kong SAR"
	},
	{
		"name":"Alice Cheung Wing-chun",
		"year":"",
		"title":"Chairman",
		"place1":"Hong Kong Management Association",
		"place2":"Business Enterprise Management Center",
		"place3":"Hong Kong SAR"
	},
	{
		"name":"Alice Cheung Wing-chun",
		"year":"",
		"title":"Managing Director",
		"place1":"Taching Petroleum Co.",
		"place2":" Ltd",
		"place3":"Hong Kong SAR"
	},
	{
		"name":"Aman Haji",
		"year":"2003-2004",
		"title":"Vice-Chairman",
		"place1":"Autonomous Region People's Government",
		"place2":"Xinjiang Uygur Autonomous Region"
	},
	{
		"name":"Aman Haji",
		"year":"1999-2003",
		"title":"Deputy Secretary",
		"place1":"Autonomous Region People's Government",
		"place2":"High-Grade Highway Administration",
		"place3":"CPC",
		"place4":"Leading Party Group",
		"place5":"Xinjiang Uygur Autonomous Region"
	},
	{
		"name":"Aman Haji",
		"year":"1995-1996",
		"title":"Director",
		"place1":"Autonomous Region People's Government",
		"place2":"High-Grade Highway Administration",
		"place3":"Xinjiang Uygur Autonomous Region"
	},
	{
		"name":"Aman Haji",
		"year":"1992-1995",
		"title":"Director",
		"place1":"Autonomous Region People's Government",
		"place2":"Communications Department",
		"place3":"Planning Division",
		"place4":"Xinjiang Uygur Autonomous Region"
	},
	{
		"name":"Aman Haji",
		"year":"1984-1992",
		"title":"Deputy Director",
		"place1":"Autonomous Region People's Government",
		"place2":"Communications Department",
		"place3":"Planning Division",
		"place4":"Xinjiang Uygur Autonomous Region"
	},
	{
		"name":"Aman Haji",
		"year":"1983",
		"title":"Joined",
		"place1":"CPC"
	},
	{
		"name":"Aman Haji",
		"year":"1976-1979",
		"title":"Cadre",
		"place1":"Autonomous Region People's Government",
		"place2":"Communications Department",
		"place3":"Publicity Section",
		"place4":"Xinjiang Uygur Autonomous Region"
	},
	{
		"name":"Aman Haji",
		"year":"1976",
		"title":"Graduate",
		"place1":"Xi'an Jiaotong University",
		"place2":"Shaanxi Province",
		"place3":"Xi'an City"
	},
	{
		"name":"Aman Haji",
		"year":"1962-1971",
		"title":"Worker",
		"place1":"Wulasitai Farm",
		"place2":"Xinjiang Uygur Autonomous Region",
		"place3":"Bayinguoleng Mongol Prefecture"
	},
	{
		"name":"Amudun Niyaz",
		"year":"",
		"title":"Member",
		"place1":"CPC",
		"place2":"Central Committee",
		"place3":"Central Commission for Discipline Inspection"
	},
	{
		"name":"Amudun Niyaz",
		"year":"1997-2002",
		"title":"Delegate",
		"place1":"CPC",
		"place2":"National Congress"
	},
	{
		"name":"Amudun Niyaz",
		"year":"1993-1998",
		"title":"Deputy",
		"place1":"NPC"
	},
	{
		"name":"Amudun Niyaz",
		"year":"1987-1992",
		"title":"Delegate",
		"place1":"CPC",
		"place2":"National Congress"
	},
	{
		"name":"Amudun Niyaz",
		"year":"1985-????",
		"title":"Secretary",
		"place1":"CPC",
		"place2":"Autonomous Regional Committee",
		"place3":"Politics and Law Committee",
		"place4":"Xinjiang Uygur Autonomous Region"
	},
	{
		"name":"Amudun Niyaz",
		"year":"1985-????",
		"title":"Deputy Secretary",
		"place1":"CPC",
		"place2":"Autonomous Regional Committee",
		"place3":"Xinjiang Uygur Autonomous Region"
	},
	{
		"name":"Amudun Niyaz",
		"year":"1983-",
		"title":"Chairman",
		"place1":"Autonomous Regional People's Congress",
		"place2":"Standing Committee",
		"place3":"Xinjiang Uygur Autonomous Region"
	},
	{
		"name":"Amudun Niyaz",
		"year":"1979-1983",
		"title":"Vice-Chairman",
		"place1":"Autonomous Region People's Government",
		"place2":"Xinjiang Uygur Autonomous Region"
	},
	{
		"name":"Amudun Niyaz",
		"year":"1978-1983",
		"title":"Vice-Chairman",
		"place1":"Ethnic Affairs Committee of the NPC"
	},
	{
		"name":"Amudun Niyaz",
		"year":"1975-1978",
		"title":"Deputy",
		"place1":"NPC"
	},
	{
		"name":"Amudun Niyaz",
		"year":"1973-1978",
		"title":"Secretary",
		"place1":"CPC",
		"place2":"Autonomous City Committee",
		"place3":"Xinjiang Uygur Autonomous Region",
		"place4":"Urumqi City"
	},
	{
		"name":"Amudun Niyaz",
		"year":"1973-1978",
		"title":"Deputy Secretary",
		"place1":"CPC",
		"place2":"Autonomous City Committee",
		"place3":"Xinjiang Uygur Autonomous Region",
		"place4":"Urumqi City"
	},
	{
		"name":"Amudun Niyaz",
		"year":"1966-1967",
		"title":"Mayor",
		"place1":"People's Government",
		"place2":"Xinjiang Uygur Autonomous Region",
		"place3":"Urumqi City"
	},
	{
		"name":"Amudun Niyaz",
		"year":"1962-1966",
		"title":"Deputy Director",
		"place1":"Commerce Department",
		"place2":"Xinjiang Uygur Autonomous Region"
	},
	{
		"name":"Amudun Niyaz",
		"year":"1962-1966",
		"title":"Deputy Director",
		"place1":"Supply and Marketing Cooperatives",
		"place2":"Xinjiang Uygur Autonomous Region"
	},
	{
		"name":"Amudun Niyaz",
		"year":"1960-1962",
		"title":"Member",
		"place1":"CPC",
		"place2":"Autonomous County Committee",
		"place3":"Secretariat",
		"place4":"Xinjiang Uygur Autonomous Region",
		"place5":"Luntai"
	},
	{
		"name":"Amudun Niyaz",
		"year":"1955-1960",
		"title":"Secretary",
		"place1":"CYLC",
		"place2":"Autonomous Prefecture-Level",
		"place3":"Xinjiang Uygur Autonomous Region",
		"place4":"Korla"
	},
	{
		"name":"Amudun Niyaz",
		"year":"1953",
		"title":"Joined",
		"place1":"CPC"
	},
	{
		"name":"An Jian",
		"year":"2010-2013",
		"title":"Deputy Director",
		"place1":"Legislative Affairs Office of the State Council"
	},
	{
		"name":"An Jian",
		"year":"2010-2013",
		"title":"Member",
		"place1":"Legislative Affairs Office of the State Council",
		"place2":"CPC",
		"place3":"Leading Party Group"
	},
	{
		"name":"An Jian",
		"year":"2010-",
		"title":"Vice-Chairman",
		"place1":"China Law Society"
	},
	{
		"name":"An Jian",
		"year":"2008-2010",
		"title":"Vice-Chairman",
		"place1":"Legislative Affairs Committee of the NPC"
	},
	{
		"name":"An Jian",
		"year":"2008-2010",
		"title":"Director",
		"place1":"Legislative Affairs Committee of the NPC",
		"place2":"Economic Law Office"
	},
	{
		"name":"An Limin",
		"year":"2012-2017",
		"title":"Member",
		"place1":"CPC",
		"place2":"Central Committee",
		"place3":"Central Commission for Discipline Inspection"
	},
	{
		"name":"An Min",
		"year":"2003-2005",
		"title":"Member",
		"place1":"Ministry of Commerce",
		"place2":"CPC",
		"place3":"Leading Party Group"
	},
	{
		"name":"An Min",
		"year":"2003-2005",
		"title":"Vice-Minister",
		"place1":"Ministry of Commerce"
	},
	{
		"name":"An Min",
		"year":"2001-2003",
		"title":"Vice-Minister",
		"place1":"Ministry of Foreign Trade and Economic Cooperation"
	},
	{
		"name":"An Min",
		"year":"1996-2001",
		"title":"Member",
		"place1":"Ministry of Foreign Trade and Economic Cooperation",
		"place2":"CPC",
		"place3":"Leading Party Group"
	},
	{
		"name":"An Min",
		"year":"1996-2001",
		"title":"Assistant Minister",
		"place1":"Ministry of Foreign Trade and Economic Cooperation"
	},
	{
		"name":"An Min",
		"year":"1993-1996",
		"title":"Director",
		"place1":"Ministry of Foreign Trade and Economic Cooperation",
		"place2":"Taiwan",
		"place3":" Hong Kong and Macao Affairs Department"
	},
	{
		"name":"An Min",
		"year":"1992-1993",
		"title":"Director",
		"place1":"Ministry of Foreign Economic Relations and Trade",
		"place2":"Taiwan",
		"place3":" Hong Kong and Macao Affairs Department"
	},
	{
		"name":"An Min",
		"year":"1990-1992",
		"title":"Director",
		"place1":"Ministry of Foreign Economic Relations and Trade",
		"place2":"Economic and Trade Relations with Taiwan Department"
	},
	{
		"name":"An Min",
		"year":"1988-1990",
		"title":"Deputy Director",
		"place1":"Ministry of Foreign Economic Relations and Trade",
		"place2":"Economic and Trade Relations with Taiwan Department"
	},
	{
		"name":"An Min",
		"year":"1986-1988",
		"title":"Deputy Director",
		"place1":"Ministry of Foreign Economic Relations and Trade",
		"place2":"Office of Trade with Taiwan"
	},
	{
		"name":"An Min",
		"year":"1982-1986",
		"title":"Division Chief",
		"place1":"Ministry of Foreign Economic Relations and Trade",
		"place2":"Import and Export Department"
	},
	{
		"name":"An Min",
		"year":"1982-1986",
		"title":"Deputy Division Chief",
		"place1":"Ministry of Foreign Economic Relations and Trade",
		"place2":"Import and Export Department"
	},
	{
		"name":"An Min",
		"year":"1982-1986",
		"title":"Staff Member",
		"place1":"Ministry of Foreign Economic Relations and Trade",
		"place2":"Import and Export Department"
	},
	{
		"name":"An Min",
		"year":"1979-1982",
		"title":"Staff Member",
		"place1":"Ministry of Foreign Trade and Economic Cooperation",
		"place2":"Fourth Bureau"
	},
	{
		"name":"An Min",
		"year":"1979",
		"title":"Joined",
		"place1":"CPC"
	},
	{
		"name":"An Min",
		"year":"1975-1979",
		"title":"Controller",
		"place1":"Huainan Chemical Fertilizer Plant",
		"place2":"Production Section",
		"place3":"Anhui Province",
		"place4":"Huainan City"
	},
	{
		"name":"An Min",
		"year":"1975-1979",
		"title":"Technician",
		"place1":"Huainan Chemical Fertilizer Plant",
		"place2":"Anhui Province",
		"place3":"Huainan City"
	},
	{
		"name":"An Min",
		"year":"1970-1975",
		"title":"Teacher",
		"place1":"Hebei Province",
		"place2":"Chicheng County"
	},
	{
		"name":"An Min",
		"year":"1970",
		"title":"Graduate",
		"place1":"University of International Relations",
		"place2":"English Department",
		"place3":"Beijing Municipality"
	},
	{
		"name":"An Pingsheng",
		"year":"1982-1987",
		"title":"Member",
		"place1":"CPC",
		"place2":"Central Committee"
	},
	{
		"name":"An Pingsheng",
		"year":"1977-1982",
		"title":"Member",
		"place1":"CPC",
		"place2":"Central Committee"
	},
	{
		"name":"An Pingsheng",
		"year":"1973-1977",
		"title":"Member",
		"place1":"CPC",
		"place2":"Central Committee"
	},
	{
		"name":"An Qiyuan",
		"year":"1998-2003",
		"title":"Member",
		"place1":"CPPCC",
		"place2":"National Committee"
	},
	{
		"name":"An Qiyuan",
		"year":"1998-",
		"title":"Chairman",
		"place1":"CPPCC",
		"place2":"Provincial Committee",
		"place3":"Shaanxi Province"
	},
	{
		"name":"An Qiyuan",
		"year":"1997-2002",
		"title":"Delegate",
		"place1":"CPC",
		"place2":"National Congress"
	},
	{
		"name":"An Qiyuan",
		"year":"1994-1997",
		"title":"Secretary",
		"place1":"CPC",
		"place2":"Provincial Committee",
		"place3":"Shaanxi Province"
	},
	{
		"name":"An Qiyuan",
		"year":"1993-1997",
		"title":"Delegate",
		"place1":"CPC",
		"place2":"National Congress"
	},
	{
		"name":"An Qiyuan",
		"year":"1992-1995",
		"title":"Member",
		"place1":"CPC",
		"place2":"Central Committee",
		"place3":"Central Commission for Discipline Inspection",
		"place4":"Standing Committee"
	},
	{
		"name":"An Qiyuan",
		"year":"",
		"title":"Secretary",
		"place1":"CPC",
		"place2":"Provincial Committee",
		"place3":"Policy and Law Committee",
		"place4":"Shaanxi Province"
	},
	{
		"name":"An Qiyuan",
		"year":"",
		"title":"Deputy Secretary",
		"place1":"CPC",
		"place2":"Provincial Committee",
		"place3":"Policy and Law Committee",
		"place4":"Shaanxi Province"
	},
	{
		"name":"An Qiyuan",
		"year":"",
		"title":"Secretary",
		"place1":"CPC",
		"place2":"Municipal Committee",
		"place3":"Shaanxi Province",
		"place4":"Xi'an City"
	},
	{
		"name":"An Qiyuan",
		"year":"1988-????",
		"title":"Member",
		"place1":"CPC",
		"place2":"Provincial Committee",
		"place3":"Standing Committee",
		"place4":"Shaanxi Province"
	},
	{
		"name":"An Qiyuan",
		"year":"",
		"title":"Director",
		"place1":"China Seismological Bureau"
	},
	{
		"name":"An Qiyuan",
		"year":"",
		"title":"Deputy Director",
		"place1":"China Seismological Bureau"
	},
	{
		"name":"An Qiyuan",
		"year":"",
		"title":"Director",
		"place1":"Ministry of Petroleum Industry",
		"place2":"Petroleum Geophysical Prospecting Bureau"
	},
	{
		"name":"An Qiyuan",
		"year":"",
		"title":"Chief",
		"place1":"Daqing Oil Mine",
		"place2":"1st Oil Extracting Headquarters",
		"place3":"Underground Operation Section",
		"place4":"Heilongjiang Province",
		"place5":"Daqing City"
	},
	{
		"name":"An Qiyuan",
		"year":"",
		"title":"Director",
		"place1":"Daqing Oil Mine",
		"place2":"Heilongjiang Province",
		"place3":"Daqing City"
	},
	{
		"name":"An Qiyuan",
		"year":"",
		"title":"Leader",
		"place1":"Petroleum Exploration Bureau",
		"place2":"Heilongjiang Province",
		"place3":"Songliao"
	},
	{
		"name":"An Qiyuan",
		"year":"1956",
		"title":"Graduate",
		"place1":"Northwest University",
		"place2":"Geology Department",
		"place3":"Shaanxi Province"
	},
	{
		"name":"An Qiyuan",
		"year":"1953",
		"title":"Joined",
		"place1":"CPC"
	},
	{
		"name":"An Zhendong",
		"year":"2003-2008",
		"title":"Vice-Chairman",
		"place1":"Provincial People's Congress",
		"place2":"Standing Committee",
		"place3":"Heilongjiang Province"
	},
	{
		"name":"An Zhendong",
		"year":"1998-2003",
		"title":"Member",
		"place1":"CPPCC",
		"place2":"National Committee",
		"place3":"Standing Committee"
	},
	{
		"name":"An Zhendong",
		"year":"1997-",
		"title":"Vice-Chairman",
		"place1":"Jiusan Society",
		"place2":"Central Committee"
	},
	{
		"name":"An Zhendong",
		"year":"1993-1998",
		"title":"Member",
		"place1":"NPC"
	},
	{
		"name":"An Zhendong",
		"year":"1988-1993",
		"title":"Member",
		"place1":"NPC"
	},
	{
		"name":"An Zhendong",
		"year":"1983-1988",
		"title":"Member",
		"place1":"NPC"
	},
	{
		"name":"An Zhendong",
		"year":"1983-????",
		"title":"Vice-Governor",
		"place1":"People's Government",
		"place2":"Heilongjiang Province"
	},
	{
		"name":"An Zhendong",
		"year":"1981",
		"title":"Joined",
		"place1":"Jiusan Society"
	},
	{
		"name":"An Zhendong",
		"year":"",
		"title":"Chief Engineer",
		"place1":"No. 2 Light Industry Bureau",
		"place2":"Heilongjiang Province",
		"place3":"Harbin City"
	},
	{
		"name":"An Zhendong",
		"year":"",
		"title":"Deputy Director",
		"place1":"Rectification Equipment Factory",
		"place2":"Heilongjiang Province",
		"place3":"Harbin City"
	},
	{
		"name":"An Zhendong",
		"year":"",
		"title":"Engineer",
		"place1":"Railway Administration",
		"place2":"Electric Power Division",
		"place3":"Heilongjiang Province",
		"place4":"Qiqihar City"
	},
	{
		"name":"An Zhendong",
		"year":"1951",
		"title":"Graduate",
		"place1":"Hebei Engineering College",
		"place2":"Electrical Communications Department",
		"place3":"Hebei Province"
	},
	{
		"name":"An Zhisheng",
		"year":"2008-",
		"title":"President",
		"place1":"INQUA Commission on Loess"
	},
	{
		"name":"An Zhisheng",
		"year":"1999-2002",
		"title":"Director",
		"place1":"Chinese Academy of Sciences"
	},
	{
		"name":"An Zhisheng",
		"year":"1995-2000",
		"title":"Director",
		"place1":"State Key Laboratory of Loess and Quaternary Geology"
	},
	{
		"name":"An Zhisheng",
		"year":"1991-",
		"title":"Member",
		"place1":"Chinese Academy of Sciences"
	},
	{
		"name":"An Zhisheng",
		"year":"1966",
		"title":"Graduate",
		"place1":"Chinese Academy of Sciences",
		"place2":"Geological Research Institute"
	},
	{
		"name":"An Zhisheng",
		"year":"1962",
		"title":"Graduate",
		"place1":"Nanjing University",
		"place2":"Jiangsu Province",
		"place3":"Nanjing City"
	},
	{
		"name":"An Zhiwen",
		"year":"1982-1987",
		"title":"Alternate Member",
		"place1":"CPC",
		"place2":"Central Committee"
	},
	{
		"name":"An Zijie",
		"year":"1993-1998",
		"title":"Vice-Chairman",
		"place1":"CPPCC",
		"place2":"National Committee"
	},
	{
		"name":"An Ziwen",
		"year":"1956-1969",
		"title":"Member",
		"place1":"CPC",
		"place2":"Central Committee"
	},
	{
		"name":"Anwar Amut",
		"year":"2000-",
		"title":"President",
		"place1":"Xinjiang University",
		"place2":"Xinjiang Uygur Autonomous Region",
		"place3":"Urumqi City"
	},
	{
		"name":"Anwar Amut",
		"year":"1999-2000",
		"title":"Deputy Director",
		"place1":"Seismic Bureau",
		"place2":"Xinjiang Uygur Autonomous Region"
	},
	{
		"name":"Anwar Amut",
		"year":"1999-2000",
		"title":"President",
		"place1":"Xinjiang Engineering Institute",
		"place2":"Xinjiang Uygur Autonomous Region"
	},
	{
		"name":"Anwar Amut",
		"year":"1977",
		"title":"Graduate",
		"place1":"Beijing University",
		"place2":"Geophysics Department",
		"place3":"Beijing Municipality"
	},
	{
		"name":"Arken Imirbaki",
		"year":"2013-",
		"title":"Vice-Chairman",
		"place1":"Standing Committee of the NPC"
	},
	{
		"name":"Arken Imirbaki",
		"year":"2001-",
		"title":"Member",
		"place1":"CPC",
		"place2":"Autonomous Regional Committee",
		"place3":"Xinjiang Uygur Autonomous Region"
	},
	{
		"name":"Arken Imirbaki",
		"year":"2001-",
		"title":"Vice-Chairman",
		"place1":"Autonomous Region People's Government",
		"place2":"Xinjiang Uygur Autonomous Region"
	},
	{
		"name":"Arken Imirbaki",
		"year":"1999-2001",
		"title":"Secretary-General",
		"place1":"Autonomous Region People's Government",
		"place2":"Xinjiang Uygur Autonomous Region"
	},
	{
		"name":"Arken Imirbaki",
		"year":"1997-1999",
		"title":"Deputy Secretary",
		"place1":"Electronics Industry Department",
		"place2":"CPC",
		"place3":"Party Committee",
		"place4":"Xinjiang Uygur Autonomous Region"
	},
	{
		"name":"Arken Imirbaki",
		"year":"1997-1999",
		"title":"Director General",
		"place1":"Electronics Industry Department",
		"place2":"Xinjiang Uygur Autonomous Region"
	},
	{
		"name":"Arken Imirbaki",
		"year":"1994-1997",
		"title":"Deputy Director-General",
		"place1":"Economic and Trade Committee",
		"place2":"Xinjiang Uygur Autonomous Region"
	},
	{
		"name":"Arken Imirbaki",
		"year":"1992-1994",
		"title":"Assistant to Mayor",
		"place1":"People's Government",
		"place2":"Xinjiang Uygur Autonomous Region",
		"place3":"Urumqi City"
	},
	{
		"name":"Arken Imirbaki",
		"year":"1980-",
		"title":"Joined",
		"place1":"CPC"
	},
	{
		"name":"Aronhan'aji ",
		"year":"2003-2005",
		"title":"Vice-President",
		"place1":"Autonomous Region People's Government",
		"place2":"Xinjiang Uygur Autonomous Region"
	},
	{
		"name":"Aronhan'aji ",
		"year":"",
		"title":"President",
		"place1":"Xinjiang Uygur Islamic Association"
	},
	{
		"name":"Aronhan'aji ",
		"year":"",
		"title":"Vice-President",
		"place1":"CPPCC",
		"place2":"Autonomous Regional Committee",
		"place3":"Xinjiang Uygur Autonomous Region",
		"place4":"Keshen"
	},
	{
		"name":"Aronhan'aji ",
		"year":"",
		"title":"Vice-Chairman",
		"place1":"China Islamic Association"
	},
	{
		"name":"Ashanbaike Turdi",
		"year":"2001-",
		"title":"Deputy Director",
		"place1":"Autonomous Regional People's Congress",
		"place2":"Standing Committee",
		"place3":"Xinjiang Uygur Autonomous Region"
	},
	{
		"name":"Ashanbaike Turdi",
		"year":"1998-2001",
		"title":"Director",
		"place1":"Autonomous District People's Congress",
		"place2":"Standing Committee",
		"place3":"Xinjiang Uygur Autonomous Region",
		"place4":"Kezilesu District"
	},
	{
		"name":"Ashanbaike Turdi",
		"year":"1993-1998",
		"title":"Deputy Secretary",
		"place1":"CPC",
		"place2":"Autonomous District Committee",
		"place3":"Xinjiang Uygur Autonomous Region",
		"place4":"Kezilesu District"
	},
	{
		"name":"Ashanbaike Turdi",
		"year":"1992-1993",
		"title":"Subcomissioner",
		"place1":"Xinjiang Uygur Autonomous Region",
		"place2":"Kezilesu District"
	},
	{
		"name":"Ashanbaike Turdi",
		"year":"1990-1992",
		"title":"Secretary",
		"place1":"CPC",
		"place2":"Autonomous District Committee",
		"place3":"Commission for Discipline Inspection",
		"place4":"Xinjiang Uygur Autonomous Region",
		"place5":"Kezilesu District"
	},
	{
		"name":"Ashanbaike Turdi",
		"year":"1990-1992",
		"title":"Member",
		"place1":"CPC",
		"place2":"Autonomous District Committee",
		"place3":"Standing Committee",
		"place4":"Xinjiang Uygur Autonomous Region",
		"place5":"Kezilesu District"
	},
	{
		"name":"Ashanbaike Turdi",
		"year":"1987-1990",
		"title":"Magistrate",
		"place1":"County (District) People's Court",
		"place2":"Xinjiang Uygur Autonomous Region",
		"place3":"Wuqia County"
	},
	{
		"name":"Ashanbaike Turdi",
		"year":"1974",
		"title":"Joined",
		"place1":"CPC"
	},
	{
		"name":"Ashanbaike Turdi",
		"year":"1971-1987",
		"title":"Director",
		"place1":"Education Bureau",
		"place2":"Xinjiang Uygur Autonomous Region",
		"place3":"Wuqia County"
	},
	{
		"name":"Ashanbaike Turdi",
		"year":"1964-1971",
		"title":"Culture and Education Secretary",
		"place1":"People's Government",
		"place2":"Xinjiang Uygur Autonomous Region",
		"place3":"Kezilesu District"
	},
	{
		"name":"Ashanbaike Turdi",
		"year":"1962-1964",
		"title":"Student",
		"place1":"Kezilesu Normal School",
		"place2":"Xinjiang Uygur Autonomous Region",
		"place3":"Kezilesu District"
	},
	{
		"name":"Ashat Kerimbay",
		"year":"2007-2012",
		"title":"Member",
		"place1":"CPC",
		"place2":"Central Committee"
	},
	{
		"name":"Ashat Kerimbay",
		"year":"2003-2008",
		"title":"Member",
		"place1":"CPPCC",
		"place2":"National Committee"
	},
	{
		"name":"Ashat Kerimbay",
		"year":"2003-",
		"title":"Chairman",
		"place1":"CPPCC",
		"place2":"Autonomous Regional Committee",
		"place3":"Xinjiang Uygur Autonomous Region"
	},
	{
		"name":"Ashat Kerimbay",
		"year":"2002-2007",
		"title":"Alternate Member",
		"place1":"CPC",
		"place2":"Central Committee"
	},
	{
		"name":"Ashat Kerimbay",
		"year":"2001-2006",
		"title":"Member",
		"place1":"CPC",
		"place2":"Autonomous Regional Committee",
		"place3":"Standing Committee",
		"place4":"Xinjiang Uygur Autonomous Region"
	},
	{
		"name":"Ashat Kerimbay",
		"year":"1997-2002",
		"title":"Alternate Member",
		"place1":"CPC",
		"place2":"Central Committee"
	},
	{
		"name":"Ashat Kerimbay",
		"year":"1996-2006",
		"title":"Deputy Secretary",
		"place1":"CPC",
		"place2":"Autonomous Regional Committee",
		"place3":"Xinjiang Uygur Autonomous Region"
	},
	{
		"name":"Ashat Kerimbay",
		"year":"1993-1998",
		"title":"Deputy",
		"place1":"NPC"
	},
	{
		"name":"Ashat Kerimbay",
		"year":"1993-1996",
		"title":"Vice-Chairman",
		"place1":"Autonomous Region People's Government",
		"place2":"Xinjiang Uygur Autonomous Region"
	},
	{
		"name":"Ashat Kerimbay",
		"year":"1988-1993",
		"title":"Governor",
		"place1":"People's Government",
		"place2":"Xinjiang Uygur Autonomous Region",
		"place3":"Ili Kazak Prefecture"
	},
	{
		"name":"Ashat Kerimbay",
		"year":"1988-1993",
		"title":"Magistrate",
		"place1":"Intermediate People's Court",
		"place2":"Xinjiang Uygur Autonomous Region",
		"place3":"Ili Kazak Prefecture"
	},
	{
		"name":"Ashat Kerimbay",
		"year":"1988-1993",
		"title":"Deputy",
		"place1":"NPC"
	},
	{
		"name":"Ashat Kerimbay",
		"year":"1988-1993",
		"title":"Deputy Secretary",
		"place1":"CPC",
		"place2":"Autonomous Prefectural Committee",
		"place3":"Xinjiang Uygur Autonomous Region",
		"place4":"Ili Kazak Prefecture"
	},
	{
		"name":"Ashat Kerimbay",
		"year":"1987-1988",
		"title":"Secretary",
		"place1":"Ili Teachers' College",
		"place2":"CPC",
		"place3":"Party Committee",
		"place4":"Xinjiang Uygur Autonomous Region",
		"place5":"Yili"
	},
	{
		"name":"Ashat Kerimbay",
		"year":"1984-1987",
		"title":"Deputy Commissioner",
		"place1":"Prefectural Administrative Office",
		"place2":"Xinjiang Uygur Autonomous Region",
		"place3":"Yili"
	},
	{
		"name":"Ashat Kerimbay",
		"year":"1976-1983",
		"title":"Deputy Head",
		"place1":"CPC",
		"place2":"Autonomous Prefectural Committee",
		"place3":"Organization Department",
		"place4":"Xinjiang Uygur Autonomous Region",
		"place5":"Yili"
	},
	{
		"name":"Ashat Kerimbay",
		"year":"1975",
		"title":"Joined",
		"place1":"CPC"
	},
	{
		"name":"Ashat Kerimbay",
		"year":"1972-1976",
		"title":"Magistrate",
		"place1":"County (District) People's Court",
		"place2":"Xinjiang Uygur Autonomous Region",
		"place3":"Yining County"
	},
	{
		"name":"Ashat Kerimbay",
		"year":"1970-1972",
		"title":"Soldier",
		"place1":"PLA"
	},
	{
		"name":"Ashat Kerimbay",
		"year":"1970",
		"title":"Graduate",
		"place1":"Xinjiang University",
		"place2":"Chinese Language and Literature Department",
		"place3":"Xinjiang Uygur Autonomous Region"
	}
]