[
	{
		"name":"Ba Sang",
		"year":"1993-1994",
		"title":"Deputy Secretary",
		"place1":"CPC",
		"place2":"Autonomous Regional Committee",
		"place3":"Tibet Autonomous Region"
	},
	{
		"name":"Ba Sang",
		"year":"1993-1994",
		"title":"Secretary",
		"place1":"CPC",
		"place2":"Autonomous Regional Committee",
		"place3":"Commission for Discipline Inspection",
		"place4":"Tibet Autonomous Region"
	},
	{
		"name":"Ba Sang",
		"year":"1992-1997",
		"title":"Member",
		"place1":"CPC",
		"place2":"Central Committee",
		"place3":"Central Commission for Discipline Inspection"
	},
	{
		"name":"Ba Sang",
		"year":"1987-1992",
		"title":"Member",
		"place1":"CPC",
		"place2":"Central Committee",
		"place3":"Central Commission for Discipline Inspection"
	},
	{
		"name":"Ba Sang",
		"year":"1982-1987",
		"title":"Member",
		"place1":"CPC",
		"place2":"Central Committee"
	},
	{
		"name":"Ba Sang",
		"year":"1977-1982",
		"title":"Member",
		"place1":"CPC",
		"place2":"Central Committee"
	},
	{
		"name":"Ba Sang",
		"year":"1973-1977",
		"title":"Member",
		"place1":"CPC",
		"place2":"Central Committee"
	},
	{
		"name":"Bai Aying",
		"year":"2011-",
		"title":"Deputy Director",
		"place1":"Provincial People's Congress",
		"place2":"Standing Committee",
		"place3":"Shaanxi Province"
	},
	{
		"name":"Bai Aying",
		"year":"2008-2013",
		"title":"Deputy",
		"place1":"NPC"
	},
	{
		"name":"Bai Aying",
		"year":"2008-",
		"title":"Secretary",
		"place1":"State-Owed Property Supervision Committee",
		"place2":"CPC",
		"place3":"Party Committee",
		"place4":"Shaanxi Province"
	},
	{
		"name":"Bai Aying",
		"year":"2006-2008",
		"title":"Deputy Secretary",
		"place1":"State-Owed Property Supervision Committee",
		"place2":"CPC",
		"place3":"Party Committee",
		"place4":"Shaanxi Province"
	},
	{
		"name":"Bai Aying",
		"year":"2006-",
		"title":"Director",
		"place1":"State-Owed Property Supervision Committee",
		"place2":"Shaanxi Province"
	},
	{
		"name":"Bai Aying",
		"year":"2003-2006",
		"title":"Deputy Director",
		"place1":"CPC",
		"place2":"Provincial Committee",
		"place3":"Publicity Department",
		"place4":"Shaanxi Province"
	},
	{
		"name":"Bai Aying",
		"year":"2003-2006",
		"title":"Director",
		"place1":"Provincial Guidance Committee on Ethical and Cultural Construction",
		"place2":"Shaanxi Province"
	},
	{
		"name":"Bai Aying",
		"year":"1996-2003",
		"title":"Deputy Director",
		"place1":"Committee of Science",
		"place2":" Technology and Industry for National Defense",
		"place3":"Shaanxi Province"
	},
	{
		"name":"Bai Chunli",
		"year":"2012-2017",
		"title":"Member",
		"place1":"CPC",
		"place2":"Central Committee"
	},
	{
		"name":"Bai Chunli",
		"year":"2011-",
		"title":"President",
		"place1":"Chinese Academy of Sciences"
	},
	{
		"name":"Bai Chunli",
		"year":"2007-2012",
		"title":"Alternate Member",
		"place1":"CPC",
		"place2":"Central Committee"
	},
	{
		"name":"Bai Chunli",
		"year":"2002-2007",
		"title":"Alternate Member",
		"place1":"CPC",
		"place2":"Central Committee"
	},
	{
		"name":"Bai Chunli",
		"year":"1999-",
		"title":"Member",
		"place1":"State Academic Degrees Committee"
	},
	{
		"name":"Bai Chunli",
		"year":"1998-",
		"title":"Director",
		"place1":"China Chemistry Association"
	},
	{
		"name":"Bai Chunli",
		"year":"1997-2002",
		"title":"Alternate Member",
		"place1":"CPC",
		"place2":"Central Committee"
	},
	{
		"name":"Bai Chunli",
		"year":"1996-2011",
		"title":"Vice-President",
		"place1":"Chinese Academy of Sciences"
	},
	{
		"name":"Bai Chunli",
		"year":"1995-2000",
		"title":"Vice-Chairman",
		"place1":"All-China Youth Federation"
	},
	{
		"name":"Bai Chunli",
		"year":"1993-1998",
		"title":"Member",
		"place1":"CPPCC",
		"place2":"National Committee"
	},
	{
		"name":"Bai Chunli",
		"year":"1992-1997",
		"title":"Vice-Dean",
		"place1":"Chinese Academy of Sciences",
		"place2":"Chemistry Research Institute"
	},
	{
		"name":"Bai Chunli",
		"year":"1987-1992",
		"title":"Researcher",
		"place1":"Chinese Academy of Sciences",
		"place2":"Chemistry Research Institute"
	},
	{
		"name":"Bai Chunli",
		"year":"1985-1987",
		"title":"Post-Doctoral Researcher",
		"place1":"California Institute of Technology",
		"place2":"Jet Propulsion Laboratory",
		"place3":"USA",
		"place4":"California",
		"place5":"Pasadena"
	},
	{
		"name":"Bai Chunli",
		"year":"1981-1985",
		"title":"Graduate Student",
		"place1":"Chinese Academy of Sciences",
		"place2":"Chemistry Research Institute"
	},
	{
		"name":"Bai Chunli",
		"year":"1978-1981",
		"title":"Graduate Student",
		"place1":"Chinese Academy of Sciences",
		"place2":"Chemistry Research Institute"
	},
	{
		"name":"Bai Chunli",
		"year":"1978-1978",
		"title":"Internship",
		"place1":"Chinese Academy of Sciences",
		"place2":"Applied Chemistry Institute",
		"place3":"Jilin Province",
		"place4":"Changchun City"
	},
	{
		"name":"Bai Chunli",
		"year":"1974",
		"title":"Joined",
		"place1":"CPC"
	},
	{
		"name":"Bai Chunli",
		"year":"1974-1978",
		"title":"Student",
		"place1":"Beijing University",
		"place2":"Chemistry Department",
		"place3":"Beijing Municipality"
	},
	{
		"name":"Bai Chunli",
		"year":"1970-1974",
		"title":"Soldier",
		"place1":"Production and Construction Corps",
		"place2":"Inner Mongolia Autonomous Region"
	},
	{
		"name":"Bai Dahua",
		"year":"1998-2003",
		"title":"Member",
		"place1":"CPPCC",
		"place2":"National Committee",
		"place3":"Standing Committee"
	},
	{
		"name":"Bai Dahua",
		"year":"1997-2002",
		"title":"Vice-Chairman",
		"place1":"China Democratic National Construction Association",
		"place2":"Central Committee"
	},
	{
		"name":"Bai Dahua",
		"year":"1993-1998",
		"title":"Member",
		"place1":"CPPCC",
		"place2":"National Committee"
	},
	{
		"name":"Bai Dahua",
		"year":"1991-2001",
		"title":"Vice-Chairman",
		"place1":"Jilin Federation of Industry and Commerce",
		"place2":"Jilin Province"
	},
	{
		"name":"Bai Dahua",
		"year":"1991-1998",
		"title":"Director",
		"place1":"State Administration of Industry and Commerce",
		"place2":"Trademark Bureau"
	},
	{
		"name":"Bai Dahua",
		"year":"1991-2001",
		"title":"Deputy Director",
		"place1":"State Administration of Industry and Commerce"
	},
	{
		"name":"Bai Dahua",
		"year":"",
		"title":"Vice-Chairman",
		"place1":"China Democratic National Construction Association",
		"place2":"City Committee",
		"place3":"Jilin Province",
		"place4":"Changchun City"
	},
	{
		"name":"Bai Dahua",
		"year":"1988-1993",
		"title":"Member",
		"place1":"CPPCC",
		"place2":"National Committee"
	},
	{
		"name":"Bai Dahua",
		"year":"1987",
		"title":"Joined",
		"place1":"China Democratic National Construction Association"
	},
	{
		"name":"Bai Dahua",
		"year":"",
		"title":"Deputy Director",
		"place1":"No. 2 Automobile Works",
		"place2":"Chassis Plant",
		"place3":"Jilin Province",
		"place4":"Changchun City"
	},
	{
		"name":"Bai Dahua",
		"year":"",
		"title":"Senior Engineer",
		"place1":"No. 2 Automobile Works",
		"place2":"Chassis Plant",
		"place3":"Jilin Province",
		"place4":"Changchun City"
	},
	{
		"name":"Bai Dahua",
		"year":"1978-1987",
		"title":"Engineer",
		"place1":"No. 2 Automobile Works",
		"place2":"Chassis Plant",
		"place3":"Jilin Province",
		"place4":"Changchun City"
	},
	{
		"name":"Bai Dahua",
		"year":"1978-1987",
		"title":"Technician",
		"place1":"No. 2 Automobile Works",
		"place2":"Chassis Plant",
		"place3":"Jilin Province",
		"place4":"Changchun City"
	},
	{
		"name":"Bai Dahua",
		"year":"1966",
		"title":"Graduate",
		"place1":"Tsinghua University",
		"place2":"Beijing Municipality"
	},
	{
		"name":"Bai Dongcai",
		"year":"1992-1997",
		"title":"Delegate",
		"place1":"CPC",
		"place2":"National Congress"
	},
	{
		"name":"Bai Dongcai",
		"year":"1987-1992",
		"title":"Delegate",
		"place1":"CPC",
		"place2":"National Congress"
	},
	{
		"name":"Bai Dongcai",
		"year":"1982-1987",
		"title":"Member",
		"place1":"CPC",
		"place2":"Central Committee"
	},
	{
		"name":"Bai Dongcai",
		"year":"1982-1987",
		"title":"Delegate",
		"place1":"CPC",
		"place2":"National Congress"
	},
	{
		"name":"Bai Dongcai",
		"year":"1979-1982",
		"title":"Governor",
		"place1":"People's Government",
		"place2":"Jiangxi Province"
	},
	{
		"name":"Bai Dongcai",
		"year":"1978-1983",
		"title":"Deputy",
		"place1":"NPC"
	},
	{
		"name":"Bai Dongcai",
		"year":"1977-1982",
		"title":"Delegate",
		"place1":"CPC",
		"place2":"National Congress"
	},
	{
		"name":"Bai Dongcai",
		"year":"1977-1982",
		"title":"Member",
		"place1":"CPC",
		"place2":"Central Committee"
	},
	{
		"name":"Bai Dongcai",
		"year":"1973-1977",
		"title":"Delegate",
		"place1":"CPC",
		"place2":"National Congress"
	},
	{
		"name":"Bai Dongcai",
		"year":"1973-1977",
		"title":"Alternate Member",
		"place1":"CPC",
		"place2":"Central Committee"
	},
	{
		"name":"Bai Dongcai",
		"year":"1972-1982",
		"title":"Secretary",
		"place1":"CPC",
		"place2":"Provincial Committee",
		"place3":"Jiangxi Province"
	},
	{
		"name":"Bai Dongcai",
		"year":"1965-1975",
		"title":"Deputy",
		"place1":"NPC"
	},
	{
		"name":"Bai Dongcai",
		"year":"1959-1965",
		"title":"Deputy",
		"place1":"NPC"
	},
	{
		"name":"Bai Enpei",
		"year":"2015",
		"title":"Expelled",
		"place1":"CPC"
	},
	{
		"name":"Bai Enpei",
		"year":"2007-2012",
		"title":"Member",
		"place1":"CPC",
		"place2":"Central Committee"
	},
	{
		"name":"Bai Enpei",
		"year":"2003-2011",
		"title":"Chairman",
		"place1":"Provincial People's Congress",
		"place2":"Standing Committee",
		"place3":"Yunnan Province"
	},
	{
		"name":"Bai Enpei",
		"year":"2002-2007",
		"title":"Member",
		"place1":"CPC",
		"place2":"Central Committee"
	},
	{
		"name":"Bai Enpei",
		"year":"2001-2011",
		"title":"Member",
		"place1":"CPC",
		"place2":"Provincial Committee",
		"place3":"Standing Committee",
		"place4":"Yunnan Province"
	},
	{
		"name":"Bai Enpei",
		"year":"2001-2011",
		"title":"Secretary",
		"place1":"CPC",
		"place2":"Provincial Committee",
		"place3":"Yunnan Province"
	},
	{
		"name":"Bai Enpei",
		"year":"2000-2001",
		"title":"Chairman",
		"place1":"Provincial People's Congress",
		"place2":"Standing Committee",
		"place3":"Qinghai Province"
	},
	{
		"name":"Bai Enpei",
		"year":"1999-2001",
		"title":"Secretary",
		"place1":"CPC",
		"place2":"Provincial Committee",
		"place3":"Qinghai Province"
	},
	{
		"name":"Bai Enpei",
		"year":"1998-1999",
		"title":"Governor",
		"place1":"People's Government",
		"place2":"Qinghai Province"
	},
	{
		"name":"Bai Enpei",
		"year":"1997-1999",
		"title":"Deputy Secretary",
		"place1":"CPC",
		"place2":"Provincial Committee",
		"place3":"Qinghai Province"
	},
	{
		"name":"Bai Enpei",
		"year":"1997-1998",
		"title":"Vice-Governor",
		"place1":"People's Government",
		"place2":"Qinghai Province"
	},
	{
		"name":"Bai Enpei",
		"year":"1997-2002",
		"title":"Member",
		"place1":"CPC",
		"place2":"Central Committee"
	},
	{
		"name":"Bai Enpei",
		"year":"1992-1997",
		"title":"Deputy Secretary",
		"place1":"CPC",
		"place2":"Autonomous Regional Committee",
		"place3":"Inner Mongolia Autonomous Region"
	},
	{
		"name":"Bai Enpei",
		"year":"1992-1997",
		"title":"Alternate Member",
		"place1":"CPC",
		"place2":"Central Committee"
	},
	{
		"name":"Bai Enpei",
		"year":"1990-1993",
		"title":"Member",
		"place1":"CPC",
		"place2":"Autonomous Regional Committee",
		"place3":"Standing Committee",
		"place4":"Inner Mongolia Autonomous Region"
	},
	{
		"name":"Bai Enpei",
		"year":"1990-1993",
		"title":"Head",
		"place1":"CPC",
		"place2":"Autonomous Regional Committee",
		"place3":"Organization Department",
		"place4":"Inner Mongolia Autonomous Region"
	},
	{
		"name":"Bai Enpei",
		"year":"1987-1992",
		"title":"Alternate Member",
		"place1":"CPC",
		"place2":"Central Committee"
	},
	{
		"name":"Bai Enpei",
		"year":"1983-1983",
		"title":"Deputy Secretary",
		"place1":"Yan'an Cigarette Factory",
		"place2":"CPC",
		"place3":"Party Committee",
		"place4":"Shaanxi Province",
		"place5":"Yan'an City"
	},
	{
		"name":"Bai Enpei",
		"year":"1983-1990",
		"title":"Deputy Secretary and Secretary",
		"place1":"CPC",
		"place2":"Prefectural Committee",
		"place3":"Shaanxi Province",
		"place4":"Yan'an City"
	},
	{
		"name":"Bai Enpei",
		"year":"1974-1983",
		"title":"Deputy Secretary",
		"place1":"Yan'an Diesel Engine Plant",
		"place2":"CPC",
		"place3":"Party Committee",
		"place4":"Shaanxi Province",
		"place5":"Yan'an City"
	},
	{
		"name":"Bai Enpei",
		"year":"1974-1983",
		"title":"Deputy Director and Director",
		"place1":"Yan'an Diesel Engine Plant",
		"place2":"Shaanxi Province",
		"place3":"Yan'an City"
	},
	{
		"name":"Bai Enpei",
		"year":"1973",
		"title":"Joined",
		"place1":"CPC"
	},
	{
		"name":"Bai Enpei",
		"year":"1972-1974",
		"title":"Technician",
		"place1":"Yan'an Diesel Engine Plant",
		"place2":"Shaanxi Province",
		"place3":"Yan'an City"
	},
	{
		"name":"Bai Enpei",
		"year":"1970-1972",
		"title":"Cultural Revolution",
		"place1":"Cultural Revolution",
		"place2":"Sent to do manual labor"
	},
	{
		"name":"Bai Enpei",
		"year":"1970",
		"title":"Graduate",
		"place1":"Northwest China Engineering University",
		"place2":"Shaanxi Province"
	},
	{
		"name":"Bai Jingfu",
		"year":"2008-2013",
		"title":"Member",
		"place1":"Standing Committee of the NPC"
	},
	{
		"name":"Bai Jingfu",
		"year":"2008-2013",
		"title":"Deputy Director",
		"place1":"Internal and Judicial Affairs Committee of the NPC"
	},
	{
		"name":"Bai Jingfu",
		"year":"2007-2012",
		"title":"Member",
		"place1":"CPC",
		"place2":"Central Committee"
	},
	{
		"name":"Bai Jingfu",
		"year":"2005-2008",
		"title":"Executive Vice-Minister",
		"place1":"Ministry of Public Security"
	},
	{
		"name":"Bai Jingfu",
		"year":"2002-2007",
		"title":"Alternate Member",
		"place1":"CPC",
		"place2":"Central Committee"
	},
	{
		"name":"Bai Jingfu",
		"year":"1993-2008",
		"title":"Deputy Secretary",
		"place1":"Ministry of Public Security",
		"place2":"CPC",
		"place3":"Party Committee"
	},
	{
		"name":"Bai Jingfu",
		"year":"1991-2005",
		"title":"Vice-Minister",
		"place1":"Ministry of Public Security"
	},
	{
		"name":"Bai Jingfu",
		"year":"1988-1991",
		"title":"Secretary-General",
		"place1":"CPC",
		"place2":"Provincial Committee",
		"place3":"Politics and Law Committee",
		"place4":"Heilongjiang Province"
	},
	{
		"name":"Bai Jingfu",
		"year":"1985-1988",
		"title":"Member",
		"place1":"CPC",
		"place2":"Provincial Committee",
		"place3":"Standing Committee",
		"place4":"Heilongjiang Province"
	},
	{
		"name":"Bai Jingfu",
		"year":"1985-1988",
		"title":"Secretary",
		"place1":"CPC",
		"place2":"Provincial Committee",
		"place3":"Politics and Law Committee",
		"place4":"Heilongjiang Province"
	},
	{
		"name":"Bai Jingfu",
		"year":"1985-1987",
		"title":"CPC",
		"place1":"CPC",
		"place2":"Provincial Committee",
		"place3":"Standing Committee",
		"place4":"Heilongjiang Province"
	},
	{
		"name":"Bai Jingfu",
		"year":"1983-1985",
		"title":"Vice-Mayor",
		"place1":"People's Government",
		"place2":"Heilongjiang Province",
		"place3":"Qitaihe City"
	},
	{
		"name":"Bai Jingfu",
		"year":"1983-1985",
		"title":"Deputy Secretary",
		"place1":"CPC",
		"place2":"City Committee",
		"place3":"Heilongjiang Province",
		"place4":"Qitaihe City"
	},
	{
		"name":"Bai Jingfu",
		"year":"1982-1983",
		"title":"Director",
		"place1":"Public Security Bureau",
		"place2":"Heilongjiang Province",
		"place3":"Qitaihe City"
	},
	{
		"name":"Bai Jingfu",
		"year":"1979-1982",
		"title":"Deputy Chief Procurator",
		"place1":"County (City) People's Procuratorate",
		"place2":"Heilongjiang Province",
		"place3":"Qitaihe City"
	},
	{
		"name":"Bai Jingfu",
		"year":"1979-1982",
		"title":"Director",
		"place1":"County (City) People's Procuratorate",
		"place2":"Lawsuit Department",
		"place3":"Heilongjiang Province",
		"place4":"Qitaihe City"
	},
	{
		"name":"Bai Jingfu",
		"year":"1973-1979",
		"title":"Deputy Director",
		"place1":"CPC",
		"place2":"City Committee",
		"place3":"General Office",
		"place4":"Heilongjiang Province",
		"place5":"Qitaihe City"
	},
	{
		"name":"Bai Jingfu",
		"year":"1973",
		"title":"Joined",
		"place1":"CPC"
	},
	{
		"name":"Bai Jingfu",
		"year":"1970-1973",
		"title":"Clerk",
		"place1":"Public Security Bureau",
		"place2":"Heilongjiang Province",
		"place3":"Qitaihe City"
	},
	{
		"name":"Bai Jingfu",
		"year":"1965-1970",
		"title":"Student",
		"place1":"Jilin University",
		"place2":"Law Department",
		"place3":"Jilin Province",
		"place4":"Changchun City"
	},
	{
		"name":"Bai Keming",
		"year":"2008-2013",
		"title":"Chairman",
		"place1":"Education",
		"place2":" Science",
		"place3":" Culture and Health Committee of the NPC"
	},
	{
		"name":"Bai Keming",
		"year":"2003-2007",
		"title":"Chairman",
		"place1":"Provincial People's Congress",
		"place2":"Standing Committee",
		"place3":"Hebei Province"
	},
	{
		"name":"Bai Keming",
		"year":"2002-2007",
		"title":"Member",
		"place1":"CPC",
		"place2":"Central Committee"
	},
	{
		"name":"Bai Keming",
		"year":"2002-2007",
		"title":"Secretary",
		"place1":"CPC",
		"place2":"Provincial Committee",
		"place3":"Hebei Province"
	},
	{
		"name":"Bai Keming",
		"year":"2001-2002",
		"title":"Secretary",
		"place1":"CPC",
		"place2":"Provincial Committee",
		"place3":"Hainan Province"
	},
	{
		"name":"Bai Keming",
		"year":"2001-2002",
		"title":"Member",
		"place1":"CPC",
		"place2":"Provincial Committee",
		"place3":"Standing Committee",
		"place4":"Hainan Province"
	},
	{
		"name":"Bai Keming",
		"year":"2000-2001",
		"title":"Chairman",
		"place1":"Provincial People's Congress",
		"place2":"Standing Committee",
		"place3":"Hainan Province"
	},
	{
		"name":"Bai Keming",
		"year":"2000-2001",
		"title":"President",
		"place1":"CPC",
		"place2":"Central Committee",
		"place3":"People's Daily"
	},
	{
		"name":"Bai Keming",
		"year":"2000-2001",
		"title":"Deputy Director",
		"place1":"CPC",
		"place2":"Central Committee",
		"place3":"General Office"
	},
	{
		"name":"Bai Keming",
		"year":"1997-2002",
		"title":"Delegate",
		"place1":"CPC",
		"place2":"National Congress"
	},
	{
		"name":"Bai Keming",
		"year":"1993-2000",
		"title":"Deputy Head",
		"place1":"CPC",
		"place2":"Central Committee",
		"place3":"Publicity Department"
	},
	{
		"name":"Bai Keming",
		"year":"1993-1993",
		"title":"Secretary-General",
		"place1":"CPC",
		"place2":"Central Committee",
		"place3":"Publicity Department"
	},
	{
		"name":"Bai Keming",
		"year":"1989-1993",
		"title":"Head",
		"place1":"Research Office of the State Council",
		"place2":"Education",
		"place3":" Science",
		"place4":" Culture and Public Health Department"
	},
	{
		"name":"Bai Keming",
		"year":"1989-1989",
		"title":"Secretary",
		"place1":"Research Office of the State Council",
		"place2":"Education",
		"place3":" Science",
		"place4":" Culture and Public Health Department",
		"place5":"CPC",
		"place6":"Party Committee"
	},
	{
		"name":"Bai Keming",
		"year":"1986-1989",
		"title":"Deputy Director",
		"place1":"Ministry of Education",
		"place2":"General Office"
	},
	{
		"name":"Bai Keming",
		"year":"",
		"title":"Member",
		"place1":"State Education Commission"
	},
	{
		"name":"Bai Keming",
		"year":"1978-1986",
		"title":"Vice-Division Chief",
		"place1":"Ministry of Education",
		"place2":"General Office"
	},
	{
		"name":"Bai Keming",
		"year":"1978-1986",
		"title":"Deputy Division Chief",
		"place1":"Ministry of Education",
		"place2":"General Office"
	},
	{
		"name":"Bai Keming",
		"year":"1975",
		"title":"Joined",
		"place1":"CPC"
	},
	{
		"name":"Bai Keming",
		"year":"1973-1978",
		"title":"Worker",
		"place1":"National Defense Industry Committee",
		"place2":"Shaanxi Province"
	},
	{
		"name":"Bai Keming",
		"year":"1970-1973",
		"title":"Teacher",
		"place1":"Harbin Shipbuilding Institute",
		"place2":"Heilongjiang Province",
		"place3":"Harbin City"
	},
	{
		"name":"Bai Keming",
		"year":"1968-1970",
		"title":"Worker",
		"place1":"Metallurgy and Geology Bureau",
		"place2":"Heilongjiang Province",
		"place3":"Harbin City"
	},
	{
		"name":"Bai Keming",
		"year":"1962-1968",
		"title":"Student",
		"place1":"Military Engineering Institute of the Chinese PLA",
		"place2":"Department of Missile Engineering",
		"place3":"Heilongjiang Province",
		"place4":"Harbin City"
	},
	{
		"name":"Bai Lichen",
		"year":"2008-2013",
		"title":"Vice-Chairman",
		"place1":"CPPCC",
		"place2":"National Committee"
	},
	{
		"name":"Bai Lichen",
		"year":"2007-2012",
		"title":"Member",
		"place1":"CPC",
		"place2":"Central Committee"
	},
	{
		"name":"Bai Lichen",
		"year":"2003-2008",
		"title":"Vice-Chairman",
		"place1":"CPPCC",
		"place2":"National Committee"
	},
	{
		"name":"Bai Lichen",
		"year":"2002-2007",
		"title":"Member",
		"place1":"CPC",
		"place2":"Central Committee"
	},
	{
		"name":"Bai Lichen",
		"year":"1999-",
		"title":"President",
		"place1":"All-China Federation of Supply and Marketing Cooperatives"
	},
	{
		"name":"Bai Lichen",
		"year":"1998-2003",
		"title":"Director",
		"place1":"All-China Federation of Supply and Marketing Cooperatives"
	},
	{
		"name":"Bai Lichen",
		"year":"1998-2003",
		"title":"Vice-Chairman",
		"place1":"CPPCC",
		"place2":"National Committee"
	},
	{
		"name":"Bai Lichen",
		"year":"1997-2000",
		"title":"Secretary",
		"place1":"All-China Federation of Supply and Marketing Cooperatives",
		"place2":"CPC",
		"place3":"Leading Party Group"
	},
	{
		"name":"Bai Lichen",
		"year":"1997-2002",
		"title":"Member",
		"place1":"CPC",
		"place2":"Central Committee"
	},
	{
		"name":"Bai Lichen",
		"year":"1992-1997",
		"title":"Member",
		"place1":"CPC",
		"place2":"Central Committee"
	},
	{
		"name":"Bai Lichen",
		"year":"1987-1997",
		"title":"Deputy Secretary",
		"place1":"CPC",
		"place2":"Autonomous Regional Committee",
		"place3":"Ningxia Hui Autonomous Region"
	},
	{
		"name":"Bai Lichen",
		"year":"1987-1992",
		"title":"Member",
		"place1":"CPC",
		"place2":"Central Committee"
	},
	{
		"name":"Bai Lichen",
		"year":"1987-1997",
		"title":"Chairman",
		"place1":"Autonomous Regional People's Congress",
		"place2":"Ningxia Hui Autonomous Region"
	},
	{
		"name":"Bai Lichen",
		"year":"1986-1987",
		"title":"Acting Chairman",
		"place1":"Autonomous Regional People's Congress",
		"place2":"Ningxia Hui Autonomous Region"
	},
	{
		"name":"Bai Lichen",
		"year":"1985-1986",
		"title":"Vice-Governor",
		"place1":"People's Government",
		"place2":"Liaoning Province"
	},
	{
		"name":"Bai Lichen",
		"year":"1985-1986",
		"title":"Member",
		"place1":"CPC",
		"place2":"Provincial Committee",
		"place3":"Standing Committee",
		"place4":"Liaoning Province"
	},
	{
		"name":"Bai Lichen",
		"year":"1984-1985",
		"title":"Assistant to Governor",
		"place1":"People's Government",
		"place2":"Liaoning Province"
	},
	{
		"name":"Bai Lichen",
		"year":"1984-1985",
		"title":"Secretary",
		"place1":"CPC",
		"place2":"City Committee",
		"place3":"Liaoning Province",
		"place4":"Panjin City"
	},
	{
		"name":"Bai Lichen",
		"year":"1983-1984",
		"title":"Deputy Secretary",
		"place1":"CPC",
		"place2":"City Committee",
		"place3":"Liaoning Province",
		"place4":"Yingkou City"
	},
	{
		"name":"Bai Lichen",
		"year":"1983-1984",
		"title":"Mayor",
		"place1":"People's Government",
		"place2":"Liaoning Province",
		"place3":"Yingkou City"
	},
	{
		"name":"Bai Lichen",
		"year":"1972-1980",
		"title":"Deputy Section Chief",
		"place1":"Personnel Supervision Bureau",
		"place2":"Liaoning Province",
		"place3":"Yingkou City"
	},
	{
		"name":"Bai Lichen",
		"year":"1972-1980",
		"title":"Clerk",
		"place1":"CPC",
		"place2":"City Committee",
		"place3":"Organization Department",
		"place4":"Liaoning Province",
		"place5":"Yingkou City"
	},
	{
		"name":"Bai Lichen",
		"year":"1971",
		"title":"Joined",
		"place1":"CPC"
	},
	{
		"name":"Bai Lichen",
		"year":"1964-1968",
		"title":"Technician",
		"place1":"Yingkou Agricultural College",
		"place2":"Agricultural Machinery Institute",
		"place3":"Liaoning Province",
		"place4":"Yingkou City"
	},
	{
		"name":"Bai Lichen",
		"year":"1964",
		"title":"Graduate",
		"place1":"Shenyang Agricultural College",
		"place2":"Agricultural Engineering Department",
		"place3":"Liaoning Province"
	},
	{
		"name":"Bai Lutang",
		"year":"1998-2005",
		"title":"Chairman",
		"place1":"Hebei Federation of Trade Unions",
		"place2":"Hebei Province"
	},
	{
		"name":"Bai Lutang",
		"year":"1998-2005",
		"title":"Member",
		"place1":"Provincial People's Congress",
		"place2":"Standing Committee",
		"place3":"CPC",
		"place4":"Leading Party Group",
		"place5":"Hebei Province"
	},
	{
		"name":"Bai Lutang",
		"year":"1998-2005",
		"title":"Vice-Chairman",
		"place1":"Provincial People's Congress",
		"place2":"Standing Committee",
		"place3":"Hebei Province"
	},
	{
		"name":"Bai Lutang",
		"year":"1993-1998",
		"title":"Secretary",
		"place1":"Provincial Labor Department",
		"place2":"CPC",
		"place3":"Leading Party Group",
		"place4":"Hebei Province"
	},
	{
		"name":"Bai Lutang",
		"year":"1993-1998",
		"title":"Director",
		"place1":"Provincial Labor Department",
		"place2":"Hebei Province"
	},
	{
		"name":"Bai Lutang",
		"year":"1992-1993",
		"title":"Secretary",
		"place1":"CPC",
		"place2":"City Committee",
		"place3":"Hebei Province",
		"place4":"Handan City"
	},
	{
		"name":"Bai Lutang",
		"year":"1984-1992",
		"title":"Mayor",
		"place1":"People's Government",
		"place2":"Hebei Province",
		"place3":"Handan City"
	},
	{
		"name":"Bai Lutang",
		"year":"1984-1992",
		"title":"Deputy Secretary",
		"place1":"CPC",
		"place2":"City Committee",
		"place3":"Hebei Province",
		"place4":"Handan City"
	},
	{
		"name":"Bai Lutang",
		"year":"1983-1984",
		"title":"Deputy Commissioner",
		"place1":"Administrative Office",
		"place2":"Hebei Province",
		"place3":"Handan City"
	},
	{
		"name":"Bai Lutang",
		"year":"1983-1984",
		"title":"Member",
		"place1":"CPC",
		"place2":"City Committee",
		"place3":"Standing Committee",
		"place4":"Hebei Province",
		"place5":"Handan City"
	},
	{
		"name":"Bai Lutang",
		"year":"1982-1983",
		"title":"Member",
		"place1":"Bureau of Mines and Geology",
		"place2":"CPC",
		"place3":"Party Committee",
		"place4":"Standing Committee",
		"place5":"Hebei Province",
		"place6":"Handan City"
	},
	{
		"name":"Bai Lutang",
		"year":"1982-1983",
		"title":"Deputy Director",
		"place1":"Bureau of Mines and Geology",
		"place2":"Hebei Province",
		"place3":"Handan City"
	},
	{
		"name":"Bai Lutang",
		"year":"1975-1982",
		"title":"Deputy Section Chief",
		"place1":"Bureau of Mines and Geology",
		"place2":"Hebei Province",
		"place3":"Handan City"
	},
	{
		"name":"Bai Lutang",
		"year":"1968-1975",
		"title":"Principal",
		"place1":"Ministry of Coal Industry",
		"place2":"Fenxi Bureau of Mines",
		"place3":"Shanxi Province",
		"place4":"Fenxi County"
	},
	{
		"name":"Bai Lutang",
		"year":"1968-1975",
		"title":"Deputy Director",
		"place1":"Ministry of Coal Industry",
		"place2":"Fenxi Bureau of Mines",
		"place3":"Shanxi Province",
		"place4":"Fenxi County"
	},
	{
		"name":"Bai Lutang",
		"year":"1968-1975",
		"title":"Team Leader",
		"place1":"Ministry of Coal Industry",
		"place2":"Fenxi Bureau of Mines",
		"place3":"Shanxi Province",
		"place4":"Fenxi County"
	},
	{
		"name":"Bai Lutang",
		"year":"1968-1975",
		"title":"Political Director",
		"place1":"Ministry of Coal Industry",
		"place2":"Fenxi Bureau of Mines",
		"place3":"Shanxi Province",
		"place4":"Fenxi County"
	},
	{
		"name":"Bai Lutang",
		"year":"1963-1968",
		"title":"Student",
		"place1":"Xi'an Mining Institute",
		"place2":"Mining Department",
		"place3":"Shaanxi Province",
		"place4":"Xi'an City"
	},
	{
		"name":"Bai Lutang",
		"year":"1963",
		"title":"Joined",
		"place1":"CPC"
	},
	{
		"name":"Bai Qingcai",
		"year":"1998-2003",
		"title":"Deputy Director",
		"place1":"Environmental Protection and Resources Conservation Committee of the NPC"
	},
	{
		"name":"Bai Qingcai",
		"year":"1998-2003",
		"title":"Member",
		"place1":"Standing Committee of the NPC"
	},
	{
		"name":"Bai Qingcai",
		"year":"1997-2002",
		"title":"Delegate",
		"place1":"CPC",
		"place2":"National Congress"
	},
	{
		"name":"Bai Qingcai",
		"year":"1995-1997",
		"title":"Director",
		"place1":"All-China Federation of Supply and Marketing Cooperatives"
	},
	{
		"name":"Bai Qingcai",
		"year":"1993-1998",
		"title":"Member",
		"place1":"NPC"
	},
	{
		"name":"Bai Qingcai",
		"year":"1992-1997",
		"title":"Member",
		"place1":"CPC",
		"place2":"Central Committee"
	},
	{
		"name":"Bai Qingcai",
		"year":"1990-1994",
		"title":"Deputy Secretary",
		"place1":"CPC",
		"place2":"Provincial Committee",
		"place3":"Shanxi Province"
	},
	{
		"name":"Bai Qingcai",
		"year":"1990-1994",
		"title":"Governor",
		"place1":"People's Government",
		"place2":"Shanxi Province"
	},
	{
		"name":"Bai Qingcai",
		"year":"1988-1993",
		"title":"Member",
		"place1":"NPC"
	},
	{
		"name":"Bai Qingcai",
		"year":"1987-1992",
		"title":"Delegate",
		"place1":"CPC",
		"place2":"National Congress"
	},
	{
		"name":"Bai Qingcai",
		"year":"1985-1990",
		"title":"Member",
		"place1":"CPC",
		"place2":"Provincial Committee",
		"place3":"Standing Committee",
		"place4":"Shanxi Province"
	},
	{
		"name":"Bai Qingcai",
		"year":"1985-1990",
		"title":"Deputy Secretary",
		"place1":"CPC",
		"place2":"Provincial Committee",
		"place3":"Shanxi Province"
	},
	{
		"name":"Bai Qingcai",
		"year":"1985-1990",
		"title":"Executive Vice-Governor",
		"place1":"People's Government",
		"place2":"Shanxi Province"
	},
	{
		"name":"Bai Qingcai",
		"year":"1983-1985",
		"title":"Vice-Governor",
		"place1":"People's Government",
		"place2":"Shanxi Province"
	},
	{
		"name":"Bai Qingcai",
		"year":"1975-1981",
		"title":"Director",
		"place1":"Finance and Trade Office",
		"place2":"Shanxi Province"
	},
	{
		"name":"Bai Qingcai",
		"year":"1973-1975",
		"title":"Deputy Secretary",
		"place1":"CPC",
		"place2":"County Committee",
		"place3":"Shanxi Province",
		"place4":"Penglu County"
	},
	{
		"name":"Bai Qingcai",
		"year":"1970-1973",
		"title":"Secretary",
		"place1":"Provincial Planning Committee",
		"place2":"General Office",
		"place3":"CPC",
		"place4":"Party Committee",
		"place5":"Shanxi Province"
	},
	{
		"name":"Bai Qingcai",
		"year":"1966-1970",
		"title":"Worker",
		"place1":"Cultural Revolution",
		"place2":"Sent to do manual labor"
	},
	{
		"name":"Bai Qingcai",
		"year":"1955",
		"title":"Joined",
		"place1":"CPC"
	},
	{
		"name":"Bai Qingcai",
		"year":"1949-1959",
		"title":"Clerk",
		"place1":"People's Bank of China",
		"place2":"Provincial Branch",
		"place3":"Shanxi Province"
	},
	{
		"name":"Bai Rubing",
		"year":"1977-1982",
		"title":"Member",
		"place1":"CPC",
		"place2":"Central Committee"
	},
	{
		"name":"Bai Rubing",
		"year":"1973-1977",
		"title":"Member",
		"place1":"CPC",
		"place2":"Central Committee"
	},
	{
		"name":"Bai Runzhang",
		"year":"2003-",
		"title":"Vice-Chairman",
		"place1":"Provincial People's Congress",
		"place2":"Standing Committee",
		"place3":"Hebei Province"
	},
	{
		"name":"Bai Runzhang",
		"year":"1997-2002",
		"title":"Secretary",
		"place1":"CPC",
		"place2":"City Committee",
		"place3":"Hebei Province",
		"place4":"Tangshan City"
	},
	{
		"name":"Bai Runzhang",
		"year":"1993-1998",
		"title":"Deputy",
		"place1":"NPC"
	},
	{
		"name":"Bai Runzhang",
		"year":"1993-1997",
		"title":"Secretary",
		"place1":"CPC",
		"place2":"City Committee",
		"place3":"Hebei Province",
		"place4":"Hengshui City"
	},
	{
		"name":"Bai Runzhang",
		"year":"1993",
		"title":"Acting Secretary",
		"place1":"CPC",
		"place2":"City Committee",
		"place3":"Hebei Province",
		"place4":"Shijiazhuang City"
	},
	{
		"name":"Bai Runzhang",
		"year":"1991-1993",
		"title":"Commissioner",
		"place1":"Administrative Office",
		"place2":"Hebei Province",
		"place3":"Shijiazhuang City"
	},
	{
		"name":"Bai Runzhang",
		"year":"1989-1993",
		"title":"Deputy Secretary",
		"place1":"CPC",
		"place2":"City Committee",
		"place3":"Hebei Province",
		"place4":"Shijiazhuang City"
	},
	{
		"name":"Bai Runzhang",
		"year":"1986-1989",
		"title":"Secretary",
		"place1":"CPC",
		"place2":"City Committee",
		"place3":"Hebei Province",
		"place4":"Xinji City"
	},
	{
		"name":"Bai Runzhang",
		"year":"1985-1986",
		"title":"Secretary",
		"place1":"CPC",
		"place2":"Autonomous County Committee",
		"place3":"Guangxi Zhuang Autonomous Region",
		"place4":"Luzhai County"
	},
	{
		"name":"Bai Runzhang",
		"year":"1983-1985",
		"title":"Deputy Secretary",
		"place1":"CPC",
		"place2":"Autonomous County Committee",
		"place3":"Guangxi Zhuang Autonomous Region",
		"place4":"Luzhai County"
	},
	{
		"name":"Bai Runzhang",
		"year":"1982-1983",
		"title":"Deputy Secretary",
		"place1":"Hu Tuo He Chemical Fertilizer Factory",
		"place2":"CPC",
		"place3":"Party Committee",
		"place4":"Hebei Province",
		"place5":"Shijiazhuang City"
	},
	{
		"name":"Bai Runzhang",
		"year":"1982-1983",
		"title":"Director",
		"place1":"Hu Tuo He Chemical Fertilizer Factory",
		"place2":"Hebei Province",
		"place3":"Shijiazhuang City"
	},
	{
		"name":"Bai Runzhang",
		"year":"1981-1982",
		"title":"Deputy Section Chief",
		"place1":"Chemical Industry Bureau",
		"place2":"Hebei Province",
		"place3":"Shijiazhuang City"
	},
	{
		"name":"Bai Runzhang",
		"year":"1975",
		"title":"Joined",
		"place1":"CPC"
	},
	{
		"name":"Bai Runzhang",
		"year":"1971-1981",
		"title":"Secretary",
		"place1":"Xinjiang Production and Construction Corps",
		"place2":"Production Section",
		"place3":"CPC",
		"place4":"Party Branch",
		"place5":"Xinjiang Uygur Autonomous Region"
	},
	{
		"name":"Bai Runzhang",
		"year":"1971-1981",
		"title":"Technician",
		"place1":"Xinjiang Production and Construction Corps",
		"place2":"Production Section",
		"place3":"Xinjiang Uygur Autonomous Region"
	},
	{
		"name":"Bai Runzhang",
		"year":"1968-1971",
		"title":"Worker",
		"place1":"Hebei Province"
	},
	{
		"name":"Bai Runzhang",
		"year":"1963-1968",
		"title":"Student",
		"place1":"Tianjin Institute of Technology",
		"place2":"Chemical Engineering Department",
		"place3":"Tianjin Municipality"
	},
	{
		"name":"Bai Shaokang",
		"year":"2013-",
		"title":"Vice-Mayor",
		"place1":"People's Government",
		"place2":"Shanghai Municipality"
	},
	{
		"name":"Bai Xiangqun",
		"year":"2012-",
		"title":"Vice-Chairman",
		"place1":"Autonomous Region People's Government",
		"place2":"Inner Mongolia Autonomous Region"
	},
	{
		"name":"Bai Xiangqun",
		"year":"2011-2012",
		"title":"Secretary",
		"place1":"CPPCC",
		"place2":"Autonomous League Committee",
		"place3":"Inner Mongolia Autonomous Region",
		"place4":"Xilin Gol League"
	},
	{
		"name":"Bai Xiangqun",
		"year":"2008-2013",
		"title":"Deputy",
		"place1":"NPC"
	},
	{
		"name":"Bai Xiangqun",
		"year":"2008-2011",
		"title":"Secretary",
		"place1":"CPC",
		"place2":"Autonomous City Committee",
		"place3":"Inner Mongolia Autonomous Region",
		"place4":"Wuhai City"
	},
	{
		"name":"Bai Xiangqun",
		"year":"2003-2008",
		"title":"Member",
		"place1":"CPPCC",
		"place2":"National Committee"
	},
	{
		"name":"Bai Xiangqun",
		"year":"2003-2008",
		"title":"Mayor",
		"place1":"Autonomous Region People's Government",
		"place2":"Inner Mongolia Autonomous Region",
		"place3":"Wuhai City"
	},
	{
		"name":"Bai Xiangqun",
		"year":"2003-2008",
		"title":"Deputy Secretary",
		"place1":"CPC",
		"place2":"Autonomous City Committee",
		"place3":"Inner Mongolia Autonomous Region",
		"place4":"Wuhai City"
	},
	{
		"name":"Bai Xiangqun",
		"year":"2003-2008",
		"title":"Deputy Secretary",
		"place1":"Autonomous Region People's Government",
		"place2":"CPC",
		"place3":"Leading Party Group",
		"place4":"Inner Mongolia Autonomous Region",
		"place5":"Wuhai City"
	},
	{
		"name":"Bai Xiangqun",
		"year":"2003-2006",
		"title":"Student",
		"place1":"People's University of China",
		"place2":"Beijing Municipality"
	},
	{
		"name":"Bai Xiangqun",
		"year":"2000-2003",
		"title":"Secretary",
		"place1":"CYLC",
		"place2":"Autonomous Regional-Level",
		"place3":"Inner Mongolia Autonomous Region"
	},
	{
		"name":"Bai Xiangqun",
		"year":"2000-2003",
		"title":"Secretary",
		"place1":"CYLC",
		"place2":"Autonomous Regional-Level",
		"place3":"CPC",
		"place4":"Leading Party Group",
		"place5":"Inner Mongolia Autonomous Region"
	},
	{
		"name":"Bai Xiangqun",
		"year":"1996-2000",
		"title":"Member",
		"place1":"CYLC",
		"place2":"Autonomous Regional-Level",
		"place3":"CPC",
		"place4":"Leading Party Group",
		"place5":"Inner Mongolia Autonomous Region"
	},
	{
		"name":"Bai Xiangqun",
		"year":"1996-2000",
		"title":"Deputy Secretary",
		"place1":"CYLC",
		"place2":"Autonomous Regional-Level",
		"place3":"Inner Mongolia Autonomous Region"
	},
	{
		"name":"Bai Xiangqun",
		"year":"1994-1996",
		"title":"Secretary",
		"place1":"CYLC",
		"place2":"Autonomous City-Level",
		"place3":"Inner Mongolia Autonomous Region",
		"place4":"Chifeng City"
	},
	{
		"name":"Bai Xiangqun",
		"year":"1993-1994",
		"title":"Deputy Secretary",
		"place1":"CYLC",
		"place2":"Autonomous City-Level",
		"place3":"Inner Mongolia Autonomous Region",
		"place4":"Chifeng City"
	},
	{
		"name":"Bai Xiangqun",
		"year":"1992-1993",
		"title":"Director",
		"place1":"Education Bureau",
		"place2":"General Office",
		"place3":"Inner Mongolia Autonomous Region",
		"place4":"Chifeng City"
	},
	{
		"name":"Bai Xiangqun",
		"year":"1991-1992",
		"title":"Director",
		"place1":"Education Bureau",
		"place2":"Adult Self-Examination Office",
		"place3":"Inner Mongolia Autonomous Region",
		"place4":"Chifeng City"
	},
	{
		"name":"Bai Yilong",
		"year":"1996-",
		"title":"Deputy Director",
		"place1":"Chinese Academy of Sciences",
		"place2":"Division of Mathematics and Physics"
	},
	{
		"name":"Bai Yilong",
		"year":"",
		"title":"Editor-in-Chief",
		"place1":"Scientia Sinica"
	},
	{
		"name":"Bai Yilong",
		"year":"1993-",
		"title":"Director",
		"place1":"Chinese Academy of Sciences",
		"place2":"Laboratory for Non-Linear Mechanics of Continuous Media"
	},
	{
		"name":"Bai Yilong",
		"year":"1992-",
		"title":"Member",
		"place1":"Chinese Academy of Sciences",
		"place2":"Division of Mathematics and Physics"
	},
	{
		"name":"Bai Yilong",
		"year":"1991-",
		"title":"Member",
		"place1":"Chinese Academy of Sciences"
	},
	{
		"name":"Bai Yilong",
		"year":"1990-1994",
		"title":"Secretary-General",
		"place1":"Mechanics Society of China"
	},
	{
		"name":"Bai Yilong",
		"year":"1988-1993",
		"title":"Deputy Director",
		"place1":"Chinese Academy of Sciences",
		"place2":"Laboratory for Non-Linear Mechanics of Continuous Media"
	},
	{
		"name":"Bai Yilong",
		"year":"1987-1994",
		"title":"Deputy Director",
		"place1":"Chinese Academy of Sciences",
		"place2":"Mechanics Research Institute"
	},
	{
		"name":"Bai Yilong",
		"year":"1987-1987",
		"title":"Professor",
		"place1":"Chinese Academy of Sciences",
		"place2":"Mechanics Research Institute"
	},
	{
		"name":"Bai Yilong",
		"year":"1986-1986",
		"title":"Researcher",
		"place1":"Chinese Academy of Sciences",
		"place2":"Mechanics Research Institute"
	},
	{
		"name":"Bai Yilong",
		"year":"1984-1984",
		"title":"Chairman",
		"place1":"Chinese Academy of Sciences",
		"place2":"Mechanics Research Institute",
		"place3":"Academic Committee"
	},
	{
		"name":"Bai Yilong",
		"year":"1982-1985",
		"title":"Assistant Researcher",
		"place1":"Chinese Academy of Sciences",
		"place2":"Mechanics Research Institute"
	},
	{
		"name":"Bai Yilong",
		"year":"1980-1981",
		"title":"Researcher",
		"place1":"University of Cambridge",
		"place2":"United Kingdom",
		"place3":"Cambridge"
	},
	{
		"name":"Bai Yilong",
		"year":"1979-1980",
		"title":"Researcher",
		"place1":"Oxford University",
		"place2":"United Kingdom",
		"place3":"Oxford"
	},
	{
		"name":"Bai Yilong",
		"year":"1966-1978",
		"title":"Research Trainee",
		"place1":"Chinese Academy of Sciences",
		"place2":"Mechanics Research Institute"
	},
	{
		"name":"Bai Yilong",
		"year":"1963-1966",
		"title":"Postgraduate Student",
		"place1":"Chinese Academy of Sciences",
		"place2":"Mechanics Research Institute"
	},
	{
		"name":"Bai Yilong",
		"year":"1963",
		"title":"Graduate",
		"place1":"University of Science and Technology of China",
		"place2":"Anhui Province"
	},
	{
		"name":"Bai Zhijian",
		"year":"2007-2012",
		"title":"Member",
		"place1":"CPC",
		"place2":"Central Committee"
	},
	{
		"name":"Bai Zhijian",
		"year":"2002-2007",
		"title":"Member",
		"place1":"CPC",
		"place2":"Central Committee"
	},
	{
		"name":"Bai Zhijian",
		"year":"2002-2014",
		"title":"Director",
		"place1":"Central People's Government",
		"place2":"Liaison Office",
		"place3":"Macao SAR"
	},
	{
		"name":"Bai Zhijian",
		"year":"1998-2001",
		"title":"Deputy Chairman",
		"place1":"Autonomous Region People's Government",
		"place2":"Inner Mongolia Autonomous Region"
	},
	{
		"name":"Bai Zhijian",
		"year":"1997-2002",
		"title":"Member",
		"place1":"CPC",
		"place2":"Central Committee"
	},
	{
		"name":"Bai Zhijian",
		"year":"1997-2002",
		"title":"Member",
		"place1":"CPC",
		"place2":"Central Committee",
		"place3":"Central Commission for Discipline Inspection"
	},
	{
		"name":"Bai Zhijian",
		"year":"1996-1998",
		"title":"Member",
		"place1":"Ministry of Agriculture",
		"place2":"CPC",
		"place3":"Party Committee"
	},
	{
		"name":"Bai Zhijian",
		"year":"1996-1998",
		"title":"Minister",
		"place1":"Ministry of Agriculture"
	},
	{
		"name":"Bai Zhijian",
		"year":"1993-1993",
		"title":"Chief",
		"place1":"Ministry of Agriculture",
		"place2":"Personnel Department"
	},
	{
		"name":"Bai Zhijian",
		"year":"1989-1993",
		"title":"Deputy General Manager",
		"place1":"Ministry of Agriculture",
		"place2":"National Aquatic Products Administration",
		"place3":"General Office"
	},
	{
		"name":"Bai Zhijian",
		"year":"1988-1989",
		"title":"Assistant General Manager",
		"place1":"Ministry of Agriculture",
		"place2":"National Aquatic Products Administration",
		"place3":"General Office"
	},
	{
		"name":"Bai Zhijian",
		"year":"1986-1988",
		"title":"Division Chief",
		"place1":"Ministry of Agriculture",
		"place2":"Agricultural Bureau",
		"place3":"Animal Husbandry and Fisheries",
		"place4":"General Office"
	},
	{
		"name":"Bai Zhijian",
		"year":"1983-1986",
		"title":"Deputy Division Chief",
		"place1":"Ministry of Agriculture",
		"place2":"Agricultural Bureau",
		"place3":"Animal Husbandry and Fisheries",
		"place4":"General Office"
	},
	{
		"name":"Bai Zhijian",
		"year":"1977-1983",
		"title":"Secretary",
		"place1":"Ministry of Agriculture",
		"place2":"National Aquatic Products Administration"
	},
	{
		"name":"Bai Zhijian",
		"year":"1977-1983",
		"title":"Secretary",
		"place1":"Ministry of Agriculture",
		"place2":"Agricultural Bureau",
		"place3":"Animal Husbandry and Fisheries"
	},
	{
		"name":"Bai Zhijian",
		"year":"1976-1977",
		"title":"Worker",
		"place1":"Chinese Academy of Agricultural Sciences",
		"place2":"Aquatic Products Department"
	},
	{
		"name":"Bai Zhijian",
		"year":"1973-1976",
		"title":"Student",
		"place1":"Xiamen Aquatic Products Institute",
		"place2":"Aquatic Products Process Department",
		"place3":"Fujian Province",
		"place4":"Xiamen City"
	},
	{
		"name":"Baimachilin ",
		"year":"2010-",
		"title":"Deputy Secretary",
		"place1":"CPC",
		"place2":"Autonomous Regional Committee",
		"place3":"Tibet Autonomous Region"
	},
	{
		"name":"Bainqen Erdini Qoigyi Gyaincain",
		"year":"1988-1993",
		"title":"Vice-Chairman",
		"place1":"Standing Committee of the NPC"
	},
	{
		"name":"Bainqen Erdini Qoigyi Gyaincain",
		"year":"1983-1988",
		"title":"Vice-Chairman",
		"place1":"Standing Committee of the NPC"
	},
	{
		"name":"Bainqen Erdini Qoigyi Gyaincain",
		"year":"1979-1983",
		"title":"Vice-Chairman",
		"place1":"CPPCC",
		"place2":"National Committee"
	},
	{
		"name":"Bainqen Erdini Qoigyi Gyaincain",
		"year":"1978-1983",
		"title":"Vice-Chairman",
		"place1":"Standing Committee of the NPC"
	},
	{
		"name":"Bainqen Erdini Qoigyi Gyaincain",
		"year":"1959-1965",
		"title":"Vice-Chairman",
		"place1":"Standing Committee of the NPC"
	},
	{
		"name":"Bainqen Erdini Qoigyi Gyaincain",
		"year":"1954-1959",
		"title":"Vice-Chairman",
		"place1":"CPPCC",
		"place2":"National Committee"
	},
	{
		"name":"Bao Erhan",
		"year":"1983-1988",
		"title":"Vice-Chairman",
		"place1":"CPPCC",
		"place2":"National Committee"
	},
	{
		"name":"Bao Erhan",
		"year":"1978-1983",
		"title":"Vice-Chairman",
		"place1":"CPPCC",
		"place2":"National Committee"
	},
	{
		"name":"Bao Erhan",
		"year":"1959-1964",
		"title":"Vice-Chairman",
		"place1":"CPPCC",
		"place2":"National Committee"
	},
	{
		"name":"Bao Erhan",
		"year":"1954-1959",
		"title":"Vice-Chairman",
		"place1":"CPPCC",
		"place2":"National Committee"
	},
	{
		"name":"Bao Hong",
		"year":"2009-2014",
		"title":"Member",
		"place1":"State Intellectual Property Office",
		"place2":"CPC",
		"place3":"Leading Party Group"
	},
	{
		"name":"Bao Hong",
		"year":"2009-2014",
		"title":"Deputy Director",
		"place1":"State Intellectual Property Office"
	},
	{
		"name":"Bao Hong",
		"year":"2005-2009",
		"title":"Director",
		"place1":"China Association for Science and Technology",
		"place2":"General Office"
	},
	{
		"name":"Bao Hong",
		"year":"2003-2005",
		"title":"Deputy Director",
		"place1":"China Association for Science and Technology",
		"place2":"General Office"
	},
	{
		"name":"Bao Hong",
		"year":"1998-2003",
		"title":"Deputy Director",
		"place1":"Ministry of Science and Technology",
		"place2":"General Office"
	},
	{
		"name":"Bao Hong",
		"year":"1985-1998",
		"title":"Assistant Inspector",
		"place1":"State Science and Technology Commission",
		"place2":"Comprehensive Planning Department"
	},
	{
		"name":"Bao Hong",
		"year":"1978",
		"title":"Graduate",
		"place1":"Fudan University",
		"place2":"Shanghai Municipality"
	},
	{
		"name":"Bao Hong",
		"year":"1978-1985",
		"title":"Staff Member",
		"place1":"National Institute of Metrology"
	},
	{
		"name":"Bao Junchen",
		"year":"2008-2013",
		"title":"Member",
		"place1":"CPPCC",
		"place2":"National Committee",
		"place3":"Standing Committee"
	},
	{
		"name":"Bao Junchen",
		"year":"2003-",
		"title":"Vice-Chairman",
		"place1":"CPPCC",
		"place2":"Autonomous Regional Committee",
		"place3":"Inner Mongolia Autonomous Region"
	},
	{
		"name":"Bao Junchen",
		"year":"1998-2003",
		"title":"Deputy Director",
		"place1":"CPC",
		"place2":"Autonomous Regional Committee",
		"place3":"Organization Department",
		"place4":"Inner Mongolia Autonomous Region"
	},
	{
		"name":"Bao Junchen",
		"year":"1996-1998",
		"title":"Director",
		"place1":"Autonomous League People's Congress",
		"place2":"Working Committee",
		"place3":"Inner Mongolia Autonomous Region",
		"place4":"Xilin Gol League"
	},
	{
		"name":"Bao Junchen",
		"year":"1996-1998",
		"title":"Secretary",
		"place1":"CPC",
		"place2":"League Committee",
		"place3":"Inner Mongolia Autonomous Region",
		"place4":"Xilin Gol League"
	},
	{
		"name":"Bao Junchen",
		"year":"1994-1996",
		"title":"Head",
		"place1":"Administrative Office",
		"place2":"Inner Mongolia Autonomous Region",
		"place3":"Xilin Gol League"
	},
	{
		"name":"Bao Junchen",
		"year":"1994-1996",
		"title":"Deputy Secretary",
		"place1":"CPC",
		"place2":"League Committee",
		"place3":"Inner Mongolia Autonomous Region",
		"place4":"Xilin Gol League"
	},
	{
		"name":"Bao Junchen",
		"year":"1989-1994",
		"title":"Deputy Secretary",
		"place1":"CPC",
		"place2":"League Committee",
		"place3":"Inner Mongolia Autonomous Region",
		"place4":"Ih Ju League"
	},
	{
		"name":"Bao Junchen",
		"year":"1984-1989",
		"title":"Director",
		"place1":"CPC",
		"place2":"League Committee",
		"place3":"Propaganda Department",
		"place4":"Inner Mongolia Autonomous Region",
		"place5":"Ih Ju League"
	},
	{
		"name":"Bao Junchen",
		"year":"1984-1989",
		"title":"Member",
		"place1":"CPC",
		"place2":"League Committee",
		"place3":"Standing Committee",
		"place4":"Inner Mongolia Autonomous Region",
		"place5":"Ih Ju League"
	},
	{
		"name":"Bao Junchen",
		"year":"1983-1984",
		"title":"Secretary-General",
		"place1":"CPC",
		"place2":"League Committee",
		"place3":"Inner Mongolia Autonomous Region",
		"place4":"Ih Ju League"
	},
	{
		"name":"Bao Junchen",
		"year":"1981-1983",
		"title":"Secretary",
		"place1":"CPC",
		"place2":"League Committee",
		"place3":"Administration Office",
		"place4":"Inner Mongolia Autonomous Region",
		"place5":"Ih Ju League"
	},
	{
		"name":"Bao Junchen",
		"year":"1975",
		"title":"Joined",
		"place1":"CPC"
	},
	{
		"name":"Bao Junchen",
		"year":"1972-1981",
		"title":"Deputy Director",
		"place1":"Erdos Newspaper",
		"place2":"Chinese Editing Office",
		"place3":"Inner Mongolia Autonomous Region",
		"place4":"Ih Ju League"
	},
	{
		"name":"Bao Junchen",
		"year":"1972-1981",
		"title":"Editor",
		"place1":"Erdos Newspaper",
		"place2":"Chinese Editing Office",
		"place3":"Inner Mongolia Autonomous Region",
		"place4":"Ih Ju League"
	},
	{
		"name":"Bao Junchen",
		"year":"1970-1972",
		"title":"Teacher",
		"place1":"Inner Mongolia Autonomous Region",
		"place2":"Chifeng City"
	},
	{
		"name":"Bao Junchen",
		"year":"1965-1969",
		"title":"Student",
		"place1":"Inner Mongolia University",
		"place2":"Chinese Department",
		"place3":"Inner Mongolia Autonomous Region"
	},
	{
		"name":"Bao Kexin",
		"year":"2002-2007",
		"title":"Vice-Governor",
		"place1":"People's Government",
		"place2":"Guizhou Province"
	},
	{
		"name":"Bao Kexin",
		"year":"2001-2002",
		"title":"Director",
		"place1":"National Development and Reform Commission",
		"place2":"Investment Department"
	},
	{
		"name":"Bao Kexin",
		"year":"1998-2001",
		"title":"Director",
		"place1":"National Development and Reform Commission",
		"place2":"Economy and Trade Circulation Department"
	},
	{
		"name":"Bao Kexin",
		"year":"1993-1998",
		"title":"Director",
		"place1":"National Development and Reform Commission",
		"place2":"Economic Research Center",
		"place3":"State Planning Commission",
		"place4":"Foreign Economic Relations and Trade Department"
	},
	{
		"name":"Bao Kexin",
		"year":"1993-1998",
		"title":"Deputy Director",
		"place1":"National Development and Reform Commission",
		"place2":"Economic Research Center",
		"place3":"State Planning Commission",
		"place4":"Foreign Economic Relations and Trade Department"
	},
	{
		"name":"Bao Kexin",
		"year":"1992-1993",
		"title":"Deputy Director",
		"place1":"Planning Committee",
		"place2":"Guangdong Province",
		"place3":"Guangzhou City"
	},
	{
		"name":"Bao Kexin",
		"year":"1985-1993",
		"title":"Chief",
		"place1":"National Development and Reform Commission",
		"place2":"Economic Research Center",
		"place3":"State Planning Commission",
		"place4":"Economics and Trade Bureau"
	},
	{
		"name":"Bao Kexin",
		"year":"1985-1993",
		"title":"Deputy Chief",
		"place1":"National Development and Reform Commission",
		"place2":"Economic Research Center",
		"place3":"State Planning Commission",
		"place4":"Economics and Trade Bureau"
	},
	{
		"name":"Bao Kexin",
		"year":"1982-1985",
		"title":"Staff Member",
		"place1":"National Development and Reform Commission",
		"place2":"Economic Research Center",
		"place3":"State Planning Commission",
		"place4":"Economics and Trade Bureau"
	},
	{
		"name":"Bao Kexin",
		"year":"1979-1982",
		"title":"Graduate",
		"place1":"Beijing Institute of Economics",
		"place2":"Finance and Trade Department",
		"place3":"Beijing Municipality"
	},
	{
		"name":"Bao Kexin",
		"year":"1978-1979",
		"title":"Student",
		"place1":"Shanxi Institute of Finance and Economics",
		"place2":"Trade and Economics Department",
		"place3":"Shanxi Province"
	},
	{
		"name":"Bao Kexin",
		"year":"1973",
		"title":"Joined",
		"place1":"CPC"
	},
	{
		"name":"Bao Kexin",
		"year":"1968-1978",
		"title":"Cultural Revolution",
		"place1":"Cultural Revolution",
		"place2":"Sent to do manual labor",
		"place3":"Shanxi Province",
		"place4":"Yanggao County"
	},
	{
		"name":"Bao Peide",
		"year":"2003-",
		"title":"Vice-Chairman",
		"place1":"Song Qingling Foundation"
	},
	{
		"name":"Bao Peide",
		"year":"2003-2008",
		"title":"Member",
		"place1":"CPPCC",
		"place2":"National Committee"
	},
	{
		"name":"Bao Peide",
		"year":"1993-2002",
		"title":"Deputy Commissioner",
		"place1":"Civil Aviation Administration of China"
	},
	{
		"name":"Bao Peide",
		"year":"1991-1993",
		"title":"Director",
		"place1":"Civil Aviation Administration of China",
		"place2":"General Office"
	},
	{
		"name":"Bao Peide",
		"year":"1986-1991",
		"title":"Secretary",
		"place1":"Civil Aviation Administration of China",
		"place2":"CPC",
		"place3":"Party Committee",
		"place4":"Guangdong Province",
		"place5":"Guangzhou City"
	},
	{
		"name":"Bao Peide",
		"year":"1984-1986",
		"title":"Director",
		"place1":"Civil Aviation Administration of China",
		"place2":"General Administration",
		"place3":"Guangdong Province",
		"place4":"Guangzhou City"
	},
	{
		"name":"Bao Peide",
		"year":"1970-1984",
		"title":"Department Head",
		"place1":"Civil Aviation Administration of China"
	},
	{
		"name":"Bao Peide",
		"year":"1970-1984",
		"title":"Assistant Deputy Office Chief",
		"place1":"Civil Aviation Administration of China"
	},
	{
		"name":"Bao Peide",
		"year":"1970-1984",
		"title":"Clerk",
		"place1":"Civil Aviation Administration of China"
	},
	{
		"name":"Bao Peide",
		"year":"1960-1970",
		"title":"Aviation Business Assistant",
		"place1":"Civil Aviation Administration of China",
		"place2":"General Administration",
		"place3":"Sichuan Province",
		"place4":"Chengdu City"
	},
	{
		"name":"Bao Peide",
		"year":"1960-1970",
		"title":"Dispatcher",
		"place1":"Civil Aviation Administration of China",
		"place2":"General Administration",
		"place3":"Sichuan Province",
		"place4":"Chengdu City"
	},
	{
		"name":"Bao Tong",
		"year":"1987-1992",
		"title":"Member",
		"place1":"CPC",
		"place2":"Central Committee"
	},
	{
		"name":"Bao Xinbao",
		"year":"2003-",
		"title":"Vice-Chairman",
		"place1":"Municipal People's Congress",
		"place2":"Standing Committee",
		"place3":"Shanghai Municipality"
	},
	{
		"name":"Bao Xinbao",
		"year":"2002-",
		"title":"Delegate",
		"place1":"CPC",
		"place2":"National Congress"
	},
	{
		"name":"Bao Xinbao",
		"year":"1998-2003",
		"title":"Chairman",
		"place1":"General Labor Union",
		"place2":"Shanghai Municipality"
	},
	{
		"name":"Bao Xinbao",
		"year":"1998-",
		"title":"Deputy Secretary",
		"place1":"Municipal People's Congress",
		"place2":"Standing Committee",
		"place3":"CPC",
		"place4":"Leading Party Group",
		"place5":"Shanghai Municipality"
	},
	{
		"name":"Bao Xinbao",
		"year":"1998-",
		"title":"Vice-Chairman",
		"place1":"Municipal People's Congress",
		"place2":"Standing Committee",
		"place3":"Shanghai Municipality"
	},
	{
		"name":"Bao Xinbao",
		"year":"1997-2002",
		"title":"Delegate",
		"place1":"CPC",
		"place2":"National Congress"
	},
	{
		"name":"Bao Xinbao",
		"year":"1994-1998",
		"title":"Secretary",
		"place1":"Shanghai General Trade Union",
		"place2":"CPC",
		"place3":"Leading Party Group",
		"place4":"Shanghai Municipality"
	},
	{
		"name":"Bao Xinbao",
		"year":"1994-1998",
		"title":"Chairman",
		"place1":"Shanghai General Trade Union",
		"place2":"Shanghai Municipality"
	},
	{
		"name":"Bao Xinbao",
		"year":"1992-1993",
		"title":"Secretary",
		"place1":"CPC",
		"place2":"District Committee",
		"place3":"Shanghai",
		"place4":"Min Hang District"
	},
	{
		"name":"Bao Xinbao",
		"year":"1992-1997",
		"title":"Delegate",
		"place1":"CPC",
		"place2":"National Congress"
	},
	{
		"name":"Bao Xinbao",
		"year":"1988-1992",
		"title":"Secretary",
		"place1":"CPC",
		"place2":"District Committee",
		"place3":"Shanghai",
		"place4":"Baoshan District"
	},
	{
		"name":"Bao Xinbao",
		"year":"1987-1992",
		"title":"Delegate",
		"place1":"CPC",
		"place2":"National Congress"
	},
	{
		"name":"Bao Xinbao",
		"year":"1985-1988",
		"title":"Secretary",
		"place1":"Metallurgy and Geology Bureau",
		"place2":"CPC",
		"place3":"Party Committee",
		"place4":"Shanghai Municipality"
	},
	{
		"name":"Bao Xinbao",
		"year":"1983-1985",
		"title":"Student",
		"place1":"CPC",
		"place2":"Central Committee",
		"place3":"Central Party School",
		"place4":"Marxism and Leninism Research Institute"
	},
	{
		"name":"Bao Xinbao",
		"year":"1981-1983",
		"title":"Deputy Director",
		"place1":"Metallurgy and Geology Bureau",
		"place2":"Cadre Division",
		"place3":"Shanghai Municipality"
	},
	{
		"name":"Bao Xinbao",
		"year":"1978-1981",
		"title":"Deputy Secretary",
		"place1":"Shanghai Yuelong Chemical Factory",
		"place2":"CPC",
		"place3":"Party Committee",
		"place4":"Shanghai Municipality"
	},
	{
		"name":"Bao Xinbao",
		"year":"1968-1978",
		"title":"Worker",
		"place1":"Shanghai Yuelong Chemical Factory",
		"place2":"No. 2 Workshop",
		"place3":"Shanghai Municipality"
	},
	{
		"name":"Bao Xinbao",
		"year":"1968-1978",
		"title":"Secretary",
		"place1":"Shanghai Yuelong Chemical Factory",
		"place2":"Factory Office",
		"place3":"Shanghai Municipality"
	},
	{
		"name":"Bao Xinbao",
		"year":"1968-1978",
		"title":"Secretary",
		"place1":"Shanghai Yuelong Chemical Factory",
		"place2":"No. 3 Workshop",
		"place3":"CPC",
		"place4":"Party Branch",
		"place5":"Shanghai Municipality"
	},
	{
		"name":"Bao Xinbao",
		"year":"1965-1968",
		"title":"Student",
		"place1":"Fudan University",
		"place2":"Foreign Language Department",
		"place3":"Shanghai Municipality"
	},
	{
		"name":"Bao Xinbao",
		"year":"1965",
		"title":"Joined",
		"place1":"CPC"
	},
	{
		"name":"Bao Xinbao",
		"year":"1963-1965",
		"title":"Student",
		"place1":"Fudan University",
		"place2":"Physics Department",
		"place3":"Shanghai Municipality"
	},
	{
		"name":"Bao Xuding",
		"year":"2003-2008",
		"title":"Member",
		"place1":"CPPCC",
		"place2":"National Committee",
		"place3":"Standing Committee"
	},
	{
		"name":"Bao Xuding",
		"year":"2002-",
		"title":"Deputy Secretary",
		"place1":"CPC",
		"place2":"Municipal Committee",
		"place3":"Chongqing Municipality"
	},
	{
		"name":"Bao Xuding",
		"year":"2002-",
		"title":"General Manager",
		"place1":"China International Engineering Consulting Company"
	},
	{
		"name":"Bao Xuding",
		"year":"2000-2002",
		"title":"Mayor",
		"place1":"People's Government",
		"place2":"Chongqing Municipality"
	},
	{
		"name":"Bao Xuding",
		"year":"1999-",
		"title":"Member",
		"place1":"CPC",
		"place2":"Municipal Committee",
		"place3":"Standing Committee",
		"place4":"Chongqing Municipality"
	},
	{
		"name":"Bao Xuding",
		"year":"1999-2000",
		"title":"Vice-Mayor",
		"place1":"People's Government",
		"place2":"Chongqing Municipality"
	},
	{
		"name":"Bao Xuding",
		"year":"1999-2000",
		"title":"Deputy Secretary",
		"place1":"CPC",
		"place2":"Municipal Committee",
		"place3":"Chongqing Municipality"
	},
	{
		"name":"Bao Xuding",
		"year":"1998-1999",
		"title":"Vice-Minister",
		"place1":"National Development and Reform Commission"
	},
	{
		"name":"Bao Xuding",
		"year":"1997-2002",
		"title":"Member",
		"place1":"CPC",
		"place2":"Central Committee"
	},
	{
		"name":"Bao Xuding",
		"year":"1996-1998",
		"title":"Minister",
		"place1":"Ministry of Machinery Industry"
	},
	{
		"name":"Bao Xuding",
		"year":"1993-1996",
		"title":"Vice-Minister",
		"place1":"Ministry of Machinery Industry"
	},
	{
		"name":"Bao Xuding",
		"year":"1990-1993",
		"title":"Vice-Minister",
		"place1":"Ministry of Machinery and Electronics Industry"
	},
	{
		"name":"Bao Xuding",
		"year":"1988-1990",
		"title":"Director",
		"place1":"Provincial Economic Planning Commission",
		"place2":"Sichuan Province"
	},
	{
		"name":"Bao Xuding",
		"year":"1986-1988",
		"title":"Director",
		"place1":"City Machine Building Industry Bureau",
		"place2":"Sichuan Province"
	},
	{
		"name":"Bao Xuding",
		"year":"1984-1986",
		"title":"Student",
		"place1":"CPC",
		"place2":"Central Committee",
		"place3":"Central Party School"
	},
	{
		"name":"Bao Xuding",
		"year":"1970-1975",
		"title":"Secretary",
		"place1":"CPC",
		"place2":"Provincial Committee",
		"place3":"General Office",
		"place4":"Sichuan Province"
	},
	{
		"name":"Bao Xuding",
		"year":"1969-1970",
		"title":"Worker",
		"place1":"Cultural Revolution",
		"place2":"May 7th Cadre School"
	},
	{
		"name":"Bao Xuding",
		"year":"1966-1969",
		"title":"Secretary",
		"place1":"CPC",
		"place2":"Provincial Committee",
		"place3":"General Office",
		"place4":"Sichuan Province"
	},
	{
		"name":"Bao Xuding",
		"year":"1961",
		"title":"Joined",
		"place1":"CPC"
	},
	{
		"name":"Bao Xuding",
		"year":"1955-1958",
		"title":"Graduate",
		"place1":"Shenyang Machinery Industry School",
		"place2":"Liaoning Province",
		"place3":"Shenyang City"
	},
	{
		"name":"Bao Yueqiao",
		"year":"1998-2006",
		"title":"President",
		"place1":"Beijing Our Game Computer Technology Company",
		"place2":"Beijing Municipality"
	},
	{
		"name":"Bao Yueqiao",
		"year":"1993-1998",
		"title":"Programmer",
		"place1":"Beijing Hope Computer Company",
		"place2":"Software Department",
		"place3":"Beijing Municipality"
	},
	{
		"name":"Bao Yueqiao",
		"year":"1993-1998",
		"title":"Chief Engineer",
		"place1":"Beijing Hope Computer Company",
		"place2":"Beijing Municipality"
	},
	{
		"name":"Bao Yueqiao",
		"year":"1989",
		"title":"Graduate",
		"place1":"Zhejiang University",
		"place2":"Mathematics Department",
		"place3":"Zhejiang Province"
	},
	{
		"name":"Bao Yueqiao",
		"year":"1989-1993",
		"title":"Programmer",
		"place1":"Zhejiang Province",
		"place2":"Hangzhou City"
	},
	{
		"name":"Bao Yujun",
		"year":"1998-",
		"title":"President",
		"place1":"China Private Enterprises Association"
	},
	{
		"name":"Bao Yujun",
		"year":"1998-",
		"title":"Member",
		"place1":"CPPCC",
		"place2":"National Committee",
		"place3":"Committee for Social and Legal Affairs"
	},
	{
		"name":"Bao Yujun",
		"year":"1996-",
		"title":"Vice-Chairman",
		"place1":"All-China Federation of Industry and Commerce",
		"place2":"Executive Committee"
	},
	{
		"name":"Bao Yujun",
		"year":"1993-1996",
		"title":"Honorary President",
		"place1":"National Association of University and College Newspapers"
	},
	{
		"name":"Bao Yujun",
		"year":"",
		"title":"Vice-President",
		"place1":"Chinese Advertising Association"
	},
	{
		"name":"Bao Yujun",
		"year":"",
		"title":"Vice-President",
		"place1":"Chinese Health Press Association"
	},
	{
		"name":"Bao Yujun",
		"year":"",
		"title":"President",
		"place1":"China National Association for Newspaper Management"
	},
	{
		"name":"Bao Yujun",
		"year":"1988-1996",
		"title":"Deputy Editor-in-Chief",
		"place1":"People's Daily"
	},
	{
		"name":"Bao Yujun",
		"year":"1988-????",
		"title":"Secretary-General",
		"place1":"People's Daily"
	},
	{
		"name":"Bao Yujun",
		"year":"1988-????",
		"title":"Chief Editor",
		"place1":"People's Daily",
		"place2":"Third Page"
	},
	{
		"name":"Bao Yujun",
		"year":"1988-????",
		"title":"Member",
		"place1":"People's Daily",
		"place2":"Editorial Board"
	},
	{
		"name":"Bao Yujun",
		"year":"1988-????",
		"title":"Director",
		"place1":"People's Daily",
		"place2":"Scientific and Educational Department"
	},
	{
		"name":"Bao Yujun",
		"year":"1988-????",
		"title":"Director",
		"place1":"People's Daily",
		"place2":"Political and Cultural Department"
	},
	{
		"name":"Bao Yujun",
		"year":"1966",
		"title":"Graduate",
		"place1":"People's University of China",
		"place2":"Journalism Department",
		"place3":"Beijing Municipality"
	},
	{
		"name":"Bao Yujun",
		"year":"1965",
		"title":"Joined",
		"place1":"CPC"
	},
	{
		"name":"Bao Zheng",
		"year":"1991-",
		"title":"Academician",
		"place1":"Chinese Academy of Sciences"
	},
	{
		"name":"Bao Zheng",
		"year":"1953",
		"title":"Graduate",
		"place1":"PLA Institute of Communications Engineering"
	},
	{
		"name":"Baoriledai ",
		"year":"1979-2003",
		"title":"Member",
		"place1":"CPPCC",
		"place2":"Autonomous Regional Committee",
		"place3":"Standing Committee",
		"place4":"Inner Mongolia Autonomous Region"
	},
	{
		"name":"Baoriledai ",
		"year":"1977-1982",
		"title":"Member",
		"place1":"CPC",
		"place2":"Central Committee"
	},
	{
		"name":"Baoriledai ",
		"year":"1977-1982",
		"title":"Deputy Director",
		"place1":"Autonomous Regional People's Congress",
		"place2":"Standing Committee",
		"place3":"Inner Mongolia Autonomous Region"
	},
	{
		"name":"Baoriledai ",
		"year":"1973-1977",
		"title":"Member",
		"place1":"CPC",
		"place2":"Central Committee"
	},
	{
		"name":"Baoriledai ",
		"year":"1969-1973",
		"title":"Member",
		"place1":"CPC",
		"place2":"Central Committee"
	},
	{
		"name":"Baoriledai ",
		"year":"1958",
		"title":"Joined",
		"place1":"CPC"
	},
	{
		"name":"Baoyindeliger ",
		"year":"2003-",
		"title":"Member",
		"place1":"Autonomous Regional People's Congress",
		"place2":"CPC",
		"place3":"Leading Party Group",
		"place4":"Inner Mongolia Autonomous Region"
	},
	{
		"name":"Baoyindeliger ",
		"year":"2003-",
		"title":"Vice-Chairman",
		"place1":"Autonomous Regional People's Congress",
		"place2":"Inner Mongolia Autonomous Region"
	},
	{
		"name":"Baoyindeliger ",
		"year":"1995-2003",
		"title":"Member",
		"place1":"CPC",
		"place2":"Autonomous Regional Committee",
		"place3":"Standing Committee",
		"place4":"Inner Mongolia Autonomous Region"
	},
	{
		"name":"Baoyindeliger ",
		"year":"1995-2003",
		"title":"Member",
		"place1":"Autonomous Region People's Government",
		"place2":"CPC",
		"place3":"Leading Party Group",
		"place4":"Inner Mongolia Autonomous Region"
	},
	{
		"name":"Baoyindeliger ",
		"year":"1995-2003",
		"title":"Vice-Chairman",
		"place1":"Autonomous Region People's Government",
		"place2":"Inner Mongolia Autonomous Region"
	},
	{
		"name":"Baoyindeliger ",
		"year":"1992-1995",
		"title":"Deputy Secretary",
		"place1":"CPC",
		"place2":"League Committee",
		"place3":"Inner Mongolia Autonomous Region",
		"place4":"Bayannur League"
	},
	{
		"name":"Baoyindeliger ",
		"year":"1992-1995",
		"title":"League Head",
		"place1":"Inner Mongolia Autonomous Region",
		"place2":"Bayannur League"
	},
	{
		"name":"Baoyindeliger ",
		"year":"1983-1992",
		"title":"Deputy League Head",
		"place1":"Inner Mongolia Autonomous Region",
		"place2":"Bayannur League"
	},
	{
		"name":"Baoyindeliger ",
		"year":"1981-1983",
		"title":"Deputy Banner Head",
		"place1":"Inner Mongolia Autonomous Region",
		"place2":"Urad Front Banner"
	},
	{
		"name":"Baoyindeliger ",
		"year":"1977-1981",
		"title":"Deputy Director",
		"place1":"CPC",
		"place2":"Banner Committee",
		"place3":"Standing Committee",
		"place4":"Inner Mongolia Autonomous Region",
		"place5":"Urad Front Banner"
	},
	{
		"name":"Baoyindeliger ",
		"year":"1974-1981",
		"title":"Deputy Director",
		"place1":"Innovation Commission",
		"place2":"Inner Mongolia Autonomous Region",
		"place3":"Urad Front Banner"
	},
	{
		"name":"Baoyindeliger ",
		"year":"1974-1977",
		"title":"Deputy Secretary",
		"place1":"Baiyanhua Commune",
		"place2":"CPC",
		"place3":"Party Committee"
	},
	{
		"name":"Baoyindeliger ",
		"year":"1973-1974",
		"title":"Secretary",
		"place1":"Planning Commission",
		"place2":"Inner Mongolia Autonomous Region",
		"place3":"Urad Front Banner"
	},
	{
		"name":"Baoyindeliger ",
		"year":"1972",
		"title":"Joined",
		"place1":"CPC"
	},
	{
		"name":"Baoyindeliger ",
		"year":"1971-1973",
		"title":"Clerk",
		"place1":"Inner Mongolia Autonomous Region",
		"place2":"Urad Front Banner"
	},
	{
		"name":"Baoyindeliger ",
		"year":"1970-1971",
		"title":"Cultural Revolution",
		"place1":"Cultural Revolution",
		"place2":"Sent to do manual labor",
		"place3":"Tianjin Municipality"
	},
	{
		"name":"Baoyindeliger ",
		"year":"1965-1970",
		"title":"Student",
		"place1":"Inner Mongolia Agriculture and Animal Husbandry College",
		"place2":"Machine and Water Conservancy Department",
		"place3":"Inner Mongolia Autonomous Region"
	},
	{
		"name":"Bater  (Bagatur",
		"year":" Bateer)",
		"title":"2012-2017",
		"place1":"Member",
		"place2":"CPC",
		"place3":"Central Committee"
	},
	{
		"name":"Bater  (Bagatur",
		"year":" Bateer)",
		"title":"2008-2009",
		"place1":"Acting Chairman",
		"place2":"Autonomous Region People's Government",
		"place3":"Inner Mongolia Autonomous Region"
	},
	{
		"name":"Bater  (Bagatur",
		"year":" Bateer)",
		"title":"2008-2009",
		"place1":"Vice-Chairman",
		"place2":"Autonomous Region People's Government",
		"place3":"Inner Mongolia Autonomous Region"
	},
	{
		"name":"Bater  (Bagatur",
		"year":" Bateer)",
		"title":"2007-2012",
		"place1":"Member",
		"place2":"CPC",
		"place3":"Central Committee",
		"place4":"Central Commission for Discipline Inspection"
	},
	{
		"name":"Bater  (Bagatur",
		"year":" Bateer)",
		"title":"2002-2007",
		"place1":"Member",
		"place2":"CPC",
		"place3":"Central Committee",
		"place4":"Central Commission for Discipline Inspection"
	},
	{
		"name":"Bater  (Bagatur",
		"year":" Bateer)",
		"title":"2001-",
		"place1":"Deputy Secretary",
		"place2":"CPC",
		"place3":"Autonomous Regional Committee",
		"place4":"Inner Mongolia Autonomous Region"
	},
	{
		"name":"Bater  (Bagatur",
		"year":" Bateer)",
		"title":"1999-1999",
		"place1":"Chairman",
		"place2":"Autonomous City People's Congress",
		"place3":"Inner Mongolia Autonomous Region",
		"place4":"Wuhai City"
	},
	{
		"name":"Bater  (Bagatur",
		"year":" Bateer)",
		"title":"1999-",
		"place1":"Member",
		"place2":"CPC",
		"place3":"Autonomous Regional Committee",
		"place4":"Standing Committee",
		"place5":"Inner Mongolia Autonomous Region"
	},
	{
		"name":"Bater  (Bagatur",
		"year":" Bateer)",
		"title":"1999-2001",
		"place1":"Secretary",
		"place2":"CPC",
		"place3":"Autonomous Regional Committee",
		"place4":"Commission for Discipline Inspection",
		"place5":"Inner Mongolia Autonomous Region"
	},
	{
		"name":"Bater  (Bagatur",
		"year":" Bateer)",
		"title":"1997-2002",
		"place1":"Alternate Member",
		"place2":"CPC",
		"place3":"Central Committee"
	},
	{
		"name":"Bater  (Bagatur",
		"year":" Bateer)",
		"title":"1997-2002",
		"place1":"Alternate Member",
		"place2":"CPC",
		"place3":"Central Committee"
	},
	{
		"name":"Bater  (Bagatur",
		"year":" Bateer)",
		"title":"1994-1998",
		"place1":"Mayor",
		"place2":"People's Government",
		"place3":"Inner Mongolia Autonomous Region",
		"place4":"Wuhai City"
	},
	{
		"name":"Bater  (Bagatur",
		"year":" Bateer)",
		"title":"1994-1999",
		"place1":"Secretary",
		"place2":"CPC",
		"place3":"Autonomous City Committee",
		"place4":"Inner Mongolia Autonomous Region",
		"place5":"Wuhai City"
	},
	{
		"name":"Bater  (Bagatur",
		"year":" Bateer)",
		"title":"1992-1994",
		"place1":"Deputy Secretary",
		"place2":"CPC",
		"place3":"Autonomous City Committee",
		"place4":"Inner Mongolia Autonomous Region",
		"place5":"Wuhai City"
	},
	{
		"name":"Bater  (Bagatur",
		"year":" Bateer)",
		"title":"1991-1992",
		"place1":"Director Assistant",
		"place2":"People's Government",
		"place3":"Beijing",
		"place4":"Chaoyang District"
	},
	{
		"name":"Bater  (Bagatur",
		"year":" Bateer)",
		"title":"1989-1990",
		"place1":"Student",
		"place2":"Tokyo Training Center of Japan",
		"place3":"Japan",
		"place4":"Tokyo"
	},
	{
		"name":"Bater  (Bagatur",
		"year":" Bateer)",
		"title":"1988-1989",
		"place1":"Student",
		"place2":"CPC",
		"place3":"Central Committee",
		"place4":"Central Party School"
	},
	{
		"name":"Bater  (Bagatur",
		"year":" Bateer)",
		"title":"1986-1992",
		"place1":"Secretary",
		"place2":"CYLC",
		"place3":"Autonomous Regional-Level",
		"place4":"Inner Mongolia Autonomous Region"
	},
	{
		"name":"Bater  (Bagatur",
		"year":" Bateer)",
		"title":"1984-1986",
		"place1":"Deputy Secretary",
		"place2":"CYLC",
		"place3":"Autonomous Regional-Level",
		"place4":"Inner Mongolia Autonomous Region"
	},
	{
		"name":"Bater  (Bagatur",
		"year":" Bateer)",
		"title":"1983-1984",
		"place1":"Chairman",
		"place2":"CYLC",
		"place3":"Autonomous League-Level",
		"place4":"Inner Mongolia Autonomous Region",
		"place5":"Hulun Buir League"
	},
	{
		"name":"Bater  (Bagatur",
		"year":" Bateer)",
		"title":"1982-1983",
		"place1":"Student",
		"place2":"CPC",
		"place3":"Autonomous Regional Committee",
		"place4":"Party School",
		"place5":"Inner Mongolia Autonomous Region"
	},
	{
		"name":"Bater  (Bagatur",
		"year":" Bateer)",
		"title":"1981",
		"place1":"Joined",
		"place2":"CPC"
	},
	{
		"name":"Bater  (Bagatur",
		"year":" Bateer)",
		"title":"1980-1983",
		"place1":"Clerk",
		"place2":"CPC",
		"place3":"League Committee",
		"place4":"Organization Department",
		"place5":"Inner Mongolia Autonomous Region",
		"place6":"Hulun Buir League"
	},
	{
		"name":"Bater  (Bagatur",
		"year":" Bateer)",
		"title":"1980-1983",
		"place1":"Teacher",
		"place2":"CPC",
		"place3":"League Committee",
		"place4":"Party School",
		"place5":"Inner Mongolia Autonomous Region",
		"place6":"Hulun Buir League"
	},
	{
		"name":"Bater  (Bagatur",
		"year":" Bateer)",
		"title":"1978-1980",
		"place1":"Student",
		"place2":"Hailar Mongolian Teachers' School",
		"place3":"Mongolian Language Department",
		"place4":"Inner Mongolia Autonomous Region"
	},
	{
		"name":"Bater  (Bagatur",
		"year":" Bateer)",
		"title":"1973-1978",
		"place1":"Worker",
		"place2":"Inner Mongolia Autonomous Region",
		"place3":"Hulun Buir League",
		"place4":"Ewenke Banner"
	},
	{
		"name":"Batubagen ",
		"year":"1987-1992",
		"title":"Alternate Member",
		"place1":"CPC",
		"place2":"Central Committee"
	},
	{
		"name":"Batubagen ",
		"year":"1982-1987",
		"title":"Alternate Member",
		"place1":"CPC",
		"place2":"Central Committee"
	},
	{
		"name":"Bayanqolu ",
		"year":"2014-",
		"title":"Director",
		"place1":"Provincial People's Congress",
		"place2":"Jilin Province"
	},
	{
		"name":"Bayanqolu ",
		"year":"2014-",
		"title":"Secretary",
		"place1":"CPC",
		"place2":"Provincial Committee",
		"place3":"Jilin Province"
	},
	{
		"name":"Bayanqolu ",
		"year":"2013-2014",
		"title":"Governor",
		"place1":"People's Government",
		"place2":"Jilin Province"
	},
	{
		"name":"Bayanqolu ",
		"year":"2012-2012",
		"title":"Vice-Governor",
		"place1":"People's Government",
		"place2":"Jilin Province"
	},
	{
		"name":"Bayanqolu ",
		"year":"2012-2012",
		"title":"Acting Governor",
		"place1":"People's Government",
		"place2":"Jilin Province"
	},
	{
		"name":"Bayanqolu ",
		"year":"2012-2017",
		"title":"Member",
		"place1":"CPC",
		"place2":"Central Committee"
	},
	{
		"name":"Bayanqolu ",
		"year":"2011-",
		"title":"Chairman",
		"place1":"CPPCC",
		"place2":"Provincial Committee",
		"place3":"Jilin Province"
	},
	{
		"name":"Bayanqolu ",
		"year":"2010-2014",
		"title":"Deputy Secretary",
		"place1":"CPC",
		"place2":"Provincial Committee",
		"place3":"Jilin Province"
	},
	{
		"name":"Bayanqolu ",
		"year":"2010-",
		"title":"Member",
		"place1":"CPC",
		"place2":"Provincial Committee",
		"place3":"Standing Committee",
		"place4":"Jilin Province"
	},
	{
		"name":"Bayanqolu ",
		"year":"2007-2012",
		"title":"Alternate Member",
		"place1":"CPC",
		"place2":"Central Committee"
	},
	{
		"name":"Bayanqolu ",
		"year":"2007-2010",
		"title":"Chairman",
		"place1":"City People's Congress",
		"place2":"Standing Committee",
		"place3":"Zhejiang Province",
		"place4":"Ningbo City"
	},
	{
		"name":"Bayanqolu ",
		"year":"2003-2010",
		"title":"Secretary",
		"place1":"CPC",
		"place2":"City Committee",
		"place3":"Zhejiang Province",
		"place4":"Ningbo City"
	},
	{
		"name":"Bayanqolu ",
		"year":"2003-2010",
		"title":"Member",
		"place1":"CPC",
		"place2":"Provincial Committee",
		"place3":"Standing Committee",
		"place4":"Zhejiang Province"
	},
	{
		"name":"Bayanqolu ",
		"year":"2001-2004",
		"title":"Vice-Governor",
		"place1":"People's Government",
		"place2":"Zhejiang Province"
	},
	{
		"name":"Bayanqolu ",
		"year":"2000-",
		"title":"President",
		"place1":"China Association for Youth Volunteers",
		"place2":"Council"
	},
	{
		"name":"Bayanqolu ",
		"year":"1998-2001",
		"title":"Executive Secretary",
		"place1":"CYLC",
		"place2":"Central Committee",
		"place3":"Secretariat"
	},
	{
		"name":"Bayanqolu ",
		"year":"1998-2001",
		"title":"Chairman",
		"place1":"All-China Youth Federation"
	},
	{
		"name":"Bayanqolu ",
		"year":"1998-2003",
		"title":"Member",
		"place1":"CPPCC",
		"place2":"National Committee",
		"place3":"Standing Committee"
	},
	{
		"name":"Bayanqolu ",
		"year":"1993-1998",
		"title":"Secretary",
		"place1":"CYLC",
		"place2":"Central Committee",
		"place3":"Secretariat"
	},
	{
		"name":"Bayanqolu ",
		"year":"1993-1998",
		"title":"Vice-Chairman",
		"place1":"All-China Youth Federation"
	},
	{
		"name":"Bayanqolu ",
		"year":"1993-1998",
		"title":"Vice-Chairman",
		"place1":"CPPCC",
		"place2":"National Committee",
		"place3":"Subcommittee on Women and Youth"
	},
	{
		"name":"Bayanqolu ",
		"year":"1992-1993",
		"title":"Secretary",
		"place1":"CYLC",
		"place2":"Autonomous Regional-Level",
		"place3":"Inner Mongolia Autonomous Region"
	},
	{
		"name":"Bayanqolu ",
		"year":"1992-1993",
		"title":"Chairman",
		"place1":"Inner Mongolia Youth Federation"
	},
	{
		"name":"Bayanqolu ",
		"year":"1991-1992",
		"title":"Deputy Secretary",
		"place1":"CYLC",
		"place2":"Autonomous Regional-Level",
		"place3":"Inner Mongolia Autonomous Region"
	},
	{
		"name":"Bayanqolu ",
		"year":"1988-1991",
		"title":"Secretary",
		"place1":"CPC",
		"place2":"Banner Committee",
		"place3":"Inner Mongolia Autonomous Region",
		"place4":"Ejin Horo Banner"
	},
	{
		"name":"Bayanqolu ",
		"year":"1985-1988",
		"title":"Deputy Secretary",
		"place1":"CPC",
		"place2":"Banner Committee",
		"place3":"Inner Mongolia Autonomous Region",
		"place4":"Ejin Horo Banner"
	},
	{
		"name":"Bayanqolu ",
		"year":"1985-1988",
		"title":"Magistrate",
		"place1":"County (District) People's Court",
		"place2":"Inner Mongolia Autonomous Region",
		"place3":"Ejin Horo Banner"
	},
	{
		"name":"Bayanqolu ",
		"year":"1980-1982",
		"title":"Student",
		"place1":"Inner Mongolia Normal University",
		"place2":"Political Education College",
		"place3":"Inner Mongolia Autonomous Region"
	},
	{
		"name":"Bi Jingquan",
		"year":"2015-",
		"title":"Secretary",
		"place1":"China Food and Drug Administration",
		"place2":"CPC",
		"place3":"Leading Party Group"
	},
	{
		"name":"Bi Jingquan",
		"year":"2015-",
		"title":"Director",
		"place1":"China Food and Drug Administration"
	},
	{
		"name":"Bi Jingquan",
		"year":"2008-2013",
		"title":"Deputy Secretary-General",
		"place1":"State Council"
	},
	{
		"name":"Bi Jingquan",
		"year":"2005-2015",
		"title":"Secretary-General",
		"place1":"National Development and Reform Commission"
	},
	{
		"name":"Bi Jingquan",
		"year":"2005-2015",
		"title":"Vice-President",
		"place1":"China Consumers' Association (CCA)"
	},
	{
		"name":"Bi Jingquan",
		"year":"1993",
		"title":"Student",
		"place1":"College of Administrative Cadres"
	},
	{
		"name":"Bi Jingquan",
		"year":"1982-1993",
		"title":"Deputy Director-General",
		"place1":"National Price Bureau",
		"place2":"Composite Affairs Department"
	},
	{
		"name":"Bi Jingquan",
		"year":"1982-1993",
		"title":"Division Director",
		"place1":"National Price Bureau",
		"place2":"Planning Department"
	},
	{
		"name":"Bi Jingquan",
		"year":"1982-1993",
		"title":"Deputy Division Director",
		"place1":"National Price Bureau",
		"place2":"Agriculture Department"
	},
	{
		"name":"Bi Jingquan",
		"year":"1982",
		"title":"Graduate",
		"place1":"Beijing University",
		"place2":"Economics Department",
		"place3":"Beijing Municipality"
	},
	{
		"name":"Bian Changtai",
		"year":"1998-2003",
		"title":"Member",
		"place1":"CPPCC",
		"place2":"National Committee",
		"place3":"Standing Committee"
	},
	{
		"name":"Bian Changtai",
		"year":"1993-1998",
		"title":"Member",
		"place1":"CPPCC",
		"place2":"National Committee"
	},
	{
		"name":"Bian Changtai",
		"year":"1988-1993",
		"title":"Member",
		"place1":"CPPCC",
		"place2":"National Committee"
	},
	{
		"name":"Bian Changtai",
		"year":"",
		"title":"Member",
		"place1":"Revolutionary Committee of Chinese Kuomintang (RCCK)",
		"place2":"Standing Committee"
	},
	{
		"name":"Bian Changtai",
		"year":"",
		"title":"Vice-Chairman",
		"place1":"Revolutionary Committee of Chinese Kuomintang (RCCK)",
		"place2":"City Committee",
		"place3":"Liaoning Province",
		"place4":"Dalian City"
	},
	{
		"name":"Bian Changtai",
		"year":"",
		"title":"Professor",
		"place1":"Northeast China University of Finance and Economics",
		"place2":"Liaoning Province"
	},
	{
		"name":"Bian Changtai",
		"year":"",
		"title":"Joined",
		"place1":"CPC"
	},
	{
		"name":"Bing Zhigang",
		"year":"2010-",
		"title":"Vice-Governor",
		"place1":"People's Government",
		"place2":"Liaoning Province"
	},
	{
		"name":"Bing Zhigang",
		"year":"2008-2013",
		"title":"Deputy",
		"place1":"NPC"
	},
	{
		"name":"Bing Zhigang",
		"year":"2007-2012",
		"title":"Delegate",
		"place1":"CPC",
		"place2":"National Congress"
	},
	{
		"name":"Bing Zhigang",
		"year":"2003-2010",
		"title":"Director",
		"place1":"Finance Department",
		"place2":"Liaoning Province"
	},
	{
		"name":"Bing Zhigang",
		"year":"2003-2010",
		"title":"Secretary",
		"place1":"Finance Department",
		"place2":"CPC",
		"place3":"Leading Party Group",
		"place4":"Liaoning Province"
	},
	{
		"name":"Bing Zhigang",
		"year":"2000-2003",
		"title":"Director",
		"place1":"Provincial Tax Bureau",
		"place2":"Liaoning Province"
	},
	{
		"name":"Bing Zhigang",
		"year":"2000-2003",
		"title":"Secretary",
		"place1":"Provincial Tax Bureau",
		"place2":"CPC",
		"place3":"Leading Party Group",
		"place4":"Liaoning Province"
	},
	{
		"name":"Bing Zhigang",
		"year":"1994-2000",
		"title":"Member",
		"place1":"Provincial Tax Bureau",
		"place2":"CPC",
		"place3":"Leading Party Group",
		"place4":"Liaoning Province"
	},
	{
		"name":"Bing Zhigang",
		"year":"1994-2000",
		"title":"Deputy Director",
		"place1":"Provincial Tax Bureau",
		"place2":"Liaoning Province"
	},
	{
		"name":"Bing Zhigang",
		"year":"1993-1994",
		"title":"Mayor",
		"place1":"People's Government",
		"place2":"Liaoning Province",
		"place3":"Linghai City"
	},
	{
		"name":"Bing Zhigang",
		"year":"1993-1994",
		"title":"Deputy Secretary",
		"place1":"CPC",
		"place2":"City Committee",
		"place3":"Liaoning Province",
		"place4":"Linghai City"
	},
	{
		"name":"Bing Zhigang",
		"year":"1992-1993",
		"title":"Magistrate",
		"place1":"County (District) People's Court",
		"place2":"Liaoning Province",
		"place3":"Jinxian County"
	},
	{
		"name":"Bing Zhigang",
		"year":"1992-1993",
		"title":"Deputy Secretary",
		"place1":"CPC",
		"place2":"County Committee",
		"place3":"Liaoning Province",
		"place4":"Jinxian County"
	},
	{
		"name":"Bing Zhigang",
		"year":"1988-1992",
		"title":"Deputy Director",
		"place1":"Finance Department",
		"place2":"Liaoning Province"
	},
	{
		"name":"Bing Zhigang",
		"year":"1988-1992",
		"title":"Member",
		"place1":"Finance Department",
		"place2":"CPC",
		"place3":"Leading Party Group",
		"place4":"Liaoning Province"
	},
	{
		"name":"Bo Xilai",
		"year":"2007-2012",
		"title":"Member",
		"place1":"CPC",
		"place2":"Municipal Committee",
		"place3":"Standing Committee",
		"place4":"Chongqing Municipality"
	},
	{
		"name":"Bo Xilai",
		"year":"2007-2012",
		"title":"Secretary",
		"place1":"CPC",
		"place2":"Municipal Committee",
		"place3":"Chongqing Municipality"
	},
	{
		"name":"Bo Xilai",
		"year":"2007-2012",
		"title":"Member",
		"place1":"CPC",
		"place2":"Central Committee",
		"place3":"Politburo"
	},
	{
		"name":"Bo Xilai",
		"year":"2007-2012",
		"title":"Member",
		"place1":"CPC",
		"place2":"Central Committee"
	},
	{
		"name":"Bo Xilai",
		"year":"2004-2007",
		"title":"Minister",
		"place1":"Ministry of Commerce"
	},
	{
		"name":"Bo Xilai",
		"year":"2004-2007",
		"title":"Secretary",
		"place1":"Ministry of Commerce",
		"place2":"CPC",
		"place3":"Leading Party Group"
	},
	{
		"name":"Bo Xilai",
		"year":"2002-2007",
		"title":"Member",
		"place1":"CPC",
		"place2":"Central Committee"
	},
	{
		"name":"Bo Xilai",
		"year":"2001-2004",
		"title":"Governor",
		"place1":"People's Government",
		"place2":"Liaoning Province"
	},
	{
		"name":"Bo Xilai",
		"year":"2000-2004",
		"title":"Deputy Secretary",
		"place1":"CPC",
		"place2":"Provincial Committee",
		"place3":"Liaoning Province"
	},
	{
		"name":"Bo Xilai",
		"year":"2000-2001",
		"title":"Acting Governor",
		"place1":"People's Government",
		"place2":"Liaoning Province"
	},
	{
		"name":"Bo Xilai",
		"year":"1999-2000",
		"title":"Member",
		"place1":"CPC",
		"place2":"Provincial Committee",
		"place3":"Standing Committee",
		"place4":"Liaoning Province"
	},
	{
		"name":"Bo Xilai",
		"year":"1999-2000",
		"title":"Secretary",
		"place1":"CPC",
		"place2":"City Committee",
		"place3":"Liaoning Province",
		"place4":"Dalian City"
	},
	{
		"name":"Bo Xilai",
		"year":"1993-2000",
		"title":"Mayor",
		"place1":"People's Government",
		"place2":"Liaoning Province",
		"place3":"Dalian City"
	},
	{
		"name":"Bo Xilai",
		"year":"1992-1999",
		"title":"Deputy Secretary",
		"place1":"CPC",
		"place2":"City Committee",
		"place3":"Liaoning Province",
		"place4":"Dalian City"
	},
	{
		"name":"Bo Xilai",
		"year":"1992-1993",
		"title":"Acting Mayor",
		"place1":"People's Government",
		"place2":"Liaoning Province",
		"place3":"Dalian City"
	},
	{
		"name":"Bo Xilai",
		"year":"1989-1992",
		"title":"Vice-Mayor",
		"place1":"People's Government",
		"place2":"Liaoning Province",
		"place3":"Dalian City"
	},
	{
		"name":"Bo Xilai",
		"year":"1988-1992",
		"title":"Member",
		"place1":"CPC",
		"place2":"City Committee",
		"place3":"Standing Committee",
		"place4":"Liaoning Province",
		"place5":"Dalian City"
	},
	{
		"name":"Bo Xilai",
		"year":"1988-1989",
		"title":"Director",
		"place1":"Communications Department",
		"place2":"Liaoning Province",
		"place3":"Dalian City"
	},
	{
		"name":"Bo Xilai",
		"year":"1985-1986",
		"title":" Secretary",
		"place1":"Economic and Technological Development Zone",
		"place2":"CPC",
		"place3":"Party Committee",
		"place4":"Liaoning Province",
		"place5":"Dalian City"
	},
	{
		"name":"Bo Xilai",
		"year":"1982-1984",
		"title":"Staff Member",
		"place1":"CPC",
		"place2":"Central Committee",
		"place3":"Politburo",
		"place4":"Secretariat"
	},
	{
		"name":"Bo Xilai",
		"year":"1982-1984",
		"title":"Staff Member",
		"place1":"CPC",
		"place2":"Central Committee",
		"place3":"General Office"
	},
	{
		"name":"Bo Xilai",
		"year":"1980",
		"title":"Joined",
		"place1":"CPC"
	},
	{
		"name":"Bo Xilai",
		"year":"1979-1982",
		"title":"Student",
		"place1":"Chinese Academy of Social Sciences"
	},
	{
		"name":"Bo Xilai",
		"year":"1978-1979",
		"title":"Student",
		"place1":"Beijing University",
		"place2":"History Department",
		"place3":"Beijing Municipality"
	},
	{
		"name":"Bo Xilai",
		"year":"1972-1978",
		"title":"Worker",
		"place1":"No. 2 Light Industry Bureau",
		"place2":"Beijing Municipality"
	},
	{
		"name":"Bo Xilai",
		"year":"1968-1972",
		"title":"Prisoner",
		"place1":"Cultural Revolution"
	},
	{
		"name":"Bu Guxiang",
		"year":"1977-1982",
		"title":"Alternate Member",
		"place1":"CPC",
		"place2":"Central Committee"
	},
	{
		"name":"Bu Guxiang",
		"year":"1973-1977",
		"title":"Alternate Member",
		"place1":"CPC",
		"place2":"Central Committee"
	},
	{
		"name":"Bu Zhengfa",
		"year":"2007-",
		"title":"Vice-Chairman",
		"place1":"China National Light Industry Council"
	},
	{
		"name":"Bu Zhengfa",
		"year":"2002-2007",
		"title":"Vice-Minister",
		"place1":"Ministry of Human Resources and Social Security"
	},
	{
		"name":"Bu Zhengfa",
		"year":"1999-",
		"title":"Deputy Secretary",
		"place1":"CPC",
		"place2":"Provincial Committee",
		"place3":"Jiangxi Province"
	},
	{
		"name":"Bu Zhengfa",
		"year":"1998-1999",
		"title":"Member",
		"place1":"Ministry of Human Resources and Social Security",
		"place2":"Central Large Enterprises Working Committee"
	},
	{
		"name":"Bu Zhengfa",
		"year":"1998-1999",
		"title":"Member",
		"place1":"Ministry of Human Resources and Social Security",
		"place2":"CPC",
		"place3":"Leading Party Group"
	},
	{
		"name":"Bu Zhengfa",
		"year":"1998-1999",
		"title":"Vice-Minister",
		"place1":"Ministry of Human Resources and Social Security"
	},
	{
		"name":"Bu Zhengfa",
		"year":"1996-1998",
		"title":"Member",
		"place1":"State Council of Light Industry",
		"place2":"CPC",
		"place3":"Leading Party Group"
	},
	{
		"name":"Bu Zhengfa",
		"year":"1996-1998",
		"title":"Deputy Director",
		"place1":"State Council of Light Industry"
	},
	{
		"name":"Bu Zhengfa",
		"year":"1994-1996",
		"title":"Director",
		"place1":"Xinhua News Agency",
		"place2":"Macao Bureau",
		"place3":"Personnel Department",
		"place4":"Macao SAR"
	},
	{
		"name":"Bu Zhengfa",
		"year":"1990-1994",
		"title":"Director",
		"place1":"State Council of Light Industry",
		"place2":"Industry Sector Management Guidance Department"
	},
	{
		"name":"Bu Zhengfa",
		"year":"",
		"title":"Director",
		"place1":"Ministry of Light Industry",
		"place2":"Industry Sector Management Guidance Department"
	},
	{
		"name":"Bu Zhengfa",
		"year":"",
		"title":"Director",
		"place1":"Ministry of Light Industry",
		"place2":"Personnel and Labor Department"
	},
	{
		"name":"Bu Zhengfa",
		"year":"1985-1990",
		"title":"Deputy Director",
		"place1":"Ministry of Light Industry",
		"place2":"Personnel and Labor Department"
	},
	{
		"name":"Bu Zhengfa",
		"year":"1985-1990",
		"title":"Deputy Director",
		"place1":"Ministry of Ordinance Industry",
		"place2":"Personnel Department"
	},
	{
		"name":"Bu Zhengfa",
		"year":"1969-1985",
		"title":"Deputy Division Chief",
		"place1":"Ministry of Ordinance Industry",
		"place2":"Personnel Department"
	},
	{
		"name":"Bu Zhengfa",
		"year":"1969",
		"title":"Graduate",
		"place1":"Beijing Engineering Institute",
		"place2":"Radio Department",
		"place3":"Beijing Municipality"
	},
	{
		"name":"Bu Zhengfa",
		"year":"1965",
		"title":"Joined",
		"place1":"CPC"
	},
	{
		"name":"Bu Zhixin",
		"year":"1998-",
		"title":"Deputy Director",
		"place1":"Provincial People's Congress",
		"place2":"Standing Committee",
		"place3":"Guizhou Province"
	},
	{
		"name":"Bu Zhixin",
		"year":"1995-1998",
		"title":"Secretary-General",
		"place1":"CPC",
		"place2":"Provincial Committee",
		"place3":"Standing Committee",
		"place4":"Guizhou Province"
	},
	{
		"name":"Bu Zhixin",
		"year":"1993-1995",
		"title":"Secretary-General",
		"place1":"CPC",
		"place2":"Provincial Committee",
		"place3":"Guizhou Province"
	},
	{
		"name":"Bu Zhixin",
		"year":"1992-1997",
		"title":"Delegate",
		"place1":"CPC",
		"place2":"National Congress"
	},
	{
		"name":"Bu Zhixin",
		"year":"1988-1992",
		"title":"Secretary",
		"place1":"Provincial Agricultural Office",
		"place2":"CPC",
		"place3":"Leading Party Group",
		"place4":"Guizhou Province"
	},
	{
		"name":"Bu Zhixin",
		"year":"1988-1992",
		"title":"Chief",
		"place1":"Provincial Agricultural Office",
		"place2":"Guizhou Province"
	},
	{
		"name":"Bu Zhixin",
		"year":"1985-1988",
		"title":"Deputy Secretary",
		"place1":"Provincial Agricultural Office",
		"place2":"CPC",
		"place3":"Leading Party Group",
		"place4":"Guizhou Province"
	},
	{
		"name":"Bu Zhixin",
		"year":"1985-1988",
		"title":"Deputy Chief",
		"place1":"Provincial Agricultural Office",
		"place2":"Guizhou Province"
	},
	{
		"name":"Bu Zhixin",
		"year":"1985-1985",
		"title":"Deputy Commissioner",
		"place1":"Provincial Administrative Office",
		"place2":"Guizhou Province"
	},
	{
		"name":"Bu Zhixin",
		"year":"1984-1985",
		"title":"Deputy Secretary",
		"place1":"CPC",
		"place2":"County Committee",
		"place3":"Guizhou Province",
		"place4":"Tongzi County"
	},
	{
		"name":"Bu Zhixin",
		"year":"1984-1985",
		"title":"Chief",
		"place1":"Animal Husbandry Bureau",
		"place2":"Guizhou Province"
	},
	{
		"name":"Bu Zhixin",
		"year":"1984-1985",
		"title":"Manager",
		"place1":"Guizhou Province",
		"place2":"Zunyi County"
	},
	{
		"name":"Bu Zhixin",
		"year":"1975",
		"title":"Joined",
		"place1":"CPC"
	},
	{
		"name":"Bu Zhixin",
		"year":"1967-1984",
		"title":"Deputy Magistrate",
		"place1":"County (District) People's Court",
		"place2":"Guizhou Province",
		"place3":"Zunyi County"
	},
	{
		"name":"Bu Zhixin",
		"year":"1967-1984",
		"title":"Deputy Director",
		"place1":"Cultural Revolution",
		"place2":"Revolutionary Committee",
		"place3":"Guizhou Province",
		"place4":"Zunyi County"
	},
	{
		"name":"Bu Zhixin",
		"year":"1962-1967",
		"title":"Student",
		"place1":"Henan Agricultural University",
		"place2":"Henan Province"
	},
	{
		"name":"Buhe ",
		"year":"1998-2003",
		"title":"Vice-Chairman",
		"place1":"Standing Committee of the NPC"
	},
	{
		"name":"Buhe ",
		"year":"1998-2003",
		"title":"Deputy",
		"place1":"NPC"
	},
	{
		"name":"Buhe ",
		"year":"1997-2002",
		"title":"Delegate",
		"place1":"CPC",
		"place2":"National Congress"
	},
	{
		"name":"Buhe ",
		"year":"1993-1998",
		"title":"Vice-Chairman",
		"place1":"Standing Committee of the NPC"
	},
	{
		"name":"Buhe ",
		"year":"1993-1998",
		"title":"Vice-Chairman",
		"place1":"CPPCC",
		"place2":"National Committee",
		"place3":"Standing Committee"
	},
	{
		"name":"Buhe ",
		"year":"1993-1998",
		"title":"Deputy",
		"place1":"NPC"
	},
	{
		"name":"Buhe ",
		"year":"1992-1997",
		"title":"Delegate",
		"place1":"CPC",
		"place2":"National Congress"
	},
	{
		"name":"Buhe ",
		"year":"1988-1993",
		"title":"Deputy",
		"place1":"NPC"
	},
	{
		"name":"Buhe ",
		"year":"1987-1992",
		"title":"Member",
		"place1":"CPC",
		"place2":"Central Committee"
	},
	{
		"name":"Buhe ",
		"year":"",
		"title":"Advisor",
		"place1":"Chinese Poetry Society"
	},
	{
		"name":"Buhe ",
		"year":"",
		"title":"Member",
		"place1":"Chinese Dramatists Association"
	},
	{
		"name":"Buhe ",
		"year":"",
		"title":"Member",
		"place1":"Chinese Writers Association"
	},
	{
		"name":"Buhe ",
		"year":"",
		"title":"Member",
		"place1":"China Federation of Literary and Art Circles (CFLAC)",
		"place2":"Council"
	},
	{
		"name":"Buhe ",
		"year":"1983-????",
		"title":"Chairman",
		"place1":"Autonomous Region People's Government",
		"place2":"Inner Mongolia Autonomous Region"
	},
	{
		"name":"Buhe ",
		"year":"1982-1987",
		"title":"Member",
		"place1":"CPC",
		"place2":"Central Committee"
	},
	{
		"name":"Buhe ",
		"year":"1982-1993",
		"title":"Deputy Secretary",
		"place1":"CPC",
		"place2":"Autonomous Regional Committee",
		"place3":"Inner Mongolia Autonomous Region"
	},
	{
		"name":"Buhe ",
		"year":"",
		"title":"Mayor",
		"place1":"People's Government",
		"place2":"Inner Mongolia Autonomous Region",
		"place3":"Hohhot City"
	},
	{
		"name":"Buhe ",
		"year":"",
		"title":"Secretary",
		"place1":"CPC",
		"place2":"Autonomous City Committee",
		"place3":"Inner Mongolia Autonomous Region",
		"place4":"Hohhot City"
	},
	{
		"name":"Buhe ",
		"year":"",
		"title":"Vice-Chairman",
		"place1":"State Ethnic Affairs Commission"
	},
	{
		"name":"Buhe ",
		"year":"1978-1981",
		"title":"Member",
		"place1":"CPC",
		"place2":"Autonomous Regional Committee",
		"place3":"Standing Committee",
		"place4":"Inner Mongolia Autonomous Region"
	},
	{
		"name":"Buhe ",
		"year":"",
		"title":"Head",
		"place1":"CPC",
		"place2":"Autonomous Regional Committee",
		"place3":"Publicity Department",
		"place4":"Inner Mongolia Autonomous Region"
	},
	{
		"name":"Buhe ",
		"year":"1974-1978",
		"title":"Secretary",
		"place1":"CPC",
		"place2":"Autonomous City Committee",
		"place3":"Inner Mongolia Autonomous Region",
		"place4":"Baotou City"
	},
	{
		"name":"Buhe ",
		"year":"",
		"title":"Secretary-General",
		"place1":"Sino-Russian Friendship Association",
		"place2":"Inner Mongolia Branch"
	},
	{
		"name":"Buhe ",
		"year":"",
		"title":"Chairman",
		"place1":"Regional Federation of Literary and Art Circles"
	},
	{
		"name":"Buhe ",
		"year":"1954-1974",
		"title":"Deputy Director",
		"place1":"Cultural Bureau",
		"place2":"Inner Mongolia Autonomous Region"
	},
	{
		"name":"Buhe ",
		"year":"1954-1974",
		"title":"Secretary",
		"place1":"Cultural Bureau",
		"place2":"CPC",
		"place3":"Leading Party Group",
		"place4":"Inner Mongolia Autonomous Region"
	},
	{
		"name":"Buhe ",
		"year":"1946-1954",
		"title":"Director",
		"place1":"Inner Mongolia Cultural Troupe",
		"place2":"Inner Mongolia Autonomous Region"
	},
	{
		"name":"Buhe ",
		"year":"1946-1954",
		"title":"Secretary",
		"place1":"Inner Mongolia Cultural Troupe",
		"place2":"CPC",
		"place3":"Party Committee",
		"place4":"Inner Mongolia Autonomous Region"
	},
	{
		"name":"Buhe ",
		"year":"1942",
		"title":"Joined",
		"place1":"CPC"
	},
	{
		"name":"Buhe ",
		"year":"1939-1946",
		"title":"Student",
		"place1":"Yan'an Nationalities College",
		"place2":"Shaanxi Province",
		"place3":"Yan'an City"
	},
	{
		"name":"Buhe ",
		"year":"1939-1946",
		"title":"Student",
		"place1":"Northern Shaanxi College",
		"place2":"Shaanxi Province",
		"place3":"Yan'an City"
	},
	{
		"name":"Buxiaolin  (Bu Xiaolin)",
		"year":"2016-",
		"title":"Chairman",
		"place1":"Autonomous Region People's Government",
		"place2":"Inner Mongolia Autonomous Region"
	},
	{
		"name":"Buxiaolin  (Bu Xiaolin)",
		"year":"2008-2016",
		"title":"Vice-Chairman",
		"place1":"Autonomous Region People's Government",
		"place2":"Inner Mongolia Autonomous Region"
	},
	{
		"name":"Buxiaolin  (Bu Xiaolin)",
		"year":"2007-",
		"title":"Delegate",
		"place1":"CPC",
		"place2":"National Congress"
	},
	{
		"name":"Buxiaolin  (Bu Xiaolin)",
		"year":"2006-2008",
		"title":"Secretary",
		"place1":"CPC",
		"place2":"League Committee",
		"place3":"Inner Mongolia Autonomous Region",
		"place4":"Alxa League"
	},
	{
		"name":"Buxiaolin  (Bu Xiaolin)",
		"year":"2006-2007",
		"title":"Director",
		"place1":"Autonomous Regional People's Congress",
		"place2":"Work Committee",
		"place3":"Inner Mongolia Autonomous Region",
		"place4":"Alxa League"
	},
	{
		"name":"Buxiaolin  (Bu Xiaolin)",
		"year":"2004-2006",
		"title":"Deputy Secretary",
		"place1":"CPC",
		"place2":"League Committee",
		"place3":"Inner Mongolia Autonomous Region",
		"place4":"Alxa League"
	},
	{
		"name":"Buxiaolin  (Bu Xiaolin)",
		"year":"2004-2006",
		"title":"Administrative Chief",
		"place1":"Autonomous Region People's Government",
		"place2":"Inner Mongolia Autonomous Region",
		"place3":"Alxa League"
	},
	{
		"name":"Buxiaolin  (Bu Xiaolin)",
		"year":"2003-2004",
		"title":"Deputy Secretary-General",
		"place1":"Autonomous Region People's Government",
		"place2":"Inner Mongolia Autonomous Region"
	},
	{
		"name":"Buxiaolin  (Bu Xiaolin)",
		"year":"2003-2004",
		"title":"Director",
		"place1":"Autonomous Region People's Government",
		"place2":"Research Office",
		"place3":"Inner Mongolia Autonomous Region"
	},
	{
		"name":"Buxiaolin  (Bu Xiaolin)",
		"year":"2003-2008",
		"title":"Deputy",
		"place1":"NPC"
	},
	{
		"name":"Buxiaolin  (Bu Xiaolin)",
		"year":"2000-2003",
		"title":"Director",
		"place1":"Autonomous Region People's Government",
		"place2":"Legal Affairs Office",
		"place3":"Inner Mongolia Autonomous Region"
	},
	{
		"name":"Buxiaolin  (Bu Xiaolin)",
		"year":"2000-2003",
		"title":"Secretary",
		"place1":"Autonomous Region People's Government",
		"place2":"Legal Affairs Office",
		"place3":"CPC",
		"place4":"Leading Party Group",
		"place5":"Inner Mongolia Autonomous Region"
	},
	{
		"name":"Buxiaolin  (Bu Xiaolin)",
		"year":"1984-1985",
		"title":"Teacher",
		"place1":"Inner Mongolia University",
		"place2":"Law Department",
		"place3":"Inner Mongolia Autonomous Region",
		"place4":"Hohhot City"
	},
	{
		"name":"Buxiaolin  (Bu Xiaolin)",
		"year":"1980-1984",
		"title":"Student",
		"place1":"Beijing University",
		"place2":"Beijing Municipality"
	}
]