[
	{
		"name":"E Jingping",
		"year":"2012-2017",
		"title":"Alternate Member",
		"place1":"CPC",
		"place2":"Central Committee"
	},
	{
		"name":"E Jingping",
		"year":"2010-",
		"title":"Secretary",
		"place1":"State Construction Commission",
		"place2":"Office of South-to-North Water Diversion Project",
		"place3":"CPC",
		"place4":"Leading Party Group"
	},
	{
		"name":"E Jingping",
		"year":"2010-",
		"title":"Director",
		"place1":"State Construction Commission",
		"place2":"Office of South-to-North Water Diversion Project"
	},
	{
		"name":"E Jingping",
		"year":"2009-",
		"title":"Deputy Director",
		"place1":"State Flood Control and Drought Relief Headquarters"
	},
	{
		"name":"E Jingping",
		"year":"2008-",
		"title":"Deputy Secretary",
		"place1":"Ministry of Water Resources",
		"place2":"CPC",
		"place3":"Leading Party Group"
	},
	{
		"name":"E Jingping",
		"year":"2003-",
		"title":"Vice-Minister",
		"place1":"Ministry of Water Resources"
	},
	{
		"name":"E Jingping",
		"year":"2001-2009",
		"title":"Secretary-General",
		"place1":"State Flood Control and Drought Relief Headquarters"
	},
	{
		"name":"E Jingping",
		"year":"2001-2009",
		"title":"Director-General",
		"place1":"State Flood Control and Drought Relief Headquarters",
		"place2":"General Office"
	},
	{
		"name":"E Jingping",
		"year":"2001-2008",
		"title":"Member",
		"place1":"Ministry of Water Resources",
		"place2":"CPC",
		"place3":"Leading Party Group"
	},
	{
		"name":"E Jingping",
		"year":"1997-2001",
		"title":"Secretary",
		"place1":"Yellow River Water Conservancy Commission",
		"place2":"CPC",
		"place3":"Leading Party Group"
	},
	{
		"name":"E Jingping",
		"year":"1997-2001",
		"title":"Director",
		"place1":"Yellow River Water Conservancy Commission"
	},
	{
		"name":"E Jingping",
		"year":"1993-1997",
		"title":"Deputy Commissioner",
		"place1":"Downstream Administration Bureau",
		"place2":"Haihe River Water Resources Commission"
	},
	{
		"name":"E Jingping",
		"year":"1993-1997",
		"title":"Commissioner",
		"place1":"Downstream Administration Bureau",
		"place2":"Haihe River Water Resources Commission"
	},
	{
		"name":"E Jingping",
		"year":"1983-1993",
		"title":"Deputy Director-General",
		"place1":"Ministry of Water Resources",
		"place2":"Planning Department"
	},
	{
		"name":"E Jingping",
		"year":"1977",
		"title":"Joined",
		"place1":"CPC"
	},
	{
		"name":"Edmund Ho Hau Wah",
		"year":"2013-",
		"title":"Vice-Chairman",
		"place1":"CPPCC",
		"place2":"National Committee"
	},
	{
		"name":"Edmund Ho Hau Wah",
		"year":"2010-2013",
		"title":"Vice-Chairman",
		"place1":"CPPCC",
		"place2":"National Committee"
	},
	{
		"name":"Edmund Ho Hau Wah",
		"year":"1999-2009",
		"title":"Chief Executive",
		"place1":"Central People's Government",
		"place2":"Macao SAR"
	},
	{
		"name":"Edmund Ho Hau Wah",
		"year":"1999",
		"title":"Member",
		"place1":"Macao SAR Preparatory Committee",
		"place2":"Government Delegation",
		"place3":" Macao Hand-Over Ceremony"
	},
	{
		"name":"Edmund Ho Hau Wah",
		"year":"1998-1999",
		"title":"Vice-Chairman",
		"place1":"Macao SAR Preparatory Committee"
	},
	{
		"name":"Edmund Ho Hau Wah",
		"year":"1998-2003",
		"title":"Member",
		"place1":"Standing Committee of the NPC"
	},
	{
		"name":"Edmund Ho Hau Wah",
		"year":"1997-????",
		"title":"Vice-President",
		"place1":"China Overseas Friendship Association"
	},
	{
		"name":"Edmund Ho Hau Wah",
		"year":"1996-",
		"title":"Vice-Chairman",
		"place1":"Central People's Government",
		"place2":"Macao Legislature",
		"place3":"Macao SAR"
	},
	{
		"name":"Edmund Ho Hau Wah",
		"year":"1993-1998",
		"title":"Member",
		"place1":"Standing Committee of the NPC"
	},
	{
		"name":"Edmund Ho Hau Wah",
		"year":"1993-????",
		"title":"Member",
		"place1":"All-China Federation of Industry and Commerce",
		"place2":"Standing Committee"
	},
	{
		"name":"Edmund Ho Hau Wah",
		"year":"1993-????",
		"title":"Vice-Chairman",
		"place1":"All-China Federation of Industry and Commerce",
		"place2":"Executive Committee"
	},
	{
		"name":"Edmund Ho Hau Wah",
		"year":"",
		"title":"Vice-Chairman",
		"place1":"Committee for Drafting the Basic Law of the Macao SAR"
	},
	{
		"name":"Edmund Ho Hau Wah",
		"year":"",
		"title":"General Manager",
		"place1":"Tai Feng Bank"
	},
	{
		"name":"Edmund Ho Hau Wah",
		"year":"1988-1993",
		"title":"Deputy",
		"place1":"NPC"
	},
	{
		"name":"Edmund Ho Hau Wah",
		"year":"",
		"title":"Vice-President",
		"place1":"Chinese General Chamber of Commerce",
		"place2":"Macao SAR"
	},
	{
		"name":"Edmund Ho Hau Wah",
		"year":"1988-",
		"title":"Vice-Chairman",
		"place1":"Central People's Government",
		"place2":"Legislative Council",
		"place3":"Macao SAR"
	},
	{
		"name":"Edmund Ho Hau Wah",
		"year":"1988-1989",
		"title":"Deputy Director",
		"place1":"MSAR Basic Law Committee of the NPC"
	},
	{
		"name":"Edmund Ho Hau Wah",
		"year":"1985-1993",
		"title":"Chairman",
		"place1":"Lianfengheng Insurance Co. Ltd.",
		"place2":"Macao SAR"
	},
	{
		"name":"Edmund Ho Hau Wah",
		"year":"1983-????",
		"title":"General Manager",
		"place1":"Dafeng Bank of Macao",
		"place2":"Macao SAR"
	},
	{
		"name":"Edmund Ho Hau Wah",
		"year":"1983-1988",
		"title":"Member",
		"place1":"CPPCC",
		"place2":"National Committee"
	},
	{
		"name":"Edmund Ho Hau Wah",
		"year":"1982-1983",
		"title":"Auditor",
		"place1":"KPMG",
		"place2":"Hong Kong",
		"place3":"Hong Kong SAR"
	},
	{
		"name":"Edmund Ho Hau Wah",
		"year":"1978",
		"title":"Graduate",
		"place1":"York University",
		"place2":"Business Management Department",
		"place3":"Canada",
		"place4":"Toronto"
	},
	{
		"name":"Epstein Israel",
		"year":"1982-",
		"title":"Vice-Chairman",
		"place1":"Song Qingling Foundation"
	},
	{
		"name":"Epstein Israel",
		"year":"1982",
		"title":"Honorary Editor-in-Chief",
		"place1":"China Today"
	},
	{
		"name":"Epstein Israel",
		"year":"1951-1982",
		"title":"Editor",
		"place1":"China Today"
	},
	{
		"name":"Epstein Israel",
		"year":"1931-1951",
		"title":"Reporter",
		"place1":"Beijing-Tianjin Times",
		"place2":"Beijing Municipality"
	},
	{
		"name":"Epstein Israel",
		"year":"1931-1951",
		"title":"Reporter",
		"place1":"International Broadcasting Station",
		"place2":"Chongqing Municipality"
	},
	{
		"name":"Epstein Israel",
		"year":"1931-1951",
		"title":"Reporter",
		"place1":"South China Morning Post",
		"place2":"Hong Kong SAR"
	},
	{
		"name":"Epstein Israel",
		"year":"1931-1951",
		"title":"Editor-in-Chief",
		"place1":"Beijing Daily",
		"place2":"Beijing Municipality"
	},
	{
		"name":"Epstein Israel",
		"year":"1931-1951",
		"title":"Reporter",
		"place1":"Beijing Daily",
		"place2":"Beijing Municipality"
	},
	{
		"name":"Epstein Israel",
		"year":"1931-1951",
		"title":"Editor-in-Chief",
		"place1":"Beijing-Tianjin Times",
		"place2":"Beijing Municipality"
	}
]