[
	{
		"name":"Ismail Amat",
		"year":"2003-",
		"title":"Vice-Chairman",
		"place1":"Standing Committee of the NPC"
	},
	{
		"name":"Ismail Amat",
		"year":"2002-2007",
		"title":"Member",
		"place1":"CPC",
		"place2":"Central Committee"
	},
	{
		"name":"Ismail Amat",
		"year":"2000-",
		"title":"Vice-Chairman",
		"place1":"China International Committee for Natural Disaster"
	},
	{
		"name":"Ismail Amat",
		"year":"1998-????",
		"title":"Director",
		"place1":"State Council Coordination Committee for the Work of Disabled Persons"
	},
	{
		"name":"Ismail Amat",
		"year":"1997-2002",
		"title":"Member",
		"place1":"CPC",
		"place2":"Central Committee"
	},
	{
		"name":"Ismail Amat",
		"year":"1993-2003",
		"title":"State Councilor",
		"place1":"State Council"
	},
	{
		"name":"Ismail Amat",
		"year":"1992-1997",
		"title":"Member",
		"place1":"CPC",
		"place2":"Central Committee"
	},
	{
		"name":"Ismail Amat",
		"year":"1988-1993",
		"title":"Vice-Chairman",
		"place1":"CPPCC",
		"place2":"National Committee"
	},
	{
		"name":"Ismail Amat",
		"year":"1987-1992",
		"title":"Member",
		"place1":"CPC",
		"place2":"Central Committee"
	},
	{
		"name":"Ismail Amat",
		"year":"1985-1998",
		"title":"Secretary",
		"place1":"State Ethnic Affairs Commission",
		"place2":"CPC",
		"place3":"Leading Party Group"
	},
	{
		"name":"Ismail Amat",
		"year":"1985-1998",
		"title":"Minister",
		"place1":"State Ethnic Affairs Commission"
	},
	{
		"name":"Ismail Amat",
		"year":"1982-1987",
		"title":"Member",
		"place1":"CPC",
		"place2":"Central Committee"
	},
	{
		"name":"Ismail Amat",
		"year":"1978-1983",
		"title":"Member",
		"place1":"Standing Committee of the NPC"
	},
	{
		"name":"Ismail Amat",
		"year":"1977-1982",
		"title":"Member",
		"place1":"CPC",
		"place2":"Central Committee"
	},
	{
		"name":"Ismail Amat",
		"year":"1972-1977",
		"title":"Member",
		"place1":"CPC",
		"place2":"Central Committee"
	},
	{
		"name":"Ismail Amat",
		"year":"1972-1985",
		"title":"Chairman",
		"place1":"Autonomous Region People's Government",
		"place2":"Xinjiang Uygur Autonomous Region"
	},
	{
		"name":"Ismail Amat",
		"year":"1972-1985",
		"title":"Vice-Chairman",
		"place1":"Cultural Revolution",
		"place2":"Revolutionary Committee",
		"place3":"Xinjiang Uygur Autonomous Region"
	},
	{
		"name":"Ismail Amat",
		"year":"1972-1985",
		"title":"Head",
		"place1":"CPC",
		"place2":"Autonomous Regional Committee",
		"place3":"Organization Department",
		"place4":"Xinjiang Uygur Autonomous Region"
	},
	{
		"name":"Ismail Amat",
		"year":"1972-1985",
		"title":"Secretary",
		"place1":"CPC",
		"place2":"Autonomous Regional Committee",
		"place3":"Organization Department",
		"place4":"Xinjiang Uygur Autonomous Region"
	},
	{
		"name":"Ismail Amat",
		"year":"1969-1972",
		"title":"Head",
		"place1":"Group for Regional Cultural",
		"place2":" Educational and Health Work",
		"place3":"Xinjiang Uygur Autonomous Region"
	},
	{
		"name":"Ismail Amat",
		"year":"1969-1972",
		"title":"Member",
		"place1":"Xinjiang Uygur Autonomous Region",
		"place2":"Cultural Revolution",
		"place3":"Revolutionary Committee",
		"place4":"Standing Committee",
		"place5":"Xinjiang Uygur Autonomous Region"
	},
	{
		"name":"Ismail Amat",
		"year":"1966-1967",
		"title":"Deputy Director",
		"place1":"CPC",
		"place2":"Autonomous Regional Committee",
		"place3":"Cultural",
		"place4":" Education and Political Work Department",
		"place5":"Xinjiang Uygur Autonomous Region"
	},
	{
		"name":"Ismail Amat",
		"year":"1963-1965",
		"title":"Deputy Head",
		"place1":"CPC",
		"place2":"Autonomous Prefectural Committee",
		"place3":"Publicity Department",
		"place4":"Xinjiang Uygur Autonomous Region",
		"place5":"Hotan (Hetian)"
	},
	{
		"name":"Ismail Amat",
		"year":"1960-1962",
		"title":"Student",
		"place1":"CPC",
		"place2":"Central Committee",
		"place3":"Central Party School"
	},
	{
		"name":"Ismail Amat",
		"year":"1954-1962",
		"title":"Magistrate",
		"place1":"County (District) People's Court",
		"place2":"Xinjiang Uygur Autonomous Region",
		"place3":"Qira"
	},
	{
		"name":"Ismail Amat",
		"year":"1954-1962",
		"title":"Deputy Secretary",
		"place1":"CPC",
		"place2":"Autonomous County Committee",
		"place3":"Xinjiang Uygur Autonomous Region",
		"place4":"Qira"
	},
	{
		"name":"Ismail Amat",
		"year":"1954-1962",
		"title":"Secretary",
		"place1":"CYLC",
		"place2":"Autonomous County-Level",
		"place3":"Xinjiang Uygur Autonomous Region",
		"place4":"Qira"
	},
	{
		"name":"Ismail Amat",
		"year":"1953",
		"title":"Joined",
		"place1":"CPC"
	},
	{
		"name":"Ismail Tiliwaldi",
		"year":"2008-2013",
		"title":"Vice-Chairman",
		"place1":"Standing Committee of the NPC"
	},
	{
		"name":"Ismail Tiliwaldi",
		"year":"2007-2012",
		"title":"Member",
		"place1":"CPC",
		"place2":"Central Committee"
	},
	{
		"name":"Ismail Tiliwaldi",
		"year":"2003-2007",
		"title":"Chairman",
		"place1":"Autonomous Region People's Government",
		"place2":"Xinjiang Uygur Autonomous Region"
	},
	{
		"name":"Ismail Tiliwaldi",
		"year":"2002-2007",
		"title":"Alternate Member",
		"place1":"CPC",
		"place2":"Central Committee"
	},
	{
		"name":"Ismail Tiliwaldi",
		"year":"1998-",
		"title":"Deputy Secretary",
		"place1":"CPC",
		"place2":"Autonomous Regional Committee",
		"place3":"Politics and Law Committee",
		"place4":"Xinjiang Uygur Autonomous Region"
	},
	{
		"name":"Ismail Tiliwaldi",
		"year":"",
		"title":"Member",
		"place1":"CPC",
		"place2":"Autonomous Regional Committee",
		"place3":"Standing Committee",
		"place4":"Xinjiang Uygur Autonomous Region"
	},
	{
		"name":"Ismail Tiliwaldi",
		"year":"1998-2000",
		"title":"Member",
		"place1":"Autonomous Region People's Government",
		"place2":"CPC",
		"place3":"Leading Party Group",
		"place4":"Xinjiang Uygur Autonomous Region"
	},
	{
		"name":"Ismail Tiliwaldi",
		"year":"1995-1998",
		"title":"Deputy Political Commissar",
		"place1":"Xinjiang Production and Construction Corps",
		"place2":"Xinjiang Uygur Autonomous Region"
	},
	{
		"name":"Ismail Tiliwaldi",
		"year":"1995-1998",
		"title":"Member",
		"place1":"Xinjiang Production and Construction Corps",
		"place2":"CPC",
		"place3":"Party Committee",
		"place4":"Standing Committee",
		"place5":"Xinjiang Uygur Autonomous Region"
	},
	{
		"name":"Ismail Tiliwaldi",
		"year":"1993-1995",
		"title":"Secretary-General",
		"place1":"Autonomous Region People's Government",
		"place2":"Xinjiang Uygur Autonomous Region",
		"place3":"Kashi Prefecture"
	},
	{
		"name":"Ismail Tiliwaldi",
		"year":"1990-1993",
		"title":"Commissioner",
		"place1":"People's Government",
		"place2":"Xinjiang Uygur Autonomous Region",
		"place3":"Kashi Prefecture"
	},
	{
		"name":"Ismail Tiliwaldi",
		"year":"1983-1990",
		"title":"Deputy Commissioner",
		"place1":"People's Government",
		"place2":"Xinjiang Uygur Autonomous Region",
		"place3":"Kashi Prefecture"
	},
	{
		"name":"Ismail Tiliwaldi",
		"year":"1980-1983",
		"title":"Chief",
		"place1":"Personnel Department",
		"place2":"Xinjiang Uygur Autonomous Region",
		"place3":"Kashi Prefecture"
	},
	{
		"name":"Ismail Tiliwaldi",
		"year":"1980-1983",
		"title":"Deputy Chief",
		"place1":"Personnel Department",
		"place2":"Xinjiang Uygur Autonomous Region",
		"place3":"Kashi Prefecture"
	},
	{
		"name":"Ismail Tiliwaldi",
		"year":"1976-1980",
		"title":"Staff Official",
		"place1":"CPC",
		"place2":"Autonomous Prefectural Committee",
		"place3":"Organization Department",
		"place4":"Xinjiang Uygur Autonomous Region",
		"place5":"Kashi Prefecture"
	},
	{
		"name":"Ismail Tiliwaldi",
		"year":"1973-1976",
		"title":"Staff Official",
		"place1":"CPC",
		"place2":"Autonomous County Committee",
		"place3":"Organization Department",
		"place4":"Xinjiang Uygur Autonomous Region",
		"place5":"Shufu County"
	},
	{
		"name":"Ismail Tiliwaldi",
		"year":"1973",
		"title":"Joined",
		"place1":"CPC"
	},
	{
		"name":"Ismail Tiliwaldi",
		"year":"1967-1973",
		"title":"Worker",
		"place1":"Xinjiang Uygur Autonomous Region",
		"place2":"Shufu County"
	},
	{
		"name":"Ismail Tiliwaldi",
		"year":"1967",
		"title":"Graduate",
		"place1":"Xinjiang University",
		"place2":"Mathematics Department",
		"place3":"Xinjiang Uygur Autonomous Region"
	}
]