[
	{
		"name":"Kan Ke",
		"year":"2011-",
		"title":"Deputy Director",
		"place1":"Legislative Affairs Committee of the NPC"
	},
	{
		"name":"Kan Zhidong",
		"year":"1999-",
		"title":"General Manager",
		"place1":"Shenzhen Technology Venture Capital Co.",
		"place2":"Guangdong Province",
		"place3":"Shenzhen City"
	},
	{
		"name":"Kan Zhidong",
		"year":"1999-",
		"title":"Vice-President",
		"place1":"Shenzhen Technology Venture Capital Co.",
		"place2":"Guangdong Province",
		"place3":"Shenzhen City"
	},
	{
		"name":"Kan Zhidong",
		"year":"1990-1997",
		"title":"Director",
		"place1":"Shenzhen Stock Exchange",
		"place2":"Guangdong Province",
		"place3":"Shenzhen City"
	},
	{
		"name":"Kan Zhidong",
		"year":"1990-1997",
		"title":"President",
		"place1":"Securities Association of Shanghai",
		"place2":"Shanghai Municipality"
	},
	{
		"name":"Kan Zhidong",
		"year":"1990-1997",
		"title":"President",
		"place1":"Shanghai Shenyin Securities Co.",
		"place2":"Shanghai Municipality"
	},
	{
		"name":"Kan Zhidong",
		"year":"1990-1997",
		"title":"Corporate Representative",
		"place1":"Shenyin & Wanguo Securities Co."
	},
	{
		"name":"Kan Zhidong",
		"year":"1990-1997",
		"title":"Deputy Director-General",
		"place1":"Shanghai Stock Exchange",
		"place2":"Shanghai Municipality"
	},
	{
		"name":"Kan Zhidong",
		"year":"1988-1990",
		"title":"Deputy General Manager",
		"place1":"Industrial and Commercial Banks of China",
		"place2":"Shanghai Trust Investment Branch",
		"place3":"Shanghai Municipality"
	},
	{
		"name":"Kan Zhidong",
		"year":"1987-1988",
		"title":"Student",
		"place1":"CYLC",
		"place2":"Central Committee",
		"place3":"Party School"
	},
	{
		"name":"Kan Zhidong",
		"year":"1979-????",
		"title":"Worker",
		"place1":"People's Bank of China",
		"place2":"Municipal Branch",
		"place3":"Shanghai Municipality"
	},
	{
		"name":"Kang Dian",
		"year":"",
		"title":"Chairman",
		"place1":"Guangnan Group Company"
	},
	{
		"name":"Kang Dian",
		"year":"",
		"title":"Graduate",
		"place1":"Beijing University of Science and Technology",
		"place2":"Beijing Municipality"
	},
	{
		"name":"Kang Jianmin",
		"year":"1973-1977",
		"title":"Alternate Member",
		"place1":"CPC",
		"place2":"Central Committee"
	},
	{
		"name":"Kang Jianmin",
		"year":"1969-1973",
		"title":"Alternate Member",
		"place1":"CPC",
		"place2":"Central Committee"
	},
	{
		"name":"Kang Keqing",
		"year":"1988-1993",
		"title":"Vice-Chairman",
		"place1":"CPPCC",
		"place2":"National Committee"
	},
	{
		"name":"Kang Keqing",
		"year":"1983-1988",
		"title":"Vice-Chairman",
		"place1":"CPPCC",
		"place2":"National Committee"
	},
	{
		"name":"Kang Keqing",
		"year":"1982-1987",
		"title":"Member",
		"place1":"CPC",
		"place2":"Central Committee"
	},
	{
		"name":"Kang Keqing",
		"year":"1978-1983",
		"title":"Vice-Chairman",
		"place1":"CPPCC",
		"place2":"National Committee"
	},
	{
		"name":"Kang Keqing",
		"year":"1977-1982",
		"title":"Member",
		"place1":"CPC",
		"place2":"Central Committee"
	},
	{
		"name":"Kang Lin",
		"year":"1977-1982",
		"title":"Alternate Member",
		"place1":"CPC",
		"place2":"Central Committee"
	},
	{
		"name":"Kang Lin",
		"year":"1973-1977",
		"title":"Alternate Member",
		"place1":"CPC",
		"place2":"Central Committee"
	},
	{
		"name":"Kang Lin",
		"year":"1969-1973",
		"title":"Alternate Member",
		"place1":"CPC",
		"place2":"Central Committee"
	},
	{
		"name":"Kang Rixin",
		"year":"2007-2012",
		"title":"Member",
		"place1":"CPC",
		"place2":"Central Committee"
	},
	{
		"name":"Kang Rixin",
		"year":"1999-2010",
		"title":"Secretary",
		"place1":"China National Nuclear Corporation (CNNC)",
		"place2":"CPC",
		"place3":"Party Committee"
	},
	{
		"name":"Kang Rixin",
		"year":"1999-2010",
		"title":"Deputy General Manager",
		"place1":"China National Nuclear Corporation (CNNC)"
	},
	{
		"name":"Kang Rixin",
		"year":"1996-1999",
		"title":"Chairman",
		"place1":"3rd Qinshan Nuclear Power Company"
	},
	{
		"name":"Kang Rixin",
		"year":"1996-1999",
		"title":"Senior Engineer",
		"place1":"3rd Qinshan Nuclear Power Company"
	},
	{
		"name":"Kang Rixin",
		"year":"1996-1999",
		"title":"Assistant General Manager",
		"place1":"China National Nuclear Corporation (CNNC)"
	},
	{
		"name":"Kang Rixin",
		"year":"1982",
		"title":"Joined",
		"place1":"CPC"
	},
	{
		"name":"Kang Rixin",
		"year":"1978-1996",
		"title":"Deputy Institute Director",
		"place1":"China Atomic Energy Scientific Research Institute"
	},
	{
		"name":"Kang Rixin",
		"year":"1978-1996",
		"title":"Secretary",
		"place1":"China Atomic Energy Scientific Research Institute",
		"place2":"CPC",
		"place3":"Party Branch"
	},
	{
		"name":"Kang Rixin",
		"year":"1978-1996",
		"title":"Deputy Chairman",
		"place1":"China Atomic Energy Scientific Research Institute"
	},
	{
		"name":"Kang Rixin",
		"year":"1978-1996",
		"title":"Senior Engineer",
		"place1":"China Atomic Energy Scientific Research Institute"
	},
	{
		"name":"Kang Rixin",
		"year":"1978-1996",
		"title":"Engineer",
		"place1":"China Atomic Energy Scientific Research Institute"
	},
	{
		"name":"Kang Rixin",
		"year":"1978-1996",
		"title":"Assistant Engineer",
		"place1":"China Atomic Energy Scientific Research Institute"
	},
	{
		"name":"Kang Rixin",
		"year":"1978",
		"title":"Graduate",
		"place1":"Jiaotong University",
		"place2":"Shanghai Municipality"
	},
	{
		"name":"Kang Rixin",
		"year":"1975-1978",
		"title":"Student",
		"place1":"Jiaotong University",
		"place2":"Shanghai Municipality"
	},
	{
		"name":"Kang Rixin",
		"year":"1972-1975",
		"title":"Worker",
		"place1":"Bureau for Water Resources and Meteorology",
		"place2":"Qinghai Province",
		"place3":"Datong County"
	},
	{
		"name":"Kang Shien",
		"year":"1982-1987",
		"title":"Member",
		"place1":"CPC",
		"place2":"Central Committee"
	},
	{
		"name":"Kang Shien",
		"year":"1977-1982",
		"title":"Member",
		"place1":"CPC",
		"place2":"Central Committee"
	},
	{
		"name":"Ke Hanmin",
		"year":"2009-",
		"title":"Deputy Procurator-General",
		"place1":"Supreme People's Procuratorate"
	},
	{
		"name":"Ke Hanmin",
		"year":"2009-",
		"title":"Member",
		"place1":"Supreme People's Procuratorate",
		"place2":"Procuratorial Committee"
	},
	{
		"name":"Ke Hanmin",
		"year":"2008-2009",
		"title":"Procurator-General",
		"place1":"Provincial People's Procuratorate",
		"place2":"Shanxi Province"
	},
	{
		"name":"Ke Hanmin",
		"year":"2007-2009",
		"title":"Secretary",
		"place1":"Provincial People's Procuratorate",
		"place2":"CPC",
		"place3":"Party Committee",
		"place4":"Shanxi Province"
	},
	{
		"name":"Ke Hanmin",
		"year":"2007-2008",
		"title":"Deputy Procurator-General",
		"place1":"Provincial People's Procuratorate",
		"place2":"Shanxi Province"
	},
	{
		"name":"Ke Hanmin",
		"year":"2007-2008",
		"title":"Acting Procurator-General",
		"place1":"Provincial People's Procuratorate",
		"place2":"Shanxi Province"
	},
	{
		"name":"Ke Hanmin",
		"year":"2003-2007",
		"title":"Procurator-General",
		"place1":"Provincial People's Procuratorate",
		"place2":"Anhui Province"
	},
	{
		"name":"Ke Hanmin",
		"year":"1998-2003",
		"title":"Deputy Procurator-General",
		"place1":"Provincial People's Procuratorate",
		"place2":"Anhui Province"
	},
	{
		"name":"Ke Hanmin",
		"year":"1998-2003",
		"title":"Deputy Secretary",
		"place1":"Provincial People's Procuratorate",
		"place2":"CPC",
		"place3":"Party Committee",
		"place4":"Anhui Province"
	},
	{
		"name":"Ke Hanmin",
		"year":"1996-1998",
		"title":"Deputy Procurator-General",
		"place1":"Provincial People's Procuratorate",
		"place2":"CPC",
		"place3":"Leading Party Group",
		"place4":"Anhui Province"
	},
	{
		"name":"Ke Hanmin",
		"year":"1992-1993",
		"title":"Vice-Mayor",
		"place1":"People's Government",
		"place2":"Fujian Province",
		"place3":"Quanzhou City"
	},
	{
		"name":"Ke Hanmin",
		"year":"1985-1990",
		"title":"Assistant Procurator",
		"place1":"Supreme People's Procuratorate"
	},
	{
		"name":"Ke Hanmin",
		"year":"1978-1982",
		"title":"Student",
		"place1":"Southwest University of Political Science and Law",
		"place2":"Chongqing Municipality"
	},
	{
		"name":"Ke Hanmin",
		"year":"1974",
		"title":"Joined",
		"place1":"CPC"
	},
	{
		"name":"Ke Jun",
		"year":"",
		"title":"Professor",
		"place1":"Beijing Science and Technology University",
		"place2":"Beijing Municipality"
	},
	{
		"name":"Ke Jun",
		"year":"1988",
		"title":"Graduate",
		"place1":"University of Surrey",
		"place2":"United Kingdom",
		"place3":"Surrey"
	},
	{
		"name":"Ke Jun",
		"year":"1984",
		"title":"Graduate",
		"place1":"McMaster University",
		"place2":"Canada",
		"place3":"Hamilton"
	},
	{
		"name":"Ke Jun",
		"year":"1980-",
		"title":"Academician",
		"place1":"Chinese Academy of Sciences"
	},
	{
		"name":"Ke Jun",
		"year":"1948",
		"title":"Graduate",
		"place1":"The University of Birmingham",
		"place2":"United Kingdom",
		"place3":"Birmingham"
	},
	{
		"name":"Ke Jun",
		"year":"1938",
		"title":"Graduate",
		"place1":"Wuhan University",
		"place2":"Hubei Province",
		"place3":"Wuhan City"
	},
	{
		"name":"Ke Qingshi",
		"year":"1956-1969",
		"title":"Member",
		"place1":"CPC",
		"place2":"Central Committee"
	},
	{
		"name":"Ke Zunping",
		"year":"2013-",
		"title":"Deputy Secretary",
		"place1":"CPC",
		"place2":"Provincial Committee",
		"place3":"Sichuan Province"
	},
	{
		"name":"Ke Zunping",
		"year":"2012-2017",
		"title":"Alternate Member",
		"place1":"CPC",
		"place2":"Central Committee"
	},
	{
		"name":"Ke Zunping",
		"year":"2001-",
		"title":"Vice-Governor",
		"place1":"People's Government",
		"place2":"Sichuan Province"
	},
	{
		"name":"Ke Zunping",
		"year":"2000-2001",
		"title":"Assistant to Governor",
		"place1":"People's Government",
		"place2":"Sichuan Province"
	},
	{
		"name":"Ke Zunping",
		"year":"1999-2000",
		"title":"Secretary",
		"place1":"Southwest China Communications University",
		"place2":"CPC",
		"place3":"Party Committee",
		"place4":"Sichuan Province"
	},
	{
		"name":"Ke Zunping",
		"year":"1995-1999",
		"title":"Vice-President",
		"place1":"Southwest China Communications University",
		"place2":"Sichuan Province"
	},
	{
		"name":"Ke Zunping",
		"year":"1993-1995",
		"title":"Secretary",
		"place1":"Southwest China Communications University",
		"place2":"Computer and Communications Department",
		"place3":"CPC",
		"place4":"General Branch",
		"place5":"Sichuan Province"
	},
	{
		"name":"Ke Zunping",
		"year":"1987-1993",
		"title":"Director",
		"place1":"Southwest China Communications University",
		"place2":"CPC",
		"place3":"Party Committee",
		"place4":"Sichuan Province"
	},
	{
		"name":"Ke Zunping",
		"year":"1987-1993",
		"title":"Secretary",
		"place1":"Southwest China Communications University",
		"place2":"CPC",
		"place3":"Party Committee",
		"place4":"Sichuan Province"
	},
	{
		"name":"Ke Zunping",
		"year":"1982-1987",
		"title":"Secretary",
		"place1":"Southwest China Communications University",
		"place2":"Physics Department",
		"place3":"CPC",
		"place4":"Party Branch",
		"place5":"Sichuan Province"
	},
	{
		"name":"Ke Zunping",
		"year":"1982-1987",
		"title":"Secretary",
		"place1":"Southwest China Communications University",
		"place2":"Mathematics Mechanics Department",
		"place3":"CPC",
		"place4":"General Branch",
		"place5":"Sichuan Province"
	},
	{
		"name":"Ke Zunping",
		"year":"1982-1987",
		"title":"Assistant",
		"place1":"Southwest China Communications University",
		"place2":"Basic Department",
		"place3":"Sichuan Province"
	},
	{
		"name":"Ke Zunping",
		"year":"1978-1982",
		"title":"Student",
		"place1":"Southwest China Communications University",
		"place2":"Physics Department",
		"place3":"Sichuan Province"
	},
	{
		"name":"Ke Zunping",
		"year":"1977-1978",
		"title":"Cadre",
		"place1":"Railway Bureau",
		"place2":"Shaanxi Province",
		"place3":"Xi'an City"
	},
	{
		"name":"Ke Zunping",
		"year":"1975",
		"title":"Joined",
		"place1":"CPC"
	},
	{
		"name":"Ke Zunping",
		"year":"1974-1977",
		"title":"Educated Youth",
		"place1":"Kang County People's Commune",
		"place2":"Shaanxi Province",
		"place3":"Kang County"
	},
	{
		"name":"Keyoumu Bawudong",
		"year":"1987-1992",
		"title":"Alternate Member",
		"place1":"CPC",
		"place2":"Central Committee"
	},
	{
		"name":"Keyum Bawudun",
		"year":"1997-2002",
		"title":"Alternate Member",
		"place1":"CPC",
		"place2":"Central Committee"
	},
	{
		"name":"Keyum Bawudun",
		"year":"1992-1997",
		"title":"Alternate Member",
		"place1":"CPC",
		"place2":"Central Committee"
	},
	{
		"name":"Kong Changsheng",
		"year":"2014-",
		"title":"Vice-Minister",
		"place1":"Ministry of Human Resources and Social Security"
	},
	{
		"name":"Kong Changsheng",
		"year":"2014-",
		"title":"Member",
		"place1":"Ministry of Human Resources and Social Security",
		"place2":"CPC",
		"place3":"Leading Party Group"
	},
	{
		"name":"Kong Changsheng",
		"year":"",
		"title":"Director",
		"place1":"Ministry of Human Resources and Social Security",
		"place2":"Law and Regulation Department"
	},
	{
		"name":"Kong Changsheng",
		"year":"",
		"title":"Vice-Mayor",
		"place1":"People's Government",
		"place2":"Guizhou Province",
		"place3":"Bijie City"
	},
	{
		"name":"Kong Changsheng",
		"year":"1985-1988",
		"title":"Student",
		"place1":"Chinese Academy of Social Sciences",
		"place2":"Graduate School"
	},
	{
		"name":"Kong Changsheng",
		"year":"1985-1988",
		"title":"Student",
		"place1":"Northwest University of Politics and Law",
		"place2":"Shaanxi Province",
		"place3":"Xi'an City"
	},
	{
		"name":"Kong Fanfeng",
		"year":"1997-",
		"title":"Vice-President",
		"place1":"Nankai University",
		"place2":"History Department"
	},
	{
		"name":"Kong Fanfeng",
		"year":"1990-",
		"title":"Deputy Secretary",
		"place1":"Nankai University",
		"place2":"CPC",
		"place3":"Party Committee"
	},
	{
		"name":"Kong Fanfeng",
		"year":"1970",
		"title":"Graduate",
		"place1":"Nankai University",
		"place2":"History Department"
	},
	{
		"name":"Kong Fanfeng",
		"year":"1970",
		"title":"Joined",
		"place1":"CPC"
	},
	{
		"name":"Kong Ping",
		"year":"2001",
		"title":"Graduate",
		"place1":"Nanyang Technological University",
		"place2":"Singapore"
	},
	{
		"name":"Kong Ping",
		"year":"1998-",
		"title":"Deputy General Manager",
		"place1":"Hangang Steel Group"
	},
	{
		"name":"Kong Ping",
		"year":"1995-????",
		"title":"Secretary",
		"place1":"Hangang Steel Group",
		"place2":"CPC",
		"place3":"Party Committee",
		"place4":"Commission for Discipline Inspection"
	},
	{
		"name":"Kong Ping",
		"year":"1995-????",
		"title":"Assistant Secretary",
		"place1":"Hangang Steel Group",
		"place2":"CPC",
		"place3":"Party Committee"
	},
	{
		"name":"Kong Ping",
		"year":"",
		"title":"Director",
		"place1":"Hangang Steel Group",
		"place2":"Motor Transport Department"
	},
	{
		"name":"Kong Ping",
		"year":"",
		"title":"Secretary",
		"place1":"Hangang Steel Group",
		"place2":"Motor Transport Department",
		"place3":"CPC",
		"place4":"Party Committee"
	},
	{
		"name":"Kong Ping",
		"year":"",
		"title":"Secretary",
		"place1":"Hangang Steel Group",
		"place2":"Main Plant"
	},
	{
		"name":"Kong Ping",
		"year":"",
		"title":"Secretary",
		"place1":"Hangang Steel Group",
		"place2":"CYLC",
		"place3":"Institutional Level"
	},
	{
		"name":"Kong Ping",
		"year":"1982",
		"title":"Graduate",
		"place1":"Hebei University of Technology",
		"place2":"Hebei Province"
	},
	{
		"name":"Kong Ping",
		"year":"",
		"title":"Joined",
		"place1":"CPC"
	},
	{
		"name":"Kong Quan",
		"year":"2013-",
		"title":"Deputy Director",
		"place1":"CPC",
		"place2":"Central Committee",
		"place3":"Central Foreign Affairs Office"
	},
	{
		"name":"Kong Quan",
		"year":"2001-2013",
		"title":"Director",
		"place1":"Ministry of Foreign Affairs",
		"place2":"Information Department"
	},
	{
		"name":"Kong Quan",
		"year":"1999-2000",
		"title":"Deputy Director",
		"place1":"Ministry of Foreign Affairs",
		"place2":"West Asian and North African Affairs Department"
	},
	{
		"name":"Kong Quan",
		"year":"1996-1999",
		"title":"Counselor",
		"place1":"Chinese Embassy",
		"place2":"France",
		"place3":"Paris"
	},
	{
		"name":"Kong Quan",
		"year":"1995-1996",
		"title":"Counselor",
		"place1":"Ministry of Foreign Affairs",
		"place2":"West Asian and North African Affairs Department"
	},
	{
		"name":"Kong Quan",
		"year":"1985-1995",
		"title":"Secretary",
		"place1":"Ministry of Foreign Affairs",
		"place2":"West Asian and North African Affairs Department"
	},
	{
		"name":"Kong Quan",
		"year":"1984-1985",
		"title":"Student",
		"place1":"French National School of Public Administration",
		"place2":"France",
		"place3":"Paris"
	},
	{
		"name":"Kong Quan",
		"year":"1982-1984",
		"title":"Officer",
		"place1":"Ministry of Foreign Affairs",
		"place2":"West Asian and North African Affairs Department"
	},
	{
		"name":"Kong Quan",
		"year":"1977-1982",
		"title":"Officer",
		"place1":"Chinese Embassy",
		"place2":"Belgium",
		"place3":"Brussels"
	},
	{
		"name":"Kong Shiquan",
		"year":"1977-1982",
		"title":"Member",
		"place1":"CPC",
		"place2":"Central Committee"
	},
	{
		"name":"Kong Shiquan",
		"year":"1973-1977",
		"title":"Member",
		"place1":"CPC",
		"place2":"Central Committee"
	},
	{
		"name":"Kong Shiquan",
		"year":"1969-1973",
		"title":"Member",
		"place1":"CPC",
		"place2":"Central Committee"
	},
	{
		"name":"Kong Xiangfu",
		"year":"1999-",
		"title":"Academician",
		"place1":"Chinese Academy of Sciences"
	},
	{
		"name":"Kong Xiangfu",
		"year":"",
		"title":"Visiting Professor",
		"place1":"University of Hong Kong",
		"place2":"Molecular Biology Research Institute",
		"place3":"Hong Kong SAR"
	},
	{
		"name":"Kong Xiangfu",
		"year":"1969",
		"title":"Graduate",
		"place1":"Vanderbilt University",
		"place2":"Pharmacy College",
		"place3":"USA",
		"place4":"Tennessee",
		"place5":"Nashville"
	},
	{
		"name":"Kong Xiangfu",
		"year":"1963",
		"title":"Graduate",
		"place1":"Vanderbilt University",
		"place2":"USA",
		"place3":"Tennessee",
		"place4":"Nashville"
	},
	{
		"name":"Kong Yuan",
		"year":"1977-1982",
		"title":"Member",
		"place1":"CPC",
		"place2":"Central Committee"
	},
	{
		"name":"Kong Zhaonian",
		"year":"1977-1982",
		"title":"Member",
		"place1":"CPC",
		"place2":"Central Committee"
	},
	{
		"name":"Kong Zhaonian",
		"year":"1973-1977",
		"title":"Member",
		"place1":"CPC",
		"place2":"Central Committee"
	},
	{
		"name":"Kuang Dingbo",
		"year":"1991-",
		"title":"Academician",
		"place1":"Chinese Academy of Sciences"
	},
	{
		"name":"Kuang Dingbo",
		"year":"",
		"title":"Researcher",
		"place1":"Chinese Academy of Sciences",
		"place2":"Shanghai Technical Physics Research Institute",
		"place3":"Shanghai Municipality"
	},
	{
		"name":"Kuang Dingbo",
		"year":"1952",
		"title":"Graduate",
		"place1":"Jiaotong University",
		"place2":"Physics Department",
		"place3":"Shanghai Municipality"
	},
	{
		"name":"Kuang Jingming",
		"year":"1999-????",
		"title":"Dean",
		"place1":"Beijing Institute of Technology",
		"place2":"Graduate School",
		"place3":"Beijing Municipality"
	},
	{
		"name":"Kuang Jingming",
		"year":"1999-",
		"title":"President",
		"place1":"Beijing Institute of Technology",
		"place2":"Beijing Municipality"
	},
	{
		"name":"Kuang Jingming",
		"year":"1966",
		"title":"Graduate",
		"place1":"Beijing Institute of Technology",
		"place2":"Electronic Engineering Department",
		"place3":"Beijing Municipality"
	},
	{
		"name":"Kuang Rennong",
		"year":"1969-1973",
		"title":"Member",
		"place1":"CPC",
		"place2":"Central Committee"
	},
	{
		"name":"Kuang Tingyun",
		"year":"1995-",
		"title":"Academician",
		"place1":"Chinese Academy of Sciences"
	},
	{
		"name":"Kuang Tingyun",
		"year":"",
		"title":"Researcher",
		"place1":"Chinese Academy of Sciences",
		"place2":"Botanical Research Institute"
	},
	{
		"name":"Kuang Tingyun",
		"year":"1962",
		"title":"Graduate",
		"place1":"Moscow University",
		"place2":"Biology Department",
		"place3":"Russia",
		"place4":"Moscow"
	},
	{
		"name":"Kuang Tingyun",
		"year":"1956",
		"title":"Graduate",
		"place1":"Beijing Agricultural University",
		"place2":"Soil Agrochemistry Department",
		"place3":"Beijing Municipality"
	},
	{
		"name":"Kui Bi",
		"year":"1956-1969",
		"title":"Alternate Member",
		"place1":"CPC",
		"place2":"Central Committee"
	},
	{
		"name":"Kui Fulin",
		"year":"1997-2002",
		"title":"Member",
		"place1":"CPC",
		"place2":"Central Committee"
	},
	{
		"name":"Kui Zhifu",
		"year":"1982-1987",
		"title":"Member",
		"place1":"CPC",
		"place2":"Central Committee"
	},
	{
		"name":"Kurax Mahesut",
		"year":"2003-",
		"title":"Vice-Chairman",
		"place1":"Autonomous Region People's Government",
		"place2":"Xinjiang Uygur Autonomous Region"
	},
	{
		"name":"Kurax Mahesut",
		"year":"1998-2003",
		"title":"Deputy Secretary",
		"place1":"CPC",
		"place2":"Autonomous Prefectural Committee",
		"place3":"Xinjiang Uygur Autonomous Region",
		"place4":"Hami Prefecture"
	},
	{
		"name":"Kurax Mahesut",
		"year":"1998-2003",
		"title":"Vice-Commissioner",
		"place1":"Xinjiang Uygur Autonomous Region",
		"place2":"Hami Prefecture"
	},
	{
		"name":"Kurax Mahesut",
		"year":"1998-2003",
		"title":"Commissioner",
		"place1":"Xinjiang Uygur Autonomous Region",
		"place2":"Hami Prefecture"
	},
	{
		"name":"Kurax Mahesut",
		"year":"1993-1998",
		"title":"Member",
		"place1":"CPC",
		"place2":"Autonomous Regional Committee",
		"place3":"Commission for Discipline Inspection",
		"place4":"Xinjiang Uygur Autonomous Region"
	},
	{
		"name":"Kurax Mahesut",
		"year":"1988-1993",
		"title":"Member",
		"place1":"Provincial Supervision Department",
		"place2":"Xinjiang Uygur Autonomous Region"
	},
	{
		"name":"Kurax Mahesut",
		"year":"1986-1988",
		"title":"Worker",
		"place1":"Regional Administration School",
		"place2":"Xinjiang Uygur Autonomous Region"
	},
	{
		"name":"Kurax Mahesut",
		"year":"1984",
		"title":"Joined",
		"place1":"CPC"
	},
	{
		"name":"Kurax Mahesut",
		"year":"1977-1986",
		"title":"Soldier",
		"place1":"PLA"
	},
	{
		"name":"Kurexi Maihesuti",
		"year":"2014-",
		"title":"Director",
		"place1":"National Administration of Surveying",
		"place2":" Mapping and Geoinformation"
	},
	{
		"name":"Kurexi Maihesuti",
		"year":"2014-",
		"title":"Vice-Minister",
		"place1":"Ministry of Land and Resources"
	},
	{
		"name":"Kwok Ping-Sheung (Walter)",
		"year":"1997-",
		"title":"Vice-Chairman",
		"place1":"All-China Federation of Industry and Commerce"
	},
	{
		"name":"Kwok Ping-Sheung (Walter)",
		"year":"1996",
		"title":"Member",
		"place1":"1st Hong Kong SAR Government",
		"place2":"Selection Committee"
	},
	{
		"name":"Kwok Ping-Sheung (Walter)",
		"year":"1995",
		"title":"Member",
		"place1":"Hong Kong SAR Preparatory Committee"
	},
	{
		"name":"Kwok Ping-Sheung (Walter)",
		"year":"1993",
		"title":"Member",
		"place1":"Hong Kong and Macao Affairs Office of the State Council",
		"place2":"2nd Group of Advisors"
	},
	{
		"name":"Kwok Ping-Sheung (Walter)",
		"year":"1993-1998",
		"title":"Member",
		"place1":"CPPCC",
		"place2":"National Committee"
	}
]