[
	{
		"name":"Nan Cewen",
		"year":"2000-",
		"title":"Professor",
		"place1":"Tsinghua University",
		"place2":"Materials Department",
		"place3":"Beijing Municipality"
	},
	{
		"name":"Nan Cewen",
		"year":"1999-2000",
		"title":"Visiting Professor",
		"place1":"Rutgers",
		"place2":" The State University of New Jersey",
		"place3":"USA",
		"place4":"New Jersey",
		"place5":"Camden"
	},
	{
		"name":"Nan Cewen",
		"year":"1994-1995",
		"title":"Visiting Professor",
		"place1":"University of California",
		"place2":"USA",
		"place3":"California",
		"place4":"Santa Barbara"
	},
	{
		"name":"Nan Cewen",
		"year":"1992-2000",
		"title":"Professor",
		"place1":"Wuhan University of Technology",
		"place2":"Hubei Province",
		"place3":"Wuhan City"
	},
	{
		"name":"Nan Cewen",
		"year":"1990-1991",
		"title":"Visiting Scholar",
		"place1":"University of New Mexico",
		"place2":"USA",
		"place3":"New Mexico",
		"place4":"Albuquerque"
	},
	{
		"name":"Nan Cewen",
		"year":"1988-1992",
		"title":"Associate Professor",
		"place1":"Wuhan University of Technology",
		"place2":"Hubei Province",
		"place3":"Wuhan City"
	},
	{
		"name":"Nan Cewen",
		"year":"1985-1992",
		"title":"Student",
		"place1":"Wuhan University of Technology",
		"place2":"Hubei Province",
		"place3":"Wuhan City"
	},
	{
		"name":"Nan Cewen",
		"year":"1979-1985",
		"title":"Student",
		"place1":"East China University of Science and Technology",
		"place2":"Shanghai Municipality"
	},
	{
		"name":"Nan Changming",
		"year":"2004-2007",
		"title":"Vice-President",
		"place1":"State Development and Investment Corporation"
	},
	{
		"name":"Nan Changming",
		"year":"1999-2004",
		"title":"Deputy Executive Director",
		"place1":"Ministry of Justice",
		"place2":"Planning and Financial Department"
	},
	{
		"name":"Nan Changming",
		"year":"1999-2004",
		"title":"Secretary",
		"place1":"CPC",
		"place2":"Central Committee",
		"place3":"Central Party School",
		"place4":"Education Administration Office"
	},
	{
		"name":"Nan Changming",
		"year":"1994-1999",
		"title":"Deputy Executive Director",
		"place1":"Ministry of Human Resources and Social Security",
		"place2":"Comprehensive Planning Department"
	},
	{
		"name":"Nan Changming",
		"year":"1990-1994",
		"title":"General Manager",
		"place1":"China International Advertising Corporation"
	},
	{
		"name":"Nan Changming",
		"year":"1989-1990",
		"title":"Vice-Mayor",
		"place1":"People's Government",
		"place2":"Liaoning Province",
		"place3":"Dalian City"
	},
	{
		"name":"Nan Changming",
		"year":"1989-1990",
		"title":"Special Commissioner",
		"place1":"Ministry of Foreign Trade and Economic Cooperation",
		"place2":"Liaoning Province",
		"place3":"Dalian City"
	},
	{
		"name":"Nan Changming",
		"year":"1983-1989",
		"title":"President",
		"place1":"China National Packaging Corporation"
	},
	{
		"name":"Nan Cunhui",
		"year":"2008-2013",
		"title":"Deputy",
		"place1":"NPC"
	},
	{
		"name":"Nan Cunhui",
		"year":"2004",
		"title":"Presenter",
		"place1":"Boao Forum For Asia",
		"place2":"Hainan Province"
	},
	{
		"name":"Nan Cunhui",
		"year":"2003-",
		"title":"Deputy",
		"place1":"NPC"
	},
	{
		"name":"Nan Cunhui",
		"year":"2003-",
		"title":"Vice-Chairman",
		"place1":"Zhejiang Provincial Federation of Industry and Commerce",
		"place2":"Zhejiang Province"
	},
	{
		"name":"Nan Cunhui",
		"year":"2003",
		"title":"Presenter",
		"place1":"Davos World Economy Forum",
		"place2":"Switzerland",
		"place3":"Davos"
	},
	{
		"name":"Nan Cunhui",
		"year":"1998-2003",
		"title":"Deputy",
		"place1":"NPC"
	},
	{
		"name":"Nan Cunhui",
		"year":"1997-2002",
		"title":"Board Member",
		"place1":"All-China Federation of Industry and Commerce",
		"place2":"Standing Committee"
	},
	{
		"name":"Nan Cunhui",
		"year":"1994-",
		"title":"Chairman of the Board",
		"place1":"CHINT Group Corporation"
	},
	{
		"name":"Nan Cunhui",
		"year":"1984",
		"title":"Founder",
		"place1":"Qiujing Switch Factory",
		"place2":"Zhejiang Province",
		"place3":"Leqing"
	},
	{
		"name":"Nan Ping",
		"year":"1969-1973",
		"title":"Member",
		"place1":"CPC",
		"place2":"Central Committee"
	},
	{
		"name":"Nan Ping",
		"year":"1937",
		"title":"Joined",
		"place1":"CPC"
	},
	{
		"name":"Nan Ying",
		"year":"2009-",
		"title":"Vice-President",
		"place1":"Supreme People's Court"
	},
	{
		"name":"Nan Ying",
		"year":"2005-2009",
		"title":"Secretary",
		"place1":"Higher People's Court (at provincial level)",
		"place2":"CPC",
		"place3":"Party Committee",
		"place4":"Heilongjiang Province"
	},
	{
		"name":"Nan Ying",
		"year":"2005-2009",
		"title":"President",
		"place1":"Higher People's Court (at provincial level)",
		"place2":"Heilongjiang Province"
	},
	{
		"name":"Nan Ying",
		"year":"2004-2005",
		"title":"Acting President",
		"place1":"Higher People's Court (at provincial level)",
		"place2":"Heilongjiang Province"
	},
	{
		"name":"Nan Ying",
		"year":"2004-2005",
		"title":"Vice-President",
		"place1":"Higher People's Court (at provincial level)",
		"place2":"Heilongjiang Province"
	},
	{
		"name":"Nan Ying",
		"year":"2004-2009",
		"title":"Deputy Secretary",
		"place1":"CPC",
		"place2":"Provincial Committee",
		"place3":"Political and Legislative Affairs Committee"
	},
	{
		"name":"Nan Ying",
		"year":"2000-2004",
		"title":"President",
		"place1":"Supreme People's Court",
		"place2":"No.1 Criminal Tribunal"
	},
	{
		"name":"Nan Ying",
		"year":"1998-2004",
		"title":"Member",
		"place1":"Supreme People's Court",
		"place2":"Judicial Committee"
	},
	{
		"name":"Nan Ying",
		"year":"1998-2000",
		"title":"President",
		"place1":"Supreme People's Court",
		"place2":"No.2 Criminal Tribunal"
	},
	{
		"name":"Nan Ying",
		"year":"1997-1998",
		"title":"Vice-President",
		"place1":"Higher People's Court (at provincial level)",
		"place2":"Heilongjiang Province"
	},
	{
		"name":"Nan Ying",
		"year":"1992-1998",
		"title":"Vice-President",
		"place1":"Supreme People's Court",
		"place2":"No.2 Criminal Tribunal"
	},
	{
		"name":"Nan Ying",
		"year":"1992-1998",
		"title":"Vice-President",
		"place1":"Supreme People's Court",
		"place2":"No.1 Criminal Tribunal"
	},
	{
		"name":"Nan Ying",
		"year":"1985-1992",
		"title":"Judge",
		"place1":"Supreme People's Court",
		"place2":"No.1 Criminal Tribunal"
	},
	{
		"name":"Nan Ying",
		"year":"1983-1985",
		"title":"Assistant Judge",
		"place1":"Supreme People's Court",
		"place2":"No.1 Criminal Tribunal"
	},
	{
		"name":"Nan Ying",
		"year":"1980-1983",
		"title":"Clerk",
		"place1":"Supreme People's Court",
		"place2":"No.1 Criminal Tribunal"
	},
	{
		"name":"Nan Ying",
		"year":"1977-1980",
		"title":"Student",
		"place1":"Beijing University",
		"place2":"Law Department",
		"place3":"Beijing Municipality"
	},
	{
		"name":"Nan Zhenzhong",
		"year":"2008-2013",
		"title":"Vice-Chairman",
		"place1":"Foreign Affairs Committee of the NPC"
	},
	{
		"name":"Nan Zhenzhong",
		"year":"2008-2013",
		"title":"Member",
		"place1":"Standing Committee of the NPC"
	},
	{
		"name":"Nan Zhenzhong",
		"year":"2007-2012",
		"title":"Delegate",
		"place1":"CPC",
		"place2":"National Congress"
	},
	{
		"name":"Nan Zhenzhong",
		"year":"2002-2007",
		"title":"Delegate",
		"place1":"CPC",
		"place2":"National Congress"
	},
	{
		"name":"Nan Zhenzhong",
		"year":"2000-2007",
		"title":"Deputy Secretary",
		"place1":"Xinhua News Agency",
		"place2":"CPC",
		"place3":"Leading Party Group"
	},
	{
		"name":"Nan Zhenzhong",
		"year":"2000-2007",
		"title":"Editor-in-Chief",
		"place1":"Xinhua News Agency"
	},
	{
		"name":"Nan Zhenzhong",
		"year":"1998-2003",
		"title":"Deputy",
		"place1":"NPC"
	},
	{
		"name":"Nan Zhenzhong",
		"year":"1997-2002",
		"title":"Delegate",
		"place1":"CPC",
		"place2":"National Congress"
	},
	{
		"name":"Nan Zhenzhong",
		"year":"1996-2003",
		"title":"Vice-President",
		"place1":"Chinese Journalists Association"
	},
	{
		"name":"Nan Zhenzhong",
		"year":"1992-1997",
		"title":"Delegate",
		"place1":"CPC",
		"place2":"National Congress"
	},
	{
		"name":"Nan Zhenzhong",
		"year":"1987-1992",
		"title":"Delegate",
		"place1":"CPC",
		"place2":"National Congress"
	},
	{
		"name":"Nan Zhenzhong",
		"year":"1986-",
		"title":"Editor-in-Chief",
		"place1":"Xinhua News Agency",
		"place2":"Office of General Editing"
	},
	{
		"name":"Nan Zhenzhong",
		"year":"1978",
		"title":"Joined",
		"place1":"CPC"
	},
	{
		"name":"Nan Zhenzhong",
		"year":"1964",
		"title":"Joined",
		"place1":"Xinhua News Agency"
	},
	{
		"name":"Nan Zhenzhong",
		"year":"1964",
		"title":"Graduate",
		"place1":"Zhengzhou University",
		"place2":"Henan Province",
		"place3":"Zhengzhou City"
	},
	{
		"name":"Ngapoi Ngawang Jigme",
		"year":"2008-2013",
		"title":"Vice-Chairman",
		"place1":"CPPCC",
		"place2":"National Committee"
	},
	{
		"name":"Ngapoi Ngawang Jigme",
		"year":"2003-2008",
		"title":"Vice-Chairman",
		"place1":"CPPCC",
		"place2":"National Committee"
	},
	{
		"name":"Ngapoi Ngawang Jigme",
		"year":"1999",
		"title":"Member",
		"place1":"Macao SAR Preparatory Committee",
		"place2":"Government Delegation",
		"place3":" Macao Hand-Over Ceremony"
	},
	{
		"name":"Ngapoi Ngawang Jigme",
		"year":"1998-2003",
		"title":"Vice-Chairman",
		"place1":"CPPCC",
		"place2":"National Committee"
	},
	{
		"name":"Ngapoi Ngawang Jigme",
		"year":"1993-1998",
		"title":"Vice-Chairman",
		"place1":"CPPCC",
		"place2":"National Committee"
	},
	{
		"name":"Ngapoi Ngawang Jigme",
		"year":"1988-1993",
		"title":"Vice-Chairman",
		"place1":"Standing Committee of the NPC"
	},
	{
		"name":"Ngapoi Ngawang Jigme",
		"year":"1983-1988",
		"title":"Vice-Chairman",
		"place1":"Standing Committee of the NPC"
	},
	{
		"name":"Ngapoi Ngawang Jigme",
		"year":"1981-1983",
		"title":"Chairman",
		"place1":"Autonomous Regional People's Congress",
		"place2":"Standing Committee",
		"place3":"Tibet Autonomous Region"
	},
	{
		"name":"Ngapoi Ngawang Jigme",
		"year":"1981-1983",
		"title":"Chairman",
		"place1":"Autonomous Region People's Government",
		"place2":"Tibet Autonomous Region"
	},
	{
		"name":"Ngapoi Ngawang Jigme",
		"year":"1978-1993",
		"title":"Chairman",
		"place1":"Ethnic Affairs Committee of the NPC"
	},
	{
		"name":"Ngapoi Ngawang Jigme",
		"year":"1978-1983",
		"title":"Vice-Chairman",
		"place1":"Standing Committee of the NPC"
	},
	{
		"name":"Ngapoi Ngawang Jigme",
		"year":"1975-1978",
		"title":"Vice-Chairman",
		"place1":"Standing Committee of the NPC"
	},
	{
		"name":"Ngapoi Ngawang Jigme",
		"year":"1965-1979",
		"title":"Chairman",
		"place1":"Autonomous Regional People's Congress",
		"place2":"Tibet Autonomous Region"
	},
	{
		"name":"Ngapoi Ngawang Jigme",
		"year":"1964-1975",
		"title":"Vice-Chairman",
		"place1":"Standing Committee of the NPC"
	},
	{
		"name":"Ngapoi Ngawang Jigme",
		"year":"1959-1964",
		"title":"Deputy",
		"place1":"NPC"
	},
	{
		"name":"Ngapoi Ngawang Jigme",
		"year":"1959-1964",
		"title":"Vice-Chairman",
		"place1":"CPPCC",
		"place2":"National Committee"
	},
	{
		"name":"Ngapoi Ngawang Jigme",
		"year":"1955-????",
		"title":"Lieutenant General",
		"place1":"PLA"
	},
	{
		"name":"Ngapoi Ngawang Jigme",
		"year":"1954-1959",
		"title":"Deputy",
		"place1":"NPC"
	},
	{
		"name":"Ngapoi Ngawang Jigme",
		"year":"1952-1959",
		"title":"1st Deputy Commander",
		"place1":"PLA",
		"place2":"Regions",
		"place3":"Tibet Military District"
	},
	{
		"name":"Ngapoi Ngawang Jigme",
		"year":"",
		"title":"Member",
		"place1":"National Defense Council"
	},
	{
		"name":"Ngapoi Ngawang Jigme",
		"year":"1952-1959",
		"title":"Secretary-General",
		"place1":"Tibet Autonomous Region Preparatory Committee"
	},
	{
		"name":"Ngapoi Ngawang Jigme",
		"year":"1952-1964",
		"title":"Deputy Director",
		"place1":"Tibet Autonomous Region Preparatory Committee"
	},
	{
		"name":"Ngapoi Ngawang Jigme",
		"year":"1952-1959",
		"title":"Secretary-General",
		"place1":"PLA",
		"place2":"Regions",
		"place3":"Tibet Military District"
	},
	{
		"name":"Ngapoi Ngawang Jigme",
		"year":"1936-????",
		"title":"Civil Magistrate",
		"place1":"Intermediate People's Court",
		"place2":"Tibet Autonomous Region",
		"place3":"Qamdo Prefecture"
	},
	{
		"name":"Ngapoi Ngawang Jigme",
		"year":"1936-????",
		"title":"Official",
		"place1":"Autonomous Region People's Government",
		"place2":"Tibet Autonomous Region",
		"place3":"Qamdo Prefecture"
	},
	{
		"name":"Ni Hong",
		"year":"2015-",
		"title":"Vice-Minister",
		"place1":"Ministry of Housing and Urban-Rural Development"
	},
	{
		"name":"Ni Runfeng",
		"year":"1997-2002",
		"title":"Alternate Member",
		"place1":"CPC",
		"place2":"Central Committee"
	},
	{
		"name":"Ni Runfeng",
		"year":"",
		"title":"Chairman of the Board",
		"place1":"Changhong Electronics Corporation",
		"place2":"Sichuan Province"
	},
	{
		"name":"Ni Runfeng",
		"year":"",
		"title":"General Manager",
		"place1":"Changhong Electronics Corporation",
		"place2":"Sichuan Province"
	},
	{
		"name":"Ni Runfeng",
		"year":"1993-1998",
		"title":"Deputy",
		"place1":"NPC"
	},
	{
		"name":"Ni Runfeng",
		"year":"1992-1997",
		"title":"Delegate",
		"place1":"CPC",
		"place2":"National Congress"
	},
	{
		"name":"Ni Runfeng",
		"year":"",
		"title":"Joined",
		"place1":"CPC"
	},
	{
		"name":"Ni Runfeng",
		"year":"",
		"title":"Chairman of the Board",
		"place1":"Changhong Machinery Factory",
		"place2":"Sichuan Province"
	},
	{
		"name":"Ni Runfeng",
		"year":"",
		"title":"General Manager",
		"place1":"Changhong Machinery Factory",
		"place2":"Sichuan Province"
	},
	{
		"name":"Ni Runfeng",
		"year":"1985-1993",
		"title":"Director",
		"place1":"Changhong Machinery Factory",
		"place2":"Sichuan Province"
	},
	{
		"name":"Ni Runfeng",
		"year":"1984-1985",
		"title":"Deputy Director",
		"place1":"Changhong Machinery Factory",
		"place2":"Sichuan Province"
	},
	{
		"name":"Ni Runfeng",
		"year":"1982",
		"title":"Joined",
		"place1":"CPC"
	},
	{
		"name":"Ni Runfeng",
		"year":"1968-1970",
		"title":"Cultural Revolution",
		"place1":"Cultural Revolution",
		"place2":"Sent to the countryside"
	},
	{
		"name":"Ni Runfeng",
		"year":"1962-1967",
		"title":"Student",
		"place1":"Dalian Engineering College",
		"place2":"Machine Manufacturing Department",
		"place3":"Liaoning Province",
		"place4":"Dalian City"
	},
	{
		"name":"Ni Xiaoling",
		"year":"1993-",
		"title":"Researcher",
		"place1":"Beijing Trademark and Patent Agency"
	},
	{
		"name":"Ni Xiaoling",
		"year":"1984-1985",
		"title":"Patent Examiner",
		"place1":"State Patent Office"
	},
	{
		"name":"Ni Xiaoling",
		"year":"1984-1996",
		"title":"Director",
		"place1":"State Patent Office",
		"place2":"No. 5 Examination Department"
	},
	{
		"name":"Ni Yuefeng",
		"year":"2017-",
		"title":"Deputy Director",
		"place1":"General Administration of Customs"
	},
	{
		"name":"Ni Yuefeng",
		"year":"2012-2017",
		"title":"Alternate Member",
		"place1":"CPC",
		"place2":"Central Committee"
	},
	{
		"name":"Ni Yuefeng",
		"year":"2011-2017",
		"title":"Vice-Governor",
		"place1":"People's Government",
		"place2":"Fujian Province"
	},
	{
		"name":"Ni Yuefeng",
		"year":"2008-2011",
		"title":"Member",
		"place1":"Standing Committee of the NPC"
	},
	{
		"name":"Ni Yuefeng",
		"year":"2008-2011",
		"title":"Vice-Chairman",
		"place1":"Environmental Protection and Resources Conservation Committee of the NPC"
	},
	{
		"name":"Ni Yuefeng",
		"year":"2003-2008",
		"title":"Member",
		"place1":"Environmental Protection and Resources Conservation Committee of the NPC"
	},
	{
		"name":"Ni Yuefeng",
		"year":"2003-2008",
		"title":"Member",
		"place1":"Standing Committee of the NPC"
	},
	{
		"name":"Ni Yuefeng",
		"year":"2000-2003",
		"title":"Deputy Director",
		"place1":"State Oceanic Administration"
	},
	{
		"name":"Ni Yuefeng",
		"year":"2000-2003",
		"title":"Member",
		"place1":"State Oceanic Administration",
		"place2":"CPC",
		"place3":"Leading Party Group"
	},
	{
		"name":"Ni Yuefeng",
		"year":"1998-1999",
		"title":"Director",
		"place1":"State Oceanic Administration",
		"place2":"Environmental Protection Department"
	},
	{
		"name":"Ni Yuefeng",
		"year":"1997-1998",
		"title":"Director",
		"place1":"State Oceanic Administration",
		"place2":"Science and Technology Department"
	},
	{
		"name":"Ni Yuefeng",
		"year":"1993-1997",
		"title":"Deputy Director",
		"place1":"City Planning Committee",
		"place2":"Shandong Province",
		"place3":"Qingdao City"
	},
	{
		"name":"Ni Yuefeng",
		"year":"1993",
		"title":"Graduate",
		"place1":"Tsinghua University",
		"place2":"Beijing Municipality"
	},
	{
		"name":"Ni Yuefeng",
		"year":"1987",
		"title":"Graduate",
		"place1":"Hefei University of Technology",
		"place2":"Anhui Province",
		"place3":"Hefei City"
	},
	{
		"name":"Ni Zhifu",
		"year":"1997-2002",
		"title":"Member",
		"place1":"CPC",
		"place2":"Central Committee"
	},
	{
		"name":"Ni Zhifu",
		"year":"1993-1998",
		"title":"Vice-Chairman",
		"place1":"Standing Committee of the NPC"
	},
	{
		"name":"Ni Zhifu",
		"year":"1992-1997",
		"title":"Member",
		"place1":"CPC",
		"place2":"Central Committee"
	},
	{
		"name":"Ni Zhifu",
		"year":"1988-1993",
		"title":"Vice-Chairman",
		"place1":"Standing Committee of the NPC"
	},
	{
		"name":"Ni Zhifu",
		"year":"1987-1992",
		"title":"Member",
		"place1":"CPC",
		"place2":"Central Committee"
	},
	{
		"name":"Ni Zhifu",
		"year":"1982-1987",
		"title":"Member",
		"place1":"CPC",
		"place2":"Central Committee"
	},
	{
		"name":"Ni Zhifu",
		"year":"1982-1987",
		"title":"Member",
		"place1":"CPC",
		"place2":"Central Committee",
		"place3":"Politburo"
	},
	{
		"name":"Ni Zhifu",
		"year":"1979-????",
		"title":"Vice-Minister",
		"place1":"State Machine-Building Industry Commission"
	},
	{
		"name":"Ni Zhifu",
		"year":"1977-1982",
		"title":"Member",
		"place1":"CPC",
		"place2":"Central Committee"
	},
	{
		"name":"Ni Zhifu",
		"year":"1977-1993",
		"title":"Secretary",
		"place1":"All-China Federation of Trade Unions",
		"place2":"CPC",
		"place3":"Leading Party Group"
	},
	{
		"name":"Ni Zhifu",
		"year":"1977-1993",
		"title":"President",
		"place1":"All-China Federation of Trade Unions"
	},
	{
		"name":"Ni Zhifu",
		"year":"1977-1982",
		"title":"Member",
		"place1":"CPC",
		"place2":"Central Committee",
		"place3":"Politburo"
	},
	{
		"name":"Ni Zhifu",
		"year":"1976-1977",
		"title":"Second Secretary",
		"place1":"CPC",
		"place2":"Municipal Committee",
		"place3":"Shanghai Municipality"
	},
	{
		"name":"Ni Zhifu",
		"year":"1973-1977",
		"title":"Member",
		"place1":"CPC",
		"place2":"Central Committee"
	},
	{
		"name":"Ni Zhifu",
		"year":"1969-1973",
		"title":"Member",
		"place1":"CPC",
		"place2":"Central Committee"
	},
	{
		"name":"Ni Zhifu",
		"year":"1958",
		"title":"Joined",
		"place1":"CPC"
	},
	{
		"name":"Ni Zhifu",
		"year":"1950-1953",
		"title":"Apprentice",
		"place1":"Detai Mould Plant",
		"place2":"Shanghai Municipality"
	},
	{
		"name":"Nian Dexiang",
		"year":"1982-1987",
		"title":"Alternate Member",
		"place1":"CPC",
		"place2":"Central Committee"
	},
	{
		"name":"Nian Jirong",
		"year":"1973-1977",
		"title":"Member",
		"place1":"CPC",
		"place2":"Central Committee"
	},
	{
		"name":"Nian Jirong",
		"year":"1969-1973",
		"title":"Member",
		"place1":"CPC",
		"place2":"Central Committee"
	},
	{
		"name":"Nian Jirong",
		"year":"1958",
		"title":"Joined",
		"place1":"CPC"
	},
	{
		"name":"Nie Bichu",
		"year":"1997-2002",
		"title":"Delegate",
		"place1":"CPC",
		"place2":"National Congress"
	},
	{
		"name":"Nie Bichu",
		"year":"1992-1997",
		"title":"Delegate",
		"place1":"CPC",
		"place2":"National Congress"
	},
	{
		"name":"Nie Bichu",
		"year":"1989-1993",
		"title":"Mayor",
		"place1":"People's Government",
		"place2":"Tianjin Municipality"
	},
	{
		"name":"Nie Bichu",
		"year":"1988-1993",
		"title":"Deputy",
		"place1":"NPC"
	},
	{
		"name":"Nie Bichu",
		"year":"1987-1992",
		"title":"Member",
		"place1":"CPC",
		"place2":"Central Committee"
	},
	{
		"name":"Nie Bichu",
		"year":"1983-1985",
		"title":"Chairman",
		"place1":"Planning Committee",
		"place2":"Tianjin Municipality"
	},
	{
		"name":"Nie Bichu",
		"year":"1983-1985",
		"title":"Vice-Mayor",
		"place1":"People's Government",
		"place2":"Tianjin Municipality"
	},
	{
		"name":"Nie Bichu",
		"year":"1979-1983",
		"title":"Vice-Chairman",
		"place1":"Planning Committee",
		"place2":"Tianjin Municipality"
	},
	{
		"name":"Nie Bichu",
		"year":"1963-1965",
		"title":"Deputy Director",
		"place1":"Tainjin Machine Tool Plant",
		"place2":"Tianjin Municipality"
	},
	{
		"name":"Nie Bichu",
		"year":"1959",
		"title":"Graduate",
		"place1":"Beiyang University",
		"place2":"Mechanics Department",
		"place3":"Tianjin Municipality"
	},
	{
		"name":"Nie Bichu",
		"year":"1951-1955",
		"title":"Head",
		"place1":"CPC",
		"place2":"Municipal Committee",
		"place3":"Organization Department",
		"place4":"Tianjin Municipality"
	},
	{
		"name":"Nie Bichu",
		"year":"1949-1951",
		"title":"Secretary",
		"place1":"Beiyang University",
		"place2":"CPC",
		"place3":"Party Branch",
		"place4":"Tianjin Municipality"
	},
	{
		"name":"Nie Bichu",
		"year":"1948",
		"title":"Joined",
		"place1":"CPC"
	},
	{
		"name":"Nie Chenxi",
		"year":"2015-",
		"title":"President",
		"place1":"China Central Television (CCTV)"
	},
	{
		"name":"Nie Chenxi",
		"year":"2012-2015",
		"title":"Deputy Director",
		"place1":"State Administration of Radio",
		"place2":" Film and Television"
	},
	{
		"name":"Nie Chenxi",
		"year":"2012-2015",
		"title":"Deputy Secretary",
		"place1":"State Administration of Radio",
		"place2":" Film and Television",
		"place3":"CPC",
		"place4":"Leading Party Group"
	},
	{
		"name":"Nie Chenxi",
		"year":"2011-2012",
		"title":"Vice-Governor",
		"place1":"People's Government",
		"place2":"Hebei Province"
	},
	{
		"name":"Nie Chenxi",
		"year":"2011-2012",
		"title":"Deputy Secretary",
		"place1":"People's Government",
		"place2":"CPC",
		"place3":"Leading Party Group",
		"place4":"Hebei Province"
	},
	{
		"name":"Nie Chenxi",
		"year":"2006-2012",
		"title":"Member",
		"place1":"CPC",
		"place2":"Provincial Committee",
		"place3":"Standing Committee",
		"place4":"Hebei Province"
	},
	{
		"name":"Nie Chenxi",
		"year":"2006-2011",
		"title":"Director",
		"place1":"CPC",
		"place2":"Provincial Committee",
		"place3":"Organization Department",
		"place4":"Hebei Province"
	},
	{
		"name":"Nie Chenxi",
		"year":"2004-2006",
		"title":"Secretary",
		"place1":"CPC",
		"place2":"City Committee",
		"place3":"Hebei Province",
		"place4":"Handan City"
	},
	{
		"name":"Nie Chenxi",
		"year":"2001-2004",
		"title":"Deputy Secretary",
		"place1":"CPC",
		"place2":"City Committee",
		"place3":"Hebei Province",
		"place4":"Handan City"
	},
	{
		"name":"Nie Chenxi",
		"year":"1999-2000",
		"title":"Student",
		"place1":"Nanyang Technological University"
	},
	{
		"name":"Nie Chenxi",
		"year":"1999-2001",
		"title":"Director",
		"place1":"CPC",
		"place2":"City Committee",
		"place3":"Organization Department",
		"place4":"Hebei Province",
		"place5":"Handan City"
	},
	{
		"name":"Nie Chenxi",
		"year":"1999-2003",
		"title":"Student",
		"place1":"Tianjin University",
		"place2":"Management College",
		"place3":"Tianjin Municipality"
	},
	{
		"name":"Nie Chenxi",
		"year":"1997-1999",
		"title":"Deputy Director",
		"place1":"Economics Research Center of Hebei Province"
	},
	{
		"name":"Nie Chenxi",
		"year":"1991-1994",
		"title":"Student",
		"place1":"University of Science and Technology of China",
		"place2":"Anhui Province",
		"place3":"Hefei City"
	},
	{
		"name":"Nie Chenxi",
		"year":"1980-1987",
		"title":"Cadre",
		"place1":"Statistics Bureau",
		"place2":"Calculation Department",
		"place3":"Hebei Province"
	},
	{
		"name":"Nie Chenxi",
		"year":"1977-1980",
		"title":"Student",
		"place1":"Fudan University",
		"place2":"Shanghai Municipality"
	},
	{
		"name":"Nie Dajiang",
		"year":"1998-2003",
		"title":"Member",
		"place1":"Standing Committee of the NPC"
	},
	{
		"name":"Nie Dajiang",
		"year":"1993-1998",
		"title":"Vice-Chairman",
		"place1":"Education",
		"place2":" Science",
		"place3":" Culture and Health Committee of the NPC"
	},
	{
		"name":"Nie Dajiang",
		"year":"1993-1998",
		"title":"Member",
		"place1":"Standing Committee of the NPC"
	},
	{
		"name":"Nie Dajiang",
		"year":"",
		"title":"Deputy Head",
		"place1":"CPC",
		"place2":"Central Committee",
		"place3":"Propaganda Department"
	},
	{
		"name":"Nie Dajiang",
		"year":"1987-1992",
		"title":"Delegate",
		"place1":"CPC",
		"place2":"National Congress"
	},
	{
		"name":"Nie Dajiang",
		"year":"1986-1990",
		"title":"Vice-Minister",
		"place1":"Ministry of Radio",
		"place2":" Film and Television"
	},
	{
		"name":"Nie Dajiang",
		"year":"",
		"title":"Member",
		"place1":"CPC",
		"place2":"Provincial Committee",
		"place3":"Standing Committee",
		"place4":"Gansu Province"
	},
	{
		"name":"Nie Dajiang",
		"year":"",
		"title":"Head",
		"place1":"CPC",
		"place2":"Provincial Committee",
		"place3":"Propaganda Department",
		"place4":"Gansu Province"
	},
	{
		"name":"Nie Dajiang",
		"year":"1982-1984",
		"title":"Secretary",
		"place1":"Lanzhou University",
		"place2":"CPC",
		"place3":"Party Committee",
		"place4":"Gansu Province",
		"place5":"Lanzhou City"
	},
	{
		"name":"Nie Dajiang",
		"year":"1982-1986",
		"title":"Deputy Secretary",
		"place1":"CPC",
		"place2":"Provincial Committee",
		"place3":"Gansu Province"
	},
	{
		"name":"Nie Dajiang",
		"year":"1982-1984",
		"title":"President",
		"place1":"Lanzhou University",
		"place2":"Gansu Province",
		"place3":"Lanzhou City"
	},
	{
		"name":"Nie Dajiang",
		"year":"1977-1982",
		"title":"Vice-President",
		"place1":"Lanzhou University",
		"place2":"Gansu Province",
		"place3":"Lanzhou City"
	},
	{
		"name":"Nie Dajiang",
		"year":"1959-1966",
		"title":"Dean",
		"place1":"Lanzhou University",
		"place2":"Gansu Province",
		"place3":"Lanzhou City"
	},
	{
		"name":"Nie Dajiang",
		"year":"1958-1959",
		"title":"Teacher",
		"place1":"Beijing University",
		"place2":"Beijing Municipality"
	},
	{
		"name":"Nie Dajiang",
		"year":"1958",
		"title":"Graduate",
		"place1":"Beijing University",
		"place2":"History Department",
		"place3":"Beijing Municipality"
	},
	{
		"name":"Nie Dajiang",
		"year":"1949",
		"title":"Joined",
		"place1":"CPC"
	},
	{
		"name":"Nie Fengzhi",
		"year":"1977-1982",
		"title":"Member",
		"place1":"CPC",
		"place2":"Central Committee"
	},
	{
		"name":"Nie Fengzhi",
		"year":"1977-1982",
		"title":"Commander",
		"place1":"PLA",
		"place2":"Regions",
		"place3":"Nanjing Military Region"
	},
	{
		"name":"Nie Fengzhi",
		"year":"1977-1982",
		"title":"Secretary",
		"place1":"PLA",
		"place2":"Regions",
		"place3":"Nanjing Military Region",
		"place4":"CPC",
		"place5":"Party Committee",
		"place6":"Standing Committee"
	},
	{
		"name":"Nie Fengzhi",
		"year":"1975-1977",
		"title":"Deputy Commander",
		"place1":"PLA",
		"place2":"Regions",
		"place3":"Nanjing Military Region"
	},
	{
		"name":"Nie Fengzhi",
		"year":"1975-1977",
		"title":"Member",
		"place1":"PLA",
		"place2":"Regions",
		"place3":"Nanjing Military Region",
		"place4":"CPC",
		"place5":"Party Committee",
		"place6":"Standing Committee"
	},
	{
		"name":"Nie Kuiju",
		"year":"1988-1992",
		"title":"Lieutenant General",
		"place1":"PLA",
		"place2":"Services and Arms",
		"place3":"Navy"
	},
	{
		"name":"Nie Kuiju",
		"year":"1987-1992",
		"title":"Member",
		"place1":"CPC",
		"place2":"Central Committee"
	},
	{
		"name":"Nie Kuiju",
		"year":"1982-1987",
		"title":"Alternate Member",
		"place1":"CPC",
		"place2":"Central Committee"
	},
	{
		"name":"Nie Kuiju",
		"year":"1945",
		"title":"Joined",
		"place1":"CPC"
	},
	{
		"name":"Nie Kuiju",
		"year":"1944",
		"title":"Joined",
		"place1":"PLA"
	},
	{
		"name":"Nie Li",
		"year":"1998-2003",
		"title":"Member",
		"place1":"Standing Committee of the NPC"
	},
	{
		"name":"Nie Li",
		"year":"1993-",
		"title":"Lieutenant General",
		"place1":"PLA"
	},
	{
		"name":"Nie Li",
		"year":"1993-1998",
		"title":"Member",
		"place1":"Internal and Judicial Affairs Committee of the NPC"
	},
	{
		"name":"Nie Li",
		"year":"1993-1998",
		"title":"Vice-Chairman",
		"place1":"All-China Women's Federation"
	},
	{
		"name":"Nie Li",
		"year":"1993-1998",
		"title":"Member",
		"place1":"Standing Committee of the NPC"
	},
	{
		"name":"Nie Li",
		"year":"1988-1993",
		"title":"Deputy",
		"place1":"NPC"
	},
	{
		"name":"Nie Li",
		"year":"1988-1993",
		"title":"Major General",
		"place1":"PLA"
	},
	{
		"name":"Nie Li",
		"year":"1983-1988",
		"title":"Deputy",
		"place1":"NPC"
	},
	{
		"name":"Nie Li",
		"year":"1982-1985",
		"title":"Vice-Minister",
		"place1":"State Administration for Science",
		"place2":" Technology and Industry for National Defense (SASTIND)"
	},
	{
		"name":"Nie Li",
		"year":"1950",
		"title":"Joined",
		"place1":"CPC"
	},
	{
		"name":"Nie Ronggui",
		"year":"2003-2008",
		"title":"Deputy",
		"place1":"NPC"
	},
	{
		"name":"Nie Ronggui",
		"year":"1997-2002",
		"title":"Delegate",
		"place1":"CPC",
		"place2":"National Congress"
	},
	{
		"name":"Nie Ronggui",
		"year":"1993-2003",
		"title":"Chairman",
		"place1":"Sichuan Province",
		"place2":"CPPCC",
		"place3":"Provincial Committee"
	},
	{
		"name":"Nie Ronggui",
		"year":"1993-1998",
		"title":"Member",
		"place1":"CPPCC",
		"place2":"National Committee"
	},
	{
		"name":"Nie Ronggui",
		"year":"1990-1993",
		"title":"Deputy Secretary",
		"place1":"CPC",
		"place2":"Provincial Committee",
		"place3":"Sichuan Province"
	},
	{
		"name":"Nie Ronggui",
		"year":"1987-1990",
		"title":"Deputy Secretary",
		"place1":"CPC",
		"place2":"Provincial Committee",
		"place3":"Yunnan Province"
	},
	{
		"name":"Nie Ronggui",
		"year":"1983-1988",
		"title":"Deputy",
		"place1":"NPC"
	},
	{
		"name":"Nie Ronggui",
		"year":"1983-1988",
		"title":"Deputy",
		"place1":"NPC"
	},
	{
		"name":"Nie Ronggui",
		"year":"1982-1987",
		"title":"Deputy Secretary",
		"place1":"CPC",
		"place2":"Provincial Committee",
		"place3":"Sichuan Province"
	},
	{
		"name":"Nie Ronggui",
		"year":"1982-1987",
		"title":"Secretary",
		"place1":"CPC",
		"place2":"Provincial Committee",
		"place3":"Commission for Discipline Inspection",
		"place4":"Sichuan Province"
	},
	{
		"name":"Nie Ronggui",
		"year":"1978-1983",
		"title":"Deputy",
		"place1":"NPC"
	},
	{
		"name":"Nie Ronggui",
		"year":"1947",
		"title":"Joined",
		"place1":"CPC"
	},
	{
		"name":"Nie Weiguo",
		"year":"2012-2017",
		"title":"Member",
		"place1":"CPC",
		"place2":"Central Committee"
	},
	{
		"name":"Nie Weiguo",
		"year":"2007-2012",
		"title":"Member",
		"place1":"CPC",
		"place2":"Central Committee"
	},
	{
		"name":"Nie Weiguo",
		"year":"2005-",
		"title":"Chairman",
		"place1":"China Xinjiang Group Corporation",
		"place2":"Board of the Directors"
	},
	{
		"name":"Nie Weiguo",
		"year":"2005-",
		"title":"Secretary",
		"place1":"Xinjiang Production and Construction Corps",
		"place2":"CPC",
		"place3":"Party Committee"
	},
	{
		"name":"Nie Weiguo",
		"year":"2005-",
		"title":"Political Commissar",
		"place1":"Xinjiang Production and Construction Corps"
	},
	{
		"name":"Nie Weiguo",
		"year":"2005-",
		"title":"Deputy Secretary",
		"place1":"CPC",
		"place2":"Autonomous Regional Committee",
		"place3":"Xinjiang Uygur Autonomous Region"
	},
	{
		"name":"Nie Weiguo",
		"year":"2002-2005",
		"title":"Deputy Secretary",
		"place1":"CPC",
		"place2":"Municipal Committee",
		"place3":"Chongqing Municipality"
	},
	{
		"name":"Nie Weiguo",
		"year":"2002-2007",
		"title":"Alternate Member",
		"place1":"CPC",
		"place2":"Central Committee"
	},
	{
		"name":"Nie Weiguo",
		"year":"2000-2002",
		"title":"Secretary",
		"place1":"CPC",
		"place2":"District Committee",
		"place3":"Chongqing Municipality",
		"place4":"Wanzhou District"
	},
	{
		"name":"Nie Weiguo",
		"year":"2000-2002",
		"title":"Member",
		"place1":"CPC",
		"place2":"Municipal Committee",
		"place3":"Standing Committee",
		"place4":"Chongqing Municipality"
	},
	{
		"name":"Nie Weiguo",
		"year":"1998-2000",
		"title":"Chairman",
		"place1":"CPPCC",
		"place2":"City Committee",
		"place3":"Sichuan Province",
		"place4":"Fuling City"
	},
	{
		"name":"Nie Weiguo",
		"year":"1997-2002",
		"title":"Alternate Member",
		"place1":"CPC",
		"place2":"Central Committee"
	},
	{
		"name":"Nie Weiguo",
		"year":"1997-2000",
		"title":"Secretary",
		"place1":"CPC",
		"place2":"City Committee",
		"place3":"Sichuan Province",
		"place4":"Fuling City"
	},
	{
		"name":"Nie Weiguo",
		"year":"1996-1997",
		"title":"Mayor",
		"place1":"People's Government",
		"place2":"Sichuan Province",
		"place3":"Fuling City"
	},
	{
		"name":"Nie Weiguo",
		"year":"1996-1997",
		"title":"Deputy Secretary",
		"place1":"CPC",
		"place2":"City Committee",
		"place3":"Sichuan Province",
		"place4":"Fuling City"
	},
	{
		"name":"Nie Weiguo",
		"year":"1994-1996",
		"title":"Commissioner",
		"place1":"People's Government",
		"place2":"Prefectural Office",
		"place3":"Sichuan Province",
		"place4":"Fuling Prefecture"
	},
	{
		"name":"Nie Weiguo",
		"year":"1994-1996",
		"title":"Deputy Secretary",
		"place1":"CPC",
		"place2":"Prefectural Committee",
		"place3":"Sichuan Province",
		"place4":"Fuling Prefecture"
	},
	{
		"name":"Nie Weiguo",
		"year":"1993-1996",
		"title":"Student",
		"place1":"CPC",
		"place2":"Central Committee",
		"place3":"Central Party School"
	},
	{
		"name":"Nie Weiguo",
		"year":"1987-1994",
		"title":"Member",
		"place1":"CPC",
		"place2":"Prefectural Committee",
		"place3":"Standing Committee",
		"place4":"Sichuan Province",
		"place5":"Fuling Prefecture"
	},
	{
		"name":"Nie Weiguo",
		"year":"1983-1983",
		"title":"Deputy Secretary",
		"place1":"CPC",
		"place2":"County Committee",
		"place3":"Chongqing Municipality",
		"place4":"Nanchuan County"
	},
	{
		"name":"Nie Weiguo",
		"year":"1983-1994",
		"title":"Deputy Commissioner",
		"place1":"Prefectural Administrative Office",
		"place2":"Sichuan Province",
		"place3":"Fuling Prefecture"
	},
	{
		"name":"Nie Weiguo",
		"year":"1978",
		"title":"Joined",
		"place1":"CPC"
	},
	{
		"name":"Nie Weiguo",
		"year":"1975-1983",
		"title":"Technician",
		"place1":"Nanchuan County Phosphate Fertilizer Plant",
		"place2":"Chongqing Municipality",
		"place3":"Nanchuan County"
	},
	{
		"name":"Nie Weiguo",
		"year":"1975-1983",
		"title":"Deputy Section Chief",
		"place1":"Nanchuan County Phosphate Fertilizer Plant",
		"place2":"Chongqing Municipality",
		"place3":"Nanchuan County"
	},
	{
		"name":"Nie Weiguo",
		"year":"1975-1983",
		"title":"Deputy Director",
		"place1":"Nanchuan County Phosphate Fertilizer Plant",
		"place2":"Chongqing Municipality",
		"place3":"Nanchuan County"
	},
	{
		"name":"Nie Weiguo",
		"year":"1975-1983",
		"title":"Deputy Secretary",
		"place1":"Nanchuan County Phosphate Fertilizer Plant",
		"place2":"CPC",
		"place3":"Party Committee",
		"place4":"Chongqing Municipality",
		"place5":"Nanchuan County"
	},
	{
		"name":"Nie Weiguo",
		"year":"1975-1983",
		"title":"Director",
		"place1":"Nanchuan County Phosphate Fertilizer Plant",
		"place2":"Chongqing Municipality",
		"place3":"Nanchuan County"
	},
	{
		"name":"Nie Weiguo",
		"year":"1975-1983",
		"title":"Secretary",
		"place1":"Nanchuan County Phosphate Fertilizer Plant",
		"place2":"CPC",
		"place3":"Party Committee",
		"place4":"Chongqing Municipality",
		"place5":"Nanchuan County"
	},
	{
		"name":"Nie Weiguo",
		"year":"1972-1975",
		"title":"Student",
		"place1":"Chongqing University",
		"place2":"Machinery Department",
		"place3":"Chongqing Municipality"
	},
	{
		"name":"Nie Weiguo",
		"year":"1971-1972",
		"title":"Worker",
		"place1":"Nanchuan County Nitrogenous Fertilizer Plant",
		"place2":"Chongqing Municipality",
		"place3":"Nanchuan County"
	},
	{
		"name":"Nie Yuanzi",
		"year":"1969-1973",
		"title":"Alternate Member",
		"place1":"CPC",
		"place2":"Central Committee"
	},
	{
		"name":"Nie Yuanzi",
		"year":"1967-1969",
		"title":"Vice-Chairman",
		"place1":"Cultural Revolution",
		"place2":"Revolutionary Committee",
		"place3":"Beijing Municipality"
	},
	{
		"name":"Nie Yuanzi",
		"year":"1964-1965",
		"title":"Secretary",
		"place1":"Beijing University",
		"place2":"Philosophy Department",
		"place3":"CPC",
		"place4":"Party Committee",
		"place5":"Beijing Municipality"
	},
	{
		"name":"Nie Yuanzi",
		"year":"1963-1964",
		"title":"Vice-Dean",
		"place1":"Beijing University",
		"place2":"Economics Department",
		"place3":"Beijing Municipality"
	},
	{
		"name":"Nie Yuanzi",
		"year":"1938",
		"title":"Joined",
		"place1":"CPC"
	},
	{
		"name":"Nie Zhenbang",
		"year":"2000-",
		"title":"Director",
		"place1":"State Administration of Grain"
	},
	{
		"name":"Nie Zhenbang",
		"year":"2000-",
		"title":"Secretary",
		"place1":"State Administration of Grain",
		"place2":"CPC",
		"place3":"Leading Party Group"
	},
	{
		"name":"Nie Zhenbang",
		"year":"1998-2000",
		"title":"Deputy Director",
		"place1":"State Grain Reserve Administration"
	},
	{
		"name":"Nie Zhenbang",
		"year":"1998-2000",
		"title":"Deputy Secretary",
		"place1":"State Grain Reserve Administration",
		"place2":"CPC",
		"place3":"Leading Party Group"
	},
	{
		"name":"Ning Bin",
		"year":"2008-",
		"title":"President",
		"place1":"Northern Jiaotong University",
		"place2":"Beijing Municipality"
	},
	{
		"name":"Ning Bin",
		"year":"2004-2008",
		"title":"Senior Vice-President",
		"place1":"Northern Jiaotong University",
		"place2":"Beijing Municipality"
	},
	{
		"name":"Ning Bin",
		"year":"1997-2004",
		"title":"Vice-President",
		"place1":"Northern Jiaotong University",
		"place2":"Beijing Municipality"
	},
	{
		"name":"Ning Bin",
		"year":"1982",
		"title":"Graduate",
		"place1":"Northern Jiaotong University",
		"place2":"Beijing Municipality"
	},
	{
		"name":"Ning Gaoning",
		"year":"2012-2017",
		"title":"Member",
		"place1":"CPC",
		"place2":"Central Committee",
		"place3":"Central Commission for Discipline Inspection"
	},
	{
		"name":"Ning Gaoning",
		"year":"2004-",
		"title":"Chairman of the Board",
		"place1":"China National Cereals",
		"place2":" Oil and Foodstuffs Import and Export Corporation"
	},
	{
		"name":"Ning Gaoning",
		"year":"1999-2004",
		"title":"Chairman of the Board",
		"place1":"China Resources Enterprises Limited"
	},
	{
		"name":"Ning Gaoning",
		"year":"1999-2004",
		"title":"General Manager",
		"place1":"Huarun Group Company Limited"
	},
	{
		"name":"Ning Gaoning",
		"year":"1990-1990",
		"title":"Director",
		"place1":"China Resources Enterprises Limited"
	},
	{
		"name":"Ning Gaoning",
		"year":"1990-1999",
		"title":"General Manager",
		"place1":"China Resources Enterprises Limited"
	},
	{
		"name":"Ning Gaoning",
		"year":"1987",
		"title":"Graduate",
		"place1":"University of Pittsburgh",
		"place2":"USA",
		"place3":"Pennsylvania",
		"place4":"Pittsburgh"
	},
	{
		"name":"Ning Gaoning",
		"year":"1983",
		"title":"Graduate",
		"place1":"Shandong University",
		"place2":"Shandong Province",
		"place3":"Jinan City"
	},
	{
		"name":"Ning Jizhe",
		"year":"2015-",
		"title":"Deputy Director",
		"place1":"National Development and Reform Commission"
	},
	{
		"name":"Ning Jizhe",
		"year":"2013-2015",
		"title":"Director",
		"place1":"Research Office of the State Council"
	},
	{
		"name":"Ning Jizhe",
		"year":"2007-2013",
		"title":"Deputy Director",
		"place1":"Research Office of the State Council"
	},
	{
		"name":"Ning Jizhe",
		"year":"2006-2007",
		"title":"Assistant Director",
		"place1":"Research Office of the State Council"
	},
	{
		"name":"Ning Jizhe",
		"year":"2005-",
		"title":"Member",
		"place1":"Research Office of the State Council",
		"place2":"CPC",
		"place3":"Leading Party Group"
	},
	{
		"name":"Ning Jizhe",
		"year":"2003-2006",
		"title":"Staff Member",
		"place1":"Research Office of the State Council"
	},
	{
		"name":"Ning Jizhe",
		"year":"1998-2003",
		"title":"Staff Member",
		"place1":"National Development and Reform Commission",
		"place2":"Economic Research Center",
		"place3":"State Planning Commission"
	},
	{
		"name":"Ning Jizhe",
		"year":"1988-2003",
		"title":"Team Leader",
		"place1":"Western Region Development Office",
		"place2":"Comprehensive Team"
	},
	{
		"name":"Ning Jizhe",
		"year":"1983-1998",
		"title":"Student",
		"place1":"People's University of China",
		"place2":"Beijing Municipality"
	},
	{
		"name":"Ning Jizhe",
		"year":"1978-1982",
		"title":"Student",
		"place1":"Hefei University of Technology",
		"place2":"Anhui Province",
		"place3":"Hefei City"
	},
	{
		"name":"Ning Jizhe",
		"year":"1974-1978",
		"title":"Cultural Revolution",
		"place1":"Cultural Revolution",
		"place2":"Rusticated Youth",
		"place3":"Anhui Province",
		"place4":"Guangde County"
	},
	{
		"name":"Ning Jun",
		"year":"2004-2005",
		"title":"Chief Executive Officer",
		"place1":"China Finance Online Company Limited"
	},
	{
		"name":"Ning Jun",
		"year":"2004-2005",
		"title":"Chairman of the Board",
		"place1":"China Finance Online Company Limited"
	},
	{
		"name":"Ning Jun",
		"year":"1997-2004",
		"title":"Chief Executive Officer",
		"place1":"Dalian Yaqi Computer Company",
		"place2":"Liaoning Province",
		"place3":"Dalian City"
	},
	{
		"name":"Ning Jun",
		"year":"1996-1997",
		"title":"President",
		"place1":"Eastern Software Company"
	},
	{
		"name":"Ning Jun",
		"year":"1976",
		"title":"Joined",
		"place1":"PLA"
	},
	{
		"name":"Niu Gang",
		"year":"",
		"title":"Chairman",
		"place1":"Dashang Group Company"
	},
	{
		"name":"Niu Hongguang",
		"year":"2012-2017",
		"title":"Alternate Member",
		"place1":"CPC",
		"place2":"Central Committee"
	},
	{
		"name":"Niu Hongguang",
		"year":"2009-",
		"title":"Deputy Director",
		"place1":"PLA",
		"place2":"General Armaments Department"
	},
	{
		"name":"Niu Hongguang",
		"year":"2008-2013",
		"title":"Deputy",
		"place1":"NPC"
	},
	{
		"name":"Niu Hongguang",
		"year":"1967-2008",
		"title":"Chief of Staff",
		"place1":"PLA",
		"place2":"General Armaments Department"
	},
	{
		"name":"Niu Maosheng",
		"year":"2003-2008",
		"title":"Member",
		"place1":"CPPCC",
		"place2":"National Committee",
		"place3":"Standing Committee"
	},
	{
		"name":"Niu Maosheng",
		"year":"2003-2008",
		"title":"Chairman",
		"place1":"CPPCC",
		"place2":"Subcommittee of Ethnic and Religious Affairs"
	},
	{
		"name":"Niu Maosheng",
		"year":"2002-2007",
		"title":"Member",
		"place1":"CPC",
		"place2":"Central Committee"
	},
	{
		"name":"Niu Maosheng",
		"year":"1999-2002",
		"title":"Governor",
		"place1":"People's Government",
		"place2":"Hebei Province"
	},
	{
		"name":"Niu Maosheng",
		"year":"1998-1999",
		"title":"Deputy Head",
		"place1":"State Flood Control and Drought Relief Headquarters"
	},
	{
		"name":"Niu Maosheng",
		"year":"1998-1999",
		"title":"Vice-Governor",
		"place1":"People's Government",
		"place2":"Hebei Province"
	},
	{
		"name":"Niu Maosheng",
		"year":"1998-1999",
		"title":"Acting Governor",
		"place1":"People's Government",
		"place2":"Hebei Province"
	},
	{
		"name":"Niu Maosheng",
		"year":"1998-2002",
		"title":"Deputy Secretary",
		"place1":"CPC",
		"place2":"Provincial Committee",
		"place3":"Hebei Province"
	},
	{
		"name":"Niu Maosheng",
		"year":"1997-2002",
		"title":"Member",
		"place1":"CPC",
		"place2":"Central Committee"
	},
	{
		"name":"Niu Maosheng",
		"year":"1994-1994",
		"title":"Head",
		"place1":"Construction Commission for Diverting Water from the South to the North Project",
		"place2":"Leading Group"
	},
	{
		"name":"Niu Maosheng",
		"year":"1993-1998",
		"title":"Member",
		"place1":"CPPCC",
		"place2":"National Committee"
	},
	{
		"name":"Niu Maosheng",
		"year":"1993-1998",
		"title":"Minister",
		"place1":"Ministry of Water Resources"
	},
	{
		"name":"Niu Maosheng",
		"year":"1993-1998",
		"title":"Deputy Head",
		"place1":"State Flood Control and Drought Relief Headquarters"
	},
	{
		"name":"Niu Maosheng",
		"year":"1988-1990",
		"title":"Vice-Minister",
		"place1":"Ministry of Water Resources"
	},
	{
		"name":"Niu Maosheng",
		"year":"1988-1990",
		"title":"Secretary-General",
		"place1":"State Flood Control and Drought Relief Headquarters"
	},
	{
		"name":"Niu Maosheng",
		"year":"1987-1988",
		"title":"Director",
		"place1":"Ministry of Water Resources",
		"place2":"Yellow River Management Committee"
	},
	{
		"name":"Niu Maosheng",
		"year":"1987-1988",
		"title":"1st Deputy Director",
		"place1":"Ministry of Water Resources",
		"place2":"Yellow River Management Committee"
	},
	{
		"name":"Niu Maosheng",
		"year":"1985-1987",
		"title":"General Manager",
		"place1":"China Water Resources Development Corp."
	},
	{
		"name":"Niu Maosheng",
		"year":"1985-1987",
		"title":"Vice-Chairman",
		"place1":"China Water Resources Development Corp."
	},
	{
		"name":"Niu Maosheng",
		"year":"1982-1985",
		"title":"Secretary",
		"place1":"CPC",
		"place2":"County Committee",
		"place3":"Beijing",
		"place4":"Miyun County"
	},
	{
		"name":"Niu Maosheng",
		"year":"1982-1985",
		"title":"Member",
		"place1":"CPC",
		"place2":"Municipal Committee",
		"place3":"Beijing Municipality"
	},
	{
		"name":"Niu Maosheng",
		"year":"1981-1982",
		"title":"Student",
		"place1":"CPC",
		"place2":"Central Committee",
		"place3":"Central Party School"
	},
	{
		"name":"Niu Maosheng",
		"year":"1973-1982",
		"title":"Deputy Secretary",
		"place1":"Water Conservancy Bureau",
		"place2":"CPC",
		"place3":"Party Committee",
		"place4":"Beijing Municipality"
	},
	{
		"name":"Niu Maosheng",
		"year":"1973-1982",
		"title":"Deputy Director",
		"place1":"Water Conservancy Bureau",
		"place2":"Beijing Municipality"
	},
	{
		"name":"Niu Maosheng",
		"year":"1966-1973",
		"title":"Secretary",
		"place1":"Bureau for Water Resources and Meteorology",
		"place2":"General Office",
		"place3":"Beijing Municipality"
	},
	{
		"name":"Niu Maosheng",
		"year":"1966-1973",
		"title":"Deputy Director",
		"place1":"Bureau for Water Resources and Meteorology",
		"place2":"General Office",
		"place3":"Beijing Municipality"
	},
	{
		"name":"Niu Maosheng",
		"year":"1966-1973",
		"title":"Member",
		"place1":"Bureau for Water Resources and Meteorology",
		"place2":"CPC",
		"place3":"Party Committee",
		"place4":"Beijing Municipality"
	},
	{
		"name":"Niu Maosheng",
		"year":"1963-1965",
		"title":"Worker",
		"place1":"Cultural Revolution",
		"place2":"Rusticated Youth",
		"place3":"Beijing Municipality"
	},
	{
		"name":"Niu Maosheng",
		"year":"1963-1965",
		"title":"Cultural Revolution",
		"place1":"Cultural Revolution",
		"place2":"Sent to the countryside",
		"place3":"Beijing Municipality"
	},
	{
		"name":"Niu Maosheng",
		"year":"1961",
		"title":"Joined",
		"place1":"CPC"
	},
	{
		"name":"Niu Maosheng",
		"year":"1958-1963",
		"title":"Student",
		"place1":"Beijing Institute of Agricultural Mechanization",
		"place2":"Water Conservancy and Irrigation Department",
		"place3":"Beijing Municipality"
	},
	{
		"name":"Niu Renliang",
		"year":"2002-",
		"title":"Vice-Governor",
		"place1":"People's Government",
		"place2":"Shanxi Province"
	},
	{
		"name":"Niu Renliang",
		"year":"2000-2002",
		"title":"Secretary",
		"place1":"Development and Planning Committee",
		"place2":"CPC",
		"place3":"Leading Party Group",
		"place4":"Shanxi Province"
	},
	{
		"name":"Niu Renliang",
		"year":"2000-2002",
		"title":"Director",
		"place1":"Development and Planning Committee",
		"place2":"Shanxi Province"
	},
	{
		"name":"Niu Renliang",
		"year":"1999-2000",
		"title":"Deputy Secretary-General",
		"place1":"CPC",
		"place2":"Provincial Committee",
		"place3":"Shanxi Province"
	},
	{
		"name":"Niu Renliang",
		"year":"1997-1999",
		"title":"Deputy Secretary",
		"place1":"Nanfang Stock and Security Co.",
		"place2":" Ltd",
		"place3":"CPC",
		"place4":"Party Committee"
	},
	{
		"name":"Niu Renliang",
		"year":"1995-1997",
		"title":"General Manager",
		"place1":"Nanfang Stock and Security Co.",
		"place2":" Ltd",
		"place3":"Shenyang Branch",
		"place4":"Liaoning Province",
		"place5":"Shenyang City"
	},
	{
		"name":"Niu Renliang",
		"year":"1994-1995",
		"title":"General Manager",
		"place1":"Nanfang Stock and Security Co.",
		"place2":" Ltd",
		"place3":"Development Research Department"
	},
	{
		"name":"Niu Renliang",
		"year":"1985-1988",
		"title":"Student",
		"place1":"Shanxi Normal University",
		"place2":"Shanxi Province",
		"place3":"Linfen City"
	},
	{
		"name":"Niu Renliang",
		"year":"1980-1985",
		"title":"Teacher",
		"place1":"Shanxi Normal University",
		"place2":"Shanxi Province",
		"place3":"Linfen City"
	},
	{
		"name":"Niu Shaoyao",
		"year":"2003-2008",
		"title":"Deputy",
		"place1":"NPC"
	},
	{
		"name":"Niu Shaoyao",
		"year":"1998-2003",
		"title":"Senior Vice-Governor",
		"place1":"People's Government",
		"place2":"Yunnan Province"
	},
	{
		"name":"Niu Shaoyao",
		"year":"1997-2002",
		"title":"Alternate Member",
		"place1":"CPC",
		"place2":"Central Committee"
	},
	{
		"name":"Niu Shaoyao",
		"year":"1995-2003",
		"title":"Member",
		"place1":"CPC",
		"place2":"Provincial Committee",
		"place3":"Yunnan Province"
	},
	{
		"name":"Niu Shaoyao",
		"year":"1992-1998",
		"title":"Vice-Governor",
		"place1":"People's Government",
		"place2":"Yunnan Province"
	},
	{
		"name":"Niu Shaoyao",
		"year":"1989-1992",
		"title":"Director",
		"place1":"Committee of Science",
		"place2":" Technology and Industry for National Defense",
		"place3":"Yunnan Province"
	},
	{
		"name":"Niu Shaoyao",
		"year":"1989-1992",
		"title":"Secretary",
		"place1":"Committee of Science",
		"place2":" Technology and Industry for National Defense",
		"place3":"CPC",
		"place4":"Party Committee",
		"place5":"Yunnan Province"
	},
	{
		"name":"Niu Shaoyao",
		"year":"1985-1989",
		"title":"Deputy Director",
		"place1":"Bureau of Electronics Industry",
		"place2":"Yunnan Province"
	},
	{
		"name":"Niu Shaoyao",
		"year":"1973",
		"title":"Joined",
		"place1":"CPC"
	},
	{
		"name":"Niu Shouzhang",
		"year":"1997-",
		"title":"Chairman",
		"place1":"Zhejiang Provincial Federation of Industry and Commerce",
		"place2":"Zhejiang Province"
	},
	{
		"name":"Niu Shouzhang",
		"year":"1993-",
		"title":"Member",
		"place1":"All-China Federation of Industry and Commerce",
		"place2":"Executive Committee"
	},
	{
		"name":"Niu Shouzhang",
		"year":"1993-1998",
		"title":"Member",
		"place1":"CPPCC",
		"place2":"National Committee"
	},
	{
		"name":"Niu Shouzhang",
		"year":"1988-1993",
		"title":"Member",
		"place1":"CPPCC",
		"place2":"National Committee"
	},
	{
		"name":"Niu Xiaoming",
		"year":"2002-2008",
		"title":"Vice-Chairman",
		"place1":"Revolutionary Committee of Chinese Kuomintang (RCCK)",
		"place2":"Central Committee"
	},
	{
		"name":"Niu Xiaoming",
		"year":"1998-2003",
		"title":"Member",
		"place1":"NPC"
	},
	{
		"name":"Niu Xiaoming",
		"year":"1998-",
		"title":"Vice-Chairman",
		"place1":"Provincial People's Congress",
		"place2":"Standing Committee",
		"place3":"Sichuan Province"
	},
	{
		"name":"Niu Xiaoming",
		"year":"1997-2002",
		"title":"Vice-Chairman",
		"place1":"Revolutionary Committee of Chinese Kuomintang (RCCK)",
		"place2":"Central Committee"
	},
	{
		"name":"Niu Xiaoming",
		"year":"1997-2002",
		"title":"Member",
		"place1":"Revolutionary Committee of Chinese Kuomintang (RCCK)",
		"place2":"Central Committee"
	},
	{
		"name":"Niu Xiaoming",
		"year":"1995-1998",
		"title":"Deputy Director",
		"place1":"Provincial Education Commission",
		"place2":"Sichuan Province"
	},
	{
		"name":"Niu Xiaoming",
		"year":"1995",
		"title":"Joined",
		"place1":"Revolutionary Committee of Chinese Kuomintang (RCCK)"
	},
	{
		"name":"Niu Xiaoming",
		"year":"1994-2008",
		"title":"Professor",
		"place1":"Southwest Jiaotong University",
		"place2":"Sichuan Province",
		"place3":"Chengdu City"
	},
	{
		"name":"Niu Xiaoming",
		"year":"1994-2002",
		"title":"Vice-President",
		"place1":"Southwest Jiaotong University",
		"place2":"Sichuan Province",
		"place3":"Chengdu City"
	},
	{
		"name":"Niu Xiaoming",
		"year":"1993-1994",
		"title":"Assistant to the President",
		"place1":"Southwest Jiaotong University",
		"place2":"Sichuan Province",
		"place3":"Chengdu City"
	},
	{
		"name":"Niu Xiaoming",
		"year":"1988-1993",
		"title":"Vice-Dean",
		"place1":"Southwest Jiaotong University",
		"place2":"Electronic Engineering Department",
		"place3":"Sichuan Province",
		"place4":"Chengdu City"
	},
	{
		"name":"Niu Xiaoming",
		"year":"1987-1993",
		"title":"Assistant Professor",
		"place1":"Southwest Jiaotong University",
		"place2":"Sichuan Province",
		"place3":"Chengdu City"
	},
	{
		"name":"Niu Youcheng",
		"year":"2008-",
		"title":"Vice-Mayor",
		"place1":"People's Government",
		"place2":"Beijing Municipality"
	},
	{
		"name":"Niu Youcheng",
		"year":"",
		"title":"Secretary",
		"place1":"CPC",
		"place2":"District Committee",
		"place3":"Beijing",
		"place4":"Daxing County"
	},
	{
		"name":"Niu Youcheng",
		"year":"",
		"title":"Secretary",
		"place1":"CPC",
		"place2":"District Committee",
		"place3":"Beijing",
		"place4":"Shunyi District"
	},
	{
		"name":"Niu Youcheng",
		"year":"",
		"title":"Deputy Head",
		"place1":"CPC",
		"place2":"District Committee",
		"place3":"Publicity Department",
		"place4":"Beijing",
		"place5":"Shunyi District"
	},
	{
		"name":"Niu Youcheng",
		"year":"",
		"title":"Deputy Secretary",
		"place1":"CYLC",
		"place2":"District-Level",
		"place3":"Beijing",
		"place4":"Shunyi District"
	},
	{
		"name":"Nuer Bekri",
		"year":"2015-",
		"title":"Director",
		"place1":"National Energy Administration"
	},
	{
		"name":"Nuer Bekri",
		"year":"2015-",
		"title":"Deputy Director",
		"place1":"National Development and Reform Commission"
	},
	{
		"name":"Nuer Bekri",
		"year":"2012-2017",
		"title":"Member",
		"place1":"CPC",
		"place2":"Central Committee"
	},
	{
		"name":"Nuer Bekri",
		"year":"2008-2014",
		"title":"Chairman",
		"place1":"Autonomous Region People's Government",
		"place2":"Xinjiang Uygur Autonomous Region"
	},
	{
		"name":"Nuer Bekri",
		"year":"2007-2012",
		"title":"Alternate Member",
		"place1":"CPC",
		"place2":"Central Committee"
	},
	{
		"name":"Nuer Bekri",
		"year":"2007-2008",
		"title":"Deputy Chairman",
		"place1":"Autonomous Region People's Government",
		"place2":"Xinjiang Uygur Autonomous Region"
	},
	{
		"name":"Nuer Bekri",
		"year":"2003-2014",
		"title":"Deputy Secretary",
		"place1":"CPC",
		"place2":"Autonomous Regional Committee",
		"place3":"Xinjiang Uygur Autonomous Region"
	},
	{
		"name":"Nuer Bekri",
		"year":"2001-2005",
		"title":"Deputy Secretary",
		"place1":"CPC",
		"place2":"Autonomous Regional Committee",
		"place3":"Politics and Law Committee",
		"place4":"Xinjiang Uygur Autonomous Region"
	},
	{
		"name":"Nuer Bekri",
		"year":"2000-2003",
		"title":"Member",
		"place1":"CPC",
		"place2":"Autonomous Regional Committee",
		"place3":"Standing Committee",
		"place4":"Xinjiang Uygur Autonomous Region"
	},
	{
		"name":"Nuer Bekri",
		"year":"1998-2000",
		"title":"Mayor",
		"place1":"Autonomous Region People's Government",
		"place2":"Xinjiang Uygur Autonomous Region",
		"place3":"Urumqi City"
	},
	{
		"name":"Nuer Bekri",
		"year":"1998-2000",
		"title":"Deputy Secretary",
		"place1":"CPC",
		"place2":"Autonomous City Committee",
		"place3":"Xinjiang Uygur Autonomous Region",
		"place4":"Urumqi City"
	},
	{
		"name":"Nuer Bekri",
		"year":"1996-1998",
		"title":"Deputy Secretary-General",
		"place1":"Autonomous Region People's Government",
		"place2":"Xinjiang Uygur Autonomous Region"
	},
	{
		"name":"Nuer Bekri",
		"year":"1995-1996",
		"title":"Deputy Commissioner",
		"place1":"Prefectural Administrative Office",
		"place2":"Xinjiang Uygur Autonomous Region",
		"place3":"Kashi Prefecture"
	},
	{
		"name":"Nuer Bekri",
		"year":"1994-1994",
		"title":"Vice-Mayor",
		"place1":"People's Government",
		"place2":"Shandong Province",
		"place3":"Feicheng City"
	},
	{
		"name":"Nuer Bekri",
		"year":"1993-1995",
		"title":"Assistant Commissioner",
		"place1":"Prefectural Administrative Office",
		"place2":"Xinjiang Uygur Autonomous Region",
		"place3":"Kashi Prefecture"
	},
	{
		"name":"Nuer Bekri",
		"year":"1992-1993",
		"title":"Director",
		"place1":"Xinjiang University",
		"place2":"CPC",
		"place3":"Party Committee",
		"place4":"Propaganda Department",
		"place5":"Xinjiang Uygur Autonomous Region",
		"place6":"Urumqi City"
	},
	{
		"name":"Nuer Bekri",
		"year":"1992-1993",
		"title":"Member",
		"place1":"Xinjiang University",
		"place2":"CPC",
		"place3":"Party Committee",
		"place4":"Standing Committee",
		"place5":"Xinjiang Uygur Autonomous Region",
		"place6":"Urumqi City"
	},
	{
		"name":"Nuer Bekri",
		"year":"1989-1992",
		"title":"Secretary",
		"place1":"Xinjiang University",
		"place2":"CYLC",
		"place3":"Institutional Level",
		"place4":"Xinjiang Uygur Autonomous Region",
		"place5":"Urumqi City"
	},
	{
		"name":"Nuer Bekri",
		"year":"1986-1989",
		"title":"Student",
		"place1":"CPC",
		"place2":"Central Committee",
		"place3":"Central Party School",
		"place4":"Political Theory Department"
	},
	{
		"name":"Nuer Bekri",
		"year":"1984-1989",
		"title":"Deputy Secretary",
		"place1":"Xinjiang University",
		"place2":"CYLC",
		"place3":"Institutional Level",
		"place4":"Xinjiang Uygur Autonomous Region",
		"place5":"Urumqi City"
	},
	{
		"name":"Nuer Bekri",
		"year":"1983-1984",
		"title":"Teacher",
		"place1":"Xinjiang University",
		"place2":"Political Science Department",
		"place3":"Xinjiang Uygur Autonomous Region",
		"place4":"Urumqi City"
	},
	{
		"name":"Nuerlan Abudumanjin",
		"year":"2008-",
		"title":"Member",
		"place1":"CPC",
		"place2":"Autonomous Regional Committee",
		"place3":"Xinjiang Uygur Autonomous Region"
	},
	{
		"name":"Nuerlan Abudumanjin",
		"year":"2003-2008",
		"title":"Vice-Chairman",
		"place1":"Autonomous Region People's Government",
		"place2":"Xinjiang Uygur Autonomous Region"
	},
	{
		"name":"Nuerlan Abudumanjin",
		"year":"2001-2003",
		"title":"Chief",
		"place1":"Xinjiang Uygur Autonomous Region",
		"place2":"Ili Prefecture"
	},
	{
		"name":"Nuerlan Abudumanjin",
		"year":"2001-2003",
		"title":"Secretary",
		"place1":"CPC",
		"place2":"Autonomous Prefectural Committee",
		"place3":"Xinjiang Uygur Autonomous Region",
		"place4":"Ili Prefecture"
	},
	{
		"name":"Nuerlan Abudumanjin",
		"year":"2001-2003",
		"title":"Deputy Secretary",
		"place1":"CPC",
		"place2":"Autonomous Prefectural Committee",
		"place3":"Xinjiang Uygur Autonomous Region",
		"place4":"Ili Prefecture"
	},
	{
		"name":"Nuerlan Abudumanjin",
		"year":"1992-2001",
		"title":"President",
		"place1":"Higher People's Court (at provincial level)",
		"place2":"Xinjiang Uygur Autonomous Region",
		"place3":"Ili Prefecture"
	},
	{
		"name":"Nuerlan Abudumanjin",
		"year":"1992-2001",
		"title":"Deputy Secretary",
		"place1":"Higher People's Court (at provincial level)",
		"place2":"CPC",
		"place3":"Party Committee",
		"place4":"Xinjiang Uygur Autonomous Region",
		"place5":"Ili Prefecture"
	},
	{
		"name":"Nuerlan Abudumanjin",
		"year":"1990-1991",
		"title":"Student",
		"place1":"CPC",
		"place2":"Central Committee",
		"place3":"Central Party School"
	},
	{
		"name":"Nuerlan Abudumanjin",
		"year":"1985-2001",
		"title":"Worker",
		"place1":"County (District) People's Court",
		"place2":"Xinjiang Uygur Autonomous Region",
		"place3":"Gongliu County"
	},
	{
		"name":"Nuerlan Abudumanjin",
		"year":"1985",
		"title":"Joined",
		"place1":"CPC"
	}
]