[
	{
		"name":"Ou Guangyuan",
		"year":"2008-",
		"title":"Chairman",
		"place1":"Provincial People's Congress",
		"place2":"Standing Committee",
		"place3":"Guangdong Province"
	},
	{
		"name":"Ou Guangyuan",
		"year":"2007-2008",
		"title":"Vice-Chairman",
		"place1":"Provincial People's Congress",
		"place2":"Standing Committee",
		"place3":"Guangdong Province"
	},
	{
		"name":"Ou Guangyuan",
		"year":"2002-2007",
		"title":"Alternate Member",
		"place1":"CPC",
		"place2":"Central Committee"
	},
	{
		"name":"Ou Guangyuan",
		"year":"2002-2008",
		"title":"Deputy Secretary-General",
		"place1":"CPC",
		"place2":"Provincial Committee",
		"place3":"Guangdong Province"
	},
	{
		"name":"Ou Guangyuan",
		"year":"1997-2002",
		"title":"Alternate Member",
		"place1":"CPC",
		"place2":"Central Committee"
	},
	{
		"name":"Ou Guangyuan",
		"year":"1993-2001",
		"title":"Vice-Governor",
		"place1":"People's Government",
		"place2":"Guangdong Province"
	},
	{
		"name":"Ou Guangyuan",
		"year":"1993-2001",
		"title":"Member",
		"place1":"CPC",
		"place2":"Provincial Committee",
		"place3":"Standing Committee",
		"place4":"Guangdong Province"
	},
	{
		"name":"Ou Guangyuan",
		"year":"1992-1993",
		"title":"Secretary-General",
		"place1":"CPC",
		"place2":"City Committee",
		"place3":"Guangdong Province",
		"place4":"Foshan City"
	},
	{
		"name":"Ou Guangyuan",
		"year":"1992-1997",
		"title":"Alternate Member",
		"place1":"CPC",
		"place2":"Central Committee"
	},
	{
		"name":"Ou Guangyuan",
		"year":"1989-1992",
		"title":"Deputy Secretary-General",
		"place1":"CPC",
		"place2":"City Committee",
		"place3":"Guangdong Province",
		"place4":"Foshan City"
	},
	{
		"name":"Ou Guangyuan",
		"year":"1989-1992",
		"title":"Secretary",
		"place1":"CPC",
		"place2":"City Committee",
		"place3":"Guangdong Province",
		"place4":"Foshan City"
	},
	{
		"name":"Ou Guangyuan",
		"year":"1989-1992",
		"title":"Member",
		"place1":"CPC",
		"place2":"City Committee",
		"place3":"Standing Committee",
		"place4":"Guangdong Province",
		"place5":"Foshan City"
	},
	{
		"name":"Ou Guangyuan",
		"year":"1974-1988",
		"title":"Chief Executive",
		"place1":"People's Government",
		"place2":"County Office",
		"place3":"Guangdong Province",
		"place4":"Shunde County"
	},
	{
		"name":"Ou Guangyuan",
		"year":"1974-1988",
		"title":"Member",
		"place1":"CPC",
		"place2":"County Committee",
		"place3":"Standing Committee",
		"place4":"Guangdong Province",
		"place5":"Shunde County"
	},
	{
		"name":"Ou Guangyuan",
		"year":"1974-1988",
		"title":"Secretary-General",
		"place1":"CPC",
		"place2":"County Committee",
		"place3":"Standing Committee",
		"place4":"Guangdong Province",
		"place5":"Shunde County"
	},
	{
		"name":"Ou Guangyuan",
		"year":"1969",
		"title":"Joined",
		"place1":"CPC"
	},
	{
		"name":"Ou Xinqian",
		"year":"2008-",
		"title":"Vice-Minister",
		"place1":"Ministry of Industry and Information Technology"
	},
	{
		"name":"Ou Xinqian",
		"year":"2003-2008",
		"title":"Member",
		"place1":"National Development and Reform Commission",
		"place2":"CPC",
		"place3":"Leading Party Group"
	},
	{
		"name":"Ou Xinqian",
		"year":"2003-2008",
		"title":"Vice-Minister",
		"place1":"National Development and Reform Commission"
	},
	{
		"name":"Ou Xinqian",
		"year":"2002-2003",
		"title":"Member",
		"place1":"State Economic and Trade Commission",
		"place2":"CPC",
		"place3":"Leading Party Group"
	},
	{
		"name":"Ou Xinqian",
		"year":"2002-2003",
		"title":"Deputy Director",
		"place1":"State Economic and Trade Commission"
	},
	{
		"name":"Ou Xinqian",
		"year":"2002-2007",
		"title":"Delegate",
		"place1":"CPC",
		"place2":"National Congress"
	},
	{
		"name":"Ou Xinqian",
		"year":"",
		"title":"Director",
		"place1":"State Economic and Trade Commission",
		"place2":"Industry Policy Department"
	},
	{
		"name":"Ou Xinqian",
		"year":"",
		"title":"Director",
		"place1":"State Economic and Trade Commission",
		"place2":"Economic Policy Coordination Department"
	},
	{
		"name":"Ou Xinqian",
		"year":"",
		"title":"Deputy Director",
		"place1":"State Economic and Trade Commission",
		"place2":"Economic Policy Coordination Department"
	},
	{
		"name":"Ou Xinqian",
		"year":"",
		"title":"Division Chief",
		"place1":"State Economic and Trade Office",
		"place2":"Control Bureau"
	},
	{
		"name":"Ou Xinqian",
		"year":"",
		"title":"Deputy Division Chief",
		"place1":"State Economic and Trade Office",
		"place2":"Control Bureau"
	},
	{
		"name":"Ou Xinqian",
		"year":"",
		"title":"Division Chief",
		"place1":"National Development and Reform Commission",
		"place2":"Economic Research Center",
		"place3":"State Planning Commission"
	},
	{
		"name":"Ou Xinqian",
		"year":"",
		"title":"Deputy Division Chief",
		"place1":"State Economic Commission",
		"place2":"Light Industry Bureau"
	},
	{
		"name":"Ou Xinqian",
		"year":"",
		"title":"Staff Member",
		"place1":"State Economic Commission",
		"place2":"Light Industry Bureau"
	},
	{
		"name":"Ou Xinqian",
		"year":"",
		"title":"Deputy Division Chief",
		"place1":"National Development and Reform Commission",
		"place2":"Economic Research Center",
		"place3":"State Planning Commission"
	},
	{
		"name":"Ou Xinqian",
		"year":"1978",
		"title":"Graduate",
		"place1":"Beijing University",
		"place2":"Chemistry Department",
		"place3":"Beijing Municipality"
	},
	{
		"name":"Ou Xinqian",
		"year":"",
		"title":"Worker",
		"place1":"National Development and Reform Commission",
		"place2":"Economic Research Center",
		"place3":"State Planning Commission"
	},
	{
		"name":"Ou Xinqian",
		"year":"",
		"title":"Joined",
		"place1":"CPC"
	},
	{
		"name":"Ou Zegao",
		"year":"2007-",
		"title":"Secretary",
		"place1":"CPC",
		"place2":"Provincial Committee",
		"place3":"Commission for Discipline Inspection",
		"place4":"Sichuan Province"
	},
	{
		"name":"Ou Zegao",
		"year":"2007-2012",
		"title":"Member",
		"place1":"CPC",
		"place2":"Central Committee",
		"place3":"Central Commission for Discipline Inspection"
	},
	{
		"name":"Ou Zegao",
		"year":"2002-2007",
		"title":"Secretary",
		"place1":"CPC",
		"place2":"Provincial Committee",
		"place3":"Political and Legislative Affairs Committee",
		"place4":"Sichuan Province"
	},
	{
		"name":"Ou Zegao",
		"year":"2002-",
		"title":"Deputy Secretary",
		"place1":"Ethnic Affairs Committee",
		"place2":"Sichuan Province"
	},
	{
		"name":"Ou Zegao",
		"year":"2002-2007",
		"title":"Alternate Member",
		"place1":"CPC",
		"place2":"Central Committee"
	},
	{
		"name":"Ou Zegao",
		"year":"2001-2002",
		"title":"Secretary",
		"place1":"Ethnic Affairs Committee",
		"place2":"Sichuan Province"
	},
	{
		"name":"Ou Zegao",
		"year":"2000-",
		"title":"Member",
		"place1":"CPC",
		"place2":"Provincial Committee",
		"place3":"Standing Committee",
		"place4":"Sichuan Province"
	},
	{
		"name":"Ou Zegao",
		"year":"1997-2002",
		"title":"Alternate Member",
		"place1":"CPC",
		"place2":"Central Committee"
	},
	{
		"name":"Ou Zegao",
		"year":"1993-2001",
		"title":"Deputy Secretary",
		"place1":"Ethnic Affairs Committee",
		"place2":"Sichuan Province"
	},
	{
		"name":"Ou Zegao",
		"year":"1993-2001",
		"title":"Vice-Governor",
		"place1":"People's Government",
		"place2":"Sichuan Province"
	},
	{
		"name":"Ou Zegao",
		"year":"1988-1993",
		"title":"Secretary",
		"place1":"CPC",
		"place2":"County Committee",
		"place3":"Sichuan Province",
		"place4":"Aba County"
	},
	{
		"name":"Ou Zegao",
		"year":"1988-1993",
		"title":"Deputy Secretary",
		"place1":"CPC",
		"place2":"County Committee",
		"place3":"Sichuan Province",
		"place4":"Aba County"
	},
	{
		"name":"Ou Zegao",
		"year":"1987-1988",
		"title":"Secretary",
		"place1":"CPC",
		"place2":"County Committee",
		"place3":"Sichuan Province",
		"place4":"Hongyuan County"
	},
	{
		"name":"Ou Zegao",
		"year":"1986-1987",
		"title":"County Magistrate Assistant",
		"place1":"County (District) People's Court",
		"place2":"Sichuan Province",
		"place3":"Nanchong County"
	},
	{
		"name":"Ou Zegao",
		"year":"1985-1986",
		"title":"Deputy Secretary",
		"place1":"CPC",
		"place2":"County Committee",
		"place3":"Sichuan Province",
		"place4":"Hongyuan County"
	},
	{
		"name":"Ou Zegao",
		"year":"1985-1986",
		"title":"County Magistrate",
		"place1":"County (District) People's Court",
		"place2":"Sichuan Province",
		"place3":"Hongyuan County"
	},
	{
		"name":"Ou Zegao",
		"year":"1983-1985",
		"title":"Deputy County Magistrate",
		"place1":"County (District) People's Court",
		"place2":"Sichuan Province",
		"place3":"Hongyuan County"
	},
	{
		"name":"Ou Zegao",
		"year":"1981",
		"title":"Joined",
		"place1":"CPC"
	},
	{
		"name":"Ou Zegao",
		"year":"1977",
		"title":"Graduate",
		"place1":"Sichuan Normal University",
		"place2":"Mathematics Department",
		"place3":"Sichuan Province"
	},
	{
		"name":"Ouyang Changlin",
		"year":"",
		"title":"President",
		"place1":"Hunan Television"
	},
	{
		"name":"Ouyang Changlin",
		"year":"",
		"title":"Graduate",
		"place1":"Wuhan University",
		"place2":"Hubei Province",
		"place3":"Wuhan City"
	},
	{
		"name":"Ouyang Jian",
		"year":"2012-2017",
		"title":"Alternate Member",
		"place1":"CPC",
		"place2":"Central Committee"
	},
	{
		"name":"Ouyang Jian",
		"year":"2011-2017",
		"title":"Member",
		"place1":"CPC",
		"place2":"Provincial Committee",
		"place3":"Standing Committee",
		"place4":"Gansu Province"
	},
	{
		"name":"Ouyang Jian",
		"year":"2011-2017",
		"title":"Deputy Secretary",
		"place1":"CPC",
		"place2":"Provincial Committee",
		"place3":"Gansu Province"
	},
	{
		"name":"Ouyang Jian",
		"year":"2008-2011",
		"title":"Vice-Minister",
		"place1":"Ministry of Culture"
	},
	{
		"name":"Ouyang Jian",
		"year":"2008-2011",
		"title":"Deputy Secretary",
		"place1":"Ministry of Culture",
		"place2":"CPC",
		"place3":"Leading Party Group"
	},
	{
		"name":"Ouyang Jian",
		"year":"2005-2008",
		"title":"Deputy Director",
		"place1":"CPC",
		"place2":"Central Committee",
		"place3":"Publicity Department"
	},
	{
		"name":"Ouyang Jian",
		"year":"2004-2005",
		"title":"Deputy Secretary-General",
		"place1":"CPC",
		"place2":"Central Committee",
		"place3":"Publicity Department"
	},
	{
		"name":"Ouyang Jian",
		"year":"2001-2004",
		"title":"Secretary",
		"place1":"CPC",
		"place2":"Prefectural Committee",
		"place3":"Yunnan Province",
		"place4":"Lijiang Prefecture"
	},
	{
		"name":"Ouyang Jian",
		"year":"1978-1982",
		"title":"Student",
		"place1":"Yunnan University",
		"place2":"Economics Department",
		"place3":"Yunnan Province",
		"place4":"Kunming City"
	},
	{
		"name":"Ouyang Jian",
		"year":"1974-1977",
		"title":"Cultural Revolution",
		"place1":"Cultural Revolution",
		"place2":"Rusticated Youth",
		"place3":"Yunnan Province"
	},
	{
		"name":"Ouyang Qin",
		"year":"1978-1978",
		"title":"Vice-Chairman",
		"place1":"CPPCC",
		"place2":"National Committee"
	},
	{
		"name":"Ouyang Qin",
		"year":"1956-1969",
		"title":"Member",
		"place1":"CPC",
		"place2":"Central Committee"
	},
	{
		"name":"Ouyang Qin",
		"year":"1945-1959",
		"title":"First-Secretary",
		"place1":"CPC",
		"place2":"Provincial Committee",
		"place3":"Heilongjiang Province"
	},
	{
		"name":"Ouyang Qin",
		"year":"1936-1939",
		"title":"Secretary-General",
		"place1":"CPC",
		"place2":"Provincial Committee",
		"place3":"Shanxi Province"
	},
	{
		"name":"Ouyang Qin",
		"year":"1924",
		"title":"Joined",
		"place1":"CPC"
	},
	{
		"name":"Ouyang Yin",
		"year":"1998-",
		"title":"Vice-President",
		"place1":"CPPCC",
		"place2":"Provincial Committee",
		"place3":"Heilongjiang Province"
	},
	{
		"name":"Ouyang Yin",
		"year":"1997-",
		"title":"President",
		"place1":"Association of Chinese Industry and Commerce",
		"place2":"Heilongjiang Province"
	},
	{
		"name":"Ouyang Yin",
		"year":"1997-2007",
		"title":"Member",
		"place1":"All-China Federation of Industry and Commerce",
		"place2":"Standing Committee"
	},
	{
		"name":"Ouyang Yin",
		"year":"1992-1997",
		"title":"Deputy Chief",
		"place1":"Petrochemical Industry Bureau",
		"place2":"Heilongjiang Province"
	},
	{
		"name":"Ouyang Yin",
		"year":"1992-1997",
		"title":"Deputy Chairman",
		"place1":"Association of Chinese Industry and Commerce",
		"place2":"Heilongjiang Province"
	},
	{
		"name":"Ouyang Yin",
		"year":"1989-1997",
		"title":"Deputy Chief Engineer",
		"place1":"Petrochemical Industry Bureau",
		"place2":"Heilongjiang Province"
	},
	{
		"name":"Ouyang Yin",
		"year":"1982-1987",
		"title":"Clerk",
		"place1":"Petrochemical Industry Bureau",
		"place2":"Heilongjiang Province"
	},
	{
		"name":"Ouyang Yin",
		"year":"1982-1987",
		"title":"Director",
		"place1":"Petrochemical Industry Bureau",
		"place2":"Heilongjiang Province"
	},
	{
		"name":"Ouyang Yin",
		"year":"1982-1987",
		"title":"Engineer",
		"place1":"Petrochemical Industry Bureau",
		"place2":"Heilongjiang Province"
	},
	{
		"name":"Ouyang Yin",
		"year":"1960-1965",
		"title":"Student",
		"place1":"Jiangxi Chemistry University",
		"place2":"Chemical Department",
		"place3":"Jiangxi Province"
	},
	{
		"name":"Ouyang Yingpeng",
		"year":"2003-",
		"title":"Vice-President",
		"place1":"Baosteel Group Corporation"
	},
	{
		"name":"Ouyang Yingpeng",
		"year":"2001-",
		"title":"Member",
		"place1":"Baosteel Group Corporation",
		"place2":"CPC",
		"place3":"Party Committee"
	},
	{
		"name":"Ouyang Yingpeng",
		"year":"2000-2006",
		"title":"Secretary-General",
		"place1":"Baosteel Group Corporation",
		"place2":"CPC",
		"place3":"Party Committee"
	},
	{
		"name":"Ouyang Yingpeng",
		"year":"1994-2002",
		"title":"Senior Management Employee",
		"place1":"Baosteel Group Corporation"
	},
	{
		"name":"Ouyang Yingpeng",
		"year":"1993-2002",
		"title":"Vice-President",
		"place1":"Baosteel Group Corporation",
		"place2":"General Affairs Department"
	},
	{
		"name":"Ouyang Yingpeng",
		"year":"1985",
		"title":"Graduate",
		"place1":"Shanghai Teachers' University",
		"place2":"Shanghai Municipality"
	},
	{
		"name":"Ouyang Yu",
		"year":"2000-",
		"title":"Deputy Director",
		"place1":"China National Nuclear Industry Corporation",
		"place2":"Science and Technology Committee"
	},
	{
		"name":"Ouyang Yu",
		"year":"2000-",
		"title":"Foreign Academician",
		"place1":"Russian Academy of Engineering",
		"place2":"Russia",
		"place3":"Moscow"
	},
	{
		"name":"Ouyang Yu",
		"year":"1991-",
		"title":"Academician",
		"place1":"Chinese Academy of Sciences"
	},
	{
		"name":"Ouyang Yu",
		"year":"1957",
		"title":"Graduate",
		"place1":"Moscow Dynamics Institute",
		"place2":"Russia",
		"place3":"Moscow"
	},
	{
		"name":"Ouyang Yu",
		"year":"1948",
		"title":"Graduate",
		"place1":"Wuhan University",
		"place2":"Electric Motor Department",
		"place3":"Hubei Province"
	},
	{
		"name":"Ouyang Zhongmou",
		"year":"2000-2004",
		"title":"President",
		"place1":"China Putian Corporation"
	},
	{
		"name":"Ouyang Zhongmou",
		"year":"1995-2000",
		"title":"Deputy Chairman",
		"place1":"China National Electronics Import and Export Corporation"
	},
	{
		"name":"Ouyang Zhongmou",
		"year":"1995-2000",
		"title":"Vice-President",
		"place1":"Chinese Association of Communications Enterprises"
	},
	{
		"name":"Ouyang Zhongmou",
		"year":"1995-2000",
		"title":"Executive Director",
		"place1":"China Institute of Electronics"
	},
	{
		"name":"Ouyang Zhongmou",
		"year":"1995-2000",
		"title":"President",
		"place1":"China Chamber of Commerce",
		"place2":"Division of Machinery and Electronic Products",
		"place3":"IT Products Branch"
	},
	{
		"name":"Ouyang Zhongmou",
		"year":"1995-2000",
		"title":"Vice-President",
		"place1":"China Mobile Communications Association"
	},
	{
		"name":"Ouyang Zhongmou",
		"year":"1995-2000",
		"title":"Deputy Director",
		"place1":"Electronic IT Soft Science and International Studies Society"
	},
	{
		"name":"Ouyang Zhongmou",
		"year":"1995-2000",
		"title":"Executive Director",
		"place1":"China Marketing Association"
	},
	{
		"name":"Ouyang Zhongmou",
		"year":"1995-2000",
		"title":"Executive Director",
		"place1":"China Policy Science Society"
	},
	{
		"name":"Ouyang Zhongmou",
		"year":"1995-2000",
		"title":"General Manager",
		"place1":"China National Electronics Import and Export Corporation"
	},
	{
		"name":"Ouyang Zhongmou",
		"year":"1987-????",
		"title":"Member",
		"place1":"District People's Congress",
		"place2":"Beijing",
		"place3":"Haidian District"
	},
	{
		"name":"Ouyang Zhongmou",
		"year":"",
		"title":"Member",
		"place1":"CPC",
		"place2":"Central Committee",
		"place3":"Central Agencies and State Organizations"
	},
	{
		"name":"Ouyang Zhongmou",
		"year":"",
		"title":"Joined",
		"place1":"CPC"
	},
	{
		"name":"Ouyang Zhongmou",
		"year":"1980-1987",
		"title":"Counterman",
		"place1":"China National Electronics Import and Export Corporation"
	},
	{
		"name":"Ouyang Zhongmou",
		"year":"1980-1987",
		"title":"Department Director",
		"place1":"China National Electronics Import and Export Corporation"
	},
	{
		"name":"Ouyang Zhongmou",
		"year":"1980-1987",
		"title":"Division Manager",
		"place1":"China National Electronics Import and Export Corporation"
	},
	{
		"name":"Ouyang Zhongmou",
		"year":"1978-1980",
		"title":"Worker",
		"place1":"Ministry of Electronics Industry",
		"place2":"Introduction Office"
	},
	{
		"name":"Ouyang Zhongmou",
		"year":"1974-1978",
		"title":"Worker",
		"place1":"Ministry of Electronics Industry",
		"place2":"No. 4433 Factory"
	},
	{
		"name":"Ouyang Zhongmou",
		"year":"1966",
		"title":"Graduate",
		"place1":"Tsinghua University",
		"place2":"Engineering Physics Department",
		"place3":"Beijing Municipality"
	},
	{
		"name":"Ouyang Ziyuan",
		"year":"1994-",
		"title":"Chairman",
		"place1":"Guizhou Provincial Science and Technology Association",
		"place2":"Guizhou Province"
	},
	{
		"name":"Ouyang Ziyuan",
		"year":"1993-2001",
		"title":"Vice-Chairman",
		"place1":"Provincial People's Congress",
		"place2":"Guizhou Province"
	},
	{
		"name":"Ouyang Ziyuan",
		"year":"1991-",
		"title":"Academician",
		"place1":"Chinese Academy of Sciences"
	},
	{
		"name":"Ouyang Ziyuan",
		"year":"",
		"title":"Researcher",
		"place1":"Chinese Academy of Sciences",
		"place2":"Geochemical Research Institute"
	},
	{
		"name":"Ouyang Ziyuan",
		"year":"1957-1961",
		"title":"Postgraduate Student",
		"place1":"Chinese Academy of Sciences",
		"place2":"Geological Research Institute"
	},
	{
		"name":"Ouyang Ziyuan",
		"year":"1956-1957",
		"title":"Postgraduate Student",
		"place1":"Peking College of Geoscience",
		"place2":"Beijing Municipality"
	},
	{
		"name":"Ouyang Ziyuan",
		"year":"1956",
		"title":"Joined",
		"place1":"CPC"
	}
]