[
	{
		"name":"Padma Choling",
		"year":"2012-2017",
		"title":"Member",
		"place1":"CPC",
		"place2":"Central Committee"
	},
	{
		"name":"Padma Choling",
		"year":"2010-",
		"title":"Deputy Secretary",
		"place1":"CPC",
		"place2":"Autonomous Regional Committee",
		"place3":"Tibet Autonomous Region"
	},
	{
		"name":"Padma Choling",
		"year":"2010-2013",
		"title":"Chairman",
		"place1":"Autonomous Region People's Government",
		"place2":"Tibet Autonomous Region"
	},
	{
		"name":"Padma Choling",
		"year":"2003-2005",
		"title":"Secretary-General",
		"place1":"Autonomous Region People's Government",
		"place2":"Tibet Autonomous Region"
	},
	{
		"name":"Padma Choling",
		"year":"2003-2010",
		"title":"Vice-Chairman",
		"place1":"Autonomous Region People's Government",
		"place2":"Tibet Autonomous Region"
	},
	{
		"name":"Padma Choling",
		"year":"2000-2003",
		"title":"Deputy Secretary",
		"place1":"CPC",
		"place2":"Autonomous Prefectural Committee",
		"place3":"Tibet Autonomous Region",
		"place4":"Lhokha Prefecture"
	},
	{
		"name":"Padma Choling",
		"year":"2000-2003",
		"title":"Administrative Commissioner",
		"place1":"Autonomous Region People's Government",
		"place2":"Tibet Autonomous Region",
		"place3":"Lhokha Prefecture"
	},
	{
		"name":"Padma Choling",
		"year":"1998-2000",
		"title":"Secretary-General",
		"place1":"CPPCC",
		"place2":"Autonomous Regional Committee",
		"place3":"Tibet Autonomous Region"
	},
	{
		"name":"Padma Choling",
		"year":"1993-1998",
		"title":"Deputy Secretary-General",
		"place1":"Autonomous Region People's Government",
		"place2":"Tibet Autonomous Region"
	},
	{
		"name":"Pagbalha Geleg Namgyai",
		"year":"2013-",
		"title":"Vice-Chairman",
		"place1":"CPPCC",
		"place2":"National Committee"
	},
	{
		"name":"Pagbalha Geleg Namgyai",
		"year":"2008-2013",
		"title":"Vice-Chairman",
		"place1":"CPPCC",
		"place2":"National Committee"
	},
	{
		"name":"Pagbalha Geleg Namgyai",
		"year":"2003-2008",
		"title":"Vice-Chairman",
		"place1":"CPPCC",
		"place2":"National Committee"
	},
	{
		"name":"Pagbalha Geleg Namgyai",
		"year":"2002-",
		"title":"Honorary President",
		"place1":"Buddhist Association of China"
	},
	{
		"name":"Pagbalha Geleg Namgyai",
		"year":"1998-2003",
		"title":"Deputy",
		"place1":"NPC"
	},
	{
		"name":"Pagbalha Geleg Namgyai",
		"year":"1998-2003",
		"title":"Vice-Chairman",
		"place1":"Standing Committee of the NPC"
	},
	{
		"name":"Pagbalha Geleg Namgyai",
		"year":"1993-1998",
		"title":"Deputy",
		"place1":"NPC"
	},
	{
		"name":"Pagbalha Geleg Namgyai",
		"year":"1993-1998",
		"title":"Vice-Chairman",
		"place1":"Standing Committee of the NPC"
	},
	{
		"name":"Pagbalha Geleg Namgyai",
		"year":"1993-",
		"title":"Chairman",
		"place1":"CPPCC",
		"place2":"Autonomous Regional Committee",
		"place3":"Tibet Autonomous Region"
	},
	{
		"name":"Pagbalha Geleg Namgyai",
		"year":"1993-2002",
		"title":"Vice-President",
		"place1":"Buddhist Association of China"
	},
	{
		"name":"Pagbalha Geleg Namgyai",
		"year":"",
		"title":"Vice-Chairman",
		"place1":"Autonomous Regional People's Congress",
		"place2":"Standing Committee",
		"place3":"Tibet Autonomous Region"
	},
	{
		"name":"Pagbalha Geleg Namgyai",
		"year":"",
		"title":"Vice-Chairman",
		"place1":"Autonomous Region People's Government",
		"place2":"Tibet Autonomous Region"
	},
	{
		"name":"Pagbalha Geleg Namgyai",
		"year":"",
		"title":"Vice-Chairman",
		"place1":"CPPCC",
		"place2":"Autonomous Regional Committee",
		"place3":"Tibet Autonomous Region"
	},
	{
		"name":"Pagbalha Geleg Namgyai",
		"year":"1988-1993",
		"title":"Vice-Chairman",
		"place1":"CPPCC",
		"place2":"National Committee"
	},
	{
		"name":"Pagbalha Geleg Namgyai",
		"year":"1983-1988",
		"title":"Vice-Chairman",
		"place1":"CPPCC",
		"place2":"National Committee"
	},
	{
		"name":"Pagbalha Geleg Namgyai",
		"year":"1978-1983",
		"title":"Deputy",
		"place1":"NPC"
	},
	{
		"name":"Pagbalha Geleg Namgyai",
		"year":"1978-1983",
		"title":"Vice-Chairman",
		"place1":"CPPCC",
		"place2":"National Committee"
	},
	{
		"name":"Pagbalha Geleg Namgyai",
		"year":"1975-1978",
		"title":"Deputy",
		"place1":"NPC"
	},
	{
		"name":"Pagbalha Geleg Namgyai",
		"year":"1966-1976",
		"title":"Cultural Revolution",
		"place1":"Cultural Revolution",
		"place2":"Sent to do manual labor"
	},
	{
		"name":"Pagbalha Geleg Namgyai",
		"year":"1964-1978",
		"title":"Vice-Chairman",
		"place1":"CPPCC",
		"place2":"National Committee"
	},
	{
		"name":"Pagbalha Geleg Namgyai",
		"year":"1964-1975",
		"title":"Deputy",
		"place1":"NPC"
	},
	{
		"name":"Pagbalha Geleg Namgyai",
		"year":"1959-1964",
		"title":"Vice-Chairman",
		"place1":"CPPCC",
		"place2":"National Committee"
	},
	{
		"name":"Pagbalha Geleg Namgyai",
		"year":"1959-1965",
		"title":"Deputy",
		"place1":"NPC"
	},
	{
		"name":"Pagbalha Geleg Namgyai",
		"year":"",
		"title":"Chairman",
		"place1":"Ethnic Affairs Committee",
		"place2":"Tibet Autonomous Region"
	},
	{
		"name":"Pagbalha Geleg Namgyai",
		"year":"",
		"title":"Vice-Chairman",
		"place1":"Tibet Autonomous Region Preparatory Committee",
		"place2":"Tibet Autonomous Region"
	},
	{
		"name":"Pagbalha Geleg Namgyai",
		"year":"1956-????",
		"title":"Vice-Chairman",
		"place1":"Religious Affairs Committee",
		"place2":"Tibet Autonomous Region"
	},
	{
		"name":"Pagbalha Geleg Namgyai",
		"year":"1956-????",
		"title":"Member",
		"place1":"Tibet Autonomous Region Preparatory Committee",
		"place2":"Standing Committee",
		"place3":"Tibet Autonomous Region"
	},
	{
		"name":"Pagbalha Geleg Namgyai",
		"year":"1950-????",
		"title":"Vice-Chairman",
		"place1":"Prefectural People's Liberation Committee",
		"place2":"Tibet Autonomous Region",
		"place3":"Qamdo Prefecture"
	},
	{
		"name":"Pan Beilei",
		"year":"1998-2003",
		"title":"Member",
		"place1":"CPPCC",
		"place2":"National Committee",
		"place3":"Subcommittee for Handling Proposals"
	},
	{
		"name":"Pan Beilei",
		"year":"1993-1998",
		"title":"Member",
		"place1":"CPPCC",
		"place2":"National Committee"
	},
	{
		"name":"Pan Beilei",
		"year":"",
		"title":"Vice-President",
		"place1":"All-China Federation of Handicraft Cooperatives"
	},
	{
		"name":"Pan Beilei",
		"year":"1990-1993",
		"title":"Vice-Minister",
		"place1":"Ministry of Light Industry"
	},
	{
		"name":"Pan Beilei",
		"year":"1989-1990",
		"title":"Vice-Governor",
		"place1":"People's Government",
		"place2":"Shaanxi Province"
	},
	{
		"name":"Pan Beilei",
		"year":"1983",
		"title":"Joined",
		"place1":"Jiusan Society"
	},
	{
		"name":"Pan Deyuan",
		"year":"2005-",
		"title":"Managing Director",
		"place1":"Sinotrans Limited"
	},
	{
		"name":"Pan Deyuan",
		"year":"2005-",
		"title":"Vice-President",
		"place1":"Sinotrans Limited"
	},
	{
		"name":"Pan Deyuan",
		"year":"1997-2005",
		"title":"Managing Director",
		"place1":"China Foreign Trade Transportation Corporation"
	},
	{
		"name":"Pan Deyuan",
		"year":"1997-2005",
		"title":"Vice-President",
		"place1":"China Foreign Trade Transportation Corporation"
	},
	{
		"name":"Pan Deyuan",
		"year":"1991-1997",
		"title":"Deputy Director",
		"place1":"Ministry of Foreign Trade and Economic Cooperation",
		"place2":"Finance Department"
	},
	{
		"name":"Pan Deyuan",
		"year":"1991-1997",
		"title":"Deputy General Manager",
		"place1":"China National Machinery and Equipment Import and Export Corp."
	},
	{
		"name":"Pan Deyuan",
		"year":"1991-1997",
		"title":"Deputy Director General",
		"place1":"Ministry of Foreign Trade and Economic Cooperation",
		"place2":"Audit Bureau for Auditing Administration"
	},
	{
		"name":"Pan Fusheng",
		"year":"1969-1973",
		"title":"Member",
		"place1":"CPC",
		"place2":"Central Committee"
	},
	{
		"name":"Pan Fusheng",
		"year":"1956-1969",
		"title":"Alternate Member",
		"place1":"CPC",
		"place2":"Central Committee"
	},
	{
		"name":"Pan Gongsheng",
		"year":"2016-",
		"title":"Director",
		"place1":"State Administration of Foreign Exchange"
	},
	{
		"name":"Pan Gongsheng",
		"year":"2012-",
		"title":"Vice-President",
		"place1":"People's Bank of China"
	},
	{
		"name":"Pan Gongsheng",
		"year":"2012-",
		"title":"Member",
		"place1":"People's Bank of China",
		"place2":"CPC",
		"place3":"Party Committee"
	},
	{
		"name":"Pan Gongsheng",
		"year":"2010-2012",
		"title":"Executive Member",
		"place1":"Agricultural Bank of China",
		"place2":"Board of the Directors"
	},
	{
		"name":"Pan Gongsheng",
		"year":"2008-2012",
		"title":"Vice-President",
		"place1":"Agricultural Bank of China"
	},
	{
		"name":"Pan Gongsheng",
		"year":"2008-2012",
		"title":"Member",
		"place1":"Agricultural Bank of China",
		"place2":"CPC",
		"place3":"Party Committee"
	},
	{
		"name":"Pan Gongsheng",
		"year":"2005-2008",
		"title":"Secretary",
		"place1":"Industrial and Commercial Bank of China",
		"place2":"Office of the Board of the Directors"
	},
	{
		"name":"Pan Gongsheng",
		"year":"2004-2007",
		"title":"Director",
		"place1":"Industrial and Commercial Bank of China",
		"place2":"Share System Reform Office"
	},
	{
		"name":"Pan Gongsheng",
		"year":"2004-2005",
		"title":"General Manager",
		"place1":"Industrial and Commercial Bank of China",
		"place2":"Planning and Finance Department"
	},
	{
		"name":"Pan Gongsheng",
		"year":"2003-2004",
		"title":"Vice-President",
		"place1":"Industrial and Commercial Bank of China",
		"place2":"City Branch",
		"place3":"Guangdong Province",
		"place4":"Shenzhen City"
	},
	{
		"name":"Pan Gongsheng",
		"year":"2000-2003",
		"title":"Deputy General Manager",
		"place1":"Industrial and Commercial Bank of China",
		"place2":"Human Resources Department"
	},
	{
		"name":"Pan Gongsheng",
		"year":"1999-2000",
		"title":"Director",
		"place1":"Industrial and Commercial Bank of China",
		"place2":"Planning and Finance Department"
	},
	{
		"name":"Pan Gongsheng",
		"year":"1997-1998",
		"title":"Student",
		"place1":"University of Cambridge",
		"place2":"United Kingdom",
		"place3":"Cambridge"
	},
	{
		"name":"Pan Gongsheng",
		"year":"1993-1999",
		"title":"Deputy Director",
		"place1":"Industrial and Commercial Bank of China",
		"place2":"House Credit Division"
	},
	{
		"name":"Pan Gongsheng",
		"year":"1990-1993",
		"title":"Student",
		"place1":"People's University of China",
		"place2":"Beijing Municipality"
	},
	{
		"name":"Pan Gongsheng",
		"year":"1987-1990",
		"title":"Student",
		"place1":"People's University of China",
		"place2":"Beijing Municipality"
	},
	{
		"name":"Pan Guiyu",
		"year":"1998-",
		"title":"Vice-Governor",
		"place1":"People's Government",
		"place2":"Hunan Province"
	},
	{
		"name":"Pan Guiyu",
		"year":"1997-2002",
		"title":"Vice-Chairman",
		"place1":"China Association for Promoting Democracy",
		"place2":"Central Committee"
	},
	{
		"name":"Pan Guiyu",
		"year":"1984",
		"title":"Joined",
		"place1":"China Association for Promoting Democracy (CAPD)"
	},
	{
		"name":"Pan Guiyu",
		"year":"1970",
		"title":"Graduate",
		"place1":"Beijing Normal University",
		"place2":"Biology Department",
		"place3":"Beijing Municipality"
	},
	{
		"name":"Pan Jiansheng",
		"year":"2001-",
		"title":"Academician",
		"place1":"Chinese Academy of Engineering"
	},
	{
		"name":"Pan Jiansheng",
		"year":"",
		"title":"Professor",
		"place1":"Jiaotong University",
		"place2":"Shanghai Municipality"
	},
	{
		"name":"Pan Jiansheng",
		"year":"1959",
		"title":"Graduate",
		"place1":"Jiaotong University",
		"place2":"Shanghai Municipality"
	},
	{
		"name":"Pan Jiazheng",
		"year":"1994-",
		"title":"Academician",
		"place1":"Chinese Academy of Engineering"
	},
	{
		"name":"Pan Jiazheng",
		"year":"",
		"title":"Vice-President",
		"place1":"Chinese Academy of Engineering"
	},
	{
		"name":"Pan Jiazheng",
		"year":"1980-",
		"title":"Academician",
		"place1":"Chinese Academy of Sciences"
	},
	{
		"name":"Pan Jiazheng",
		"year":"",
		"title":"Senior Engineer",
		"place1":"State Grid Corporation of China"
	},
	{
		"name":"Pan Jiazheng",
		"year":"",
		"title":"Professor",
		"place1":"State Grid Corporation of China"
	},
	{
		"name":"Pan Jiazheng",
		"year":"",
		"title":"Advisor",
		"place1":"State Grid Corporation of China"
	},
	{
		"name":"Pan Jiazheng",
		"year":"1950",
		"title":"Graduate",
		"place1":"Zhejiang University",
		"place2":"Zhejiang Province"
	},
	{
		"name":"Pan Jiluan",
		"year":"1980-",
		"title":"Academician",
		"place1":"Chinese Academy of Sciences"
	},
	{
		"name":"Pan Jiluan",
		"year":"",
		"title":"President",
		"place1":"Nanchang University",
		"place2":"Jiangxi Province",
		"place3":"Nanchang City"
	},
	{
		"name":"Pan Jiluan",
		"year":"",
		"title":"Professor",
		"place1":"Tsinghua University",
		"place2":"Beijing Municipality"
	},
	{
		"name":"Pan Jiluan",
		"year":"1948",
		"title":"Graduate",
		"place1":"Tsinghua University",
		"place2":"Beijing Municipality"
	},
	{
		"name":"Pan Jinpei",
		"year":"1997-",
		"title":"Chairman",
		"place1":"China Democratic National Construction Association",
		"place2":"Provincial Committee",
		"place3":"Guangdong Province"
	},
	{
		"name":"Pan Jinpei",
		"year":"1996-1997",
		"title":"Vice-Chairman",
		"place1":"China Democratic National Construction Association",
		"place2":"Provincial Committee",
		"place3":"Guangdong Province"
	},
	{
		"name":"Pan Jinpei",
		"year":"1984-1991",
		"title":"Director",
		"place1":"Chinese Academy of Sciences",
		"place2":"Institute of Hydrobiology"
	},
	{
		"name":"Pan Jinpei",
		"year":"1966-1984",
		"title":"Deputy Director",
		"place1":"Chinese Academy of Sciences",
		"place2":"Institute of Hydrobiology"
	},
	{
		"name":"Pan Jinpei",
		"year":"1956",
		"title":"Graduate",
		"place1":"Wuhan University",
		"place2":"Biology Department",
		"place3":"Hubei Province",
		"place4":"Wuhan City"
	},
	{
		"name":"Pan Liangshi",
		"year":"2014-",
		"title":"Commander",
		"place1":"PLA",
		"place2":"Regions",
		"place3":"Beijing Military Region",
		"place4":"Beijing Garrison"
	},
	{
		"name":"Pan Liangshi",
		"year":"2012-2017",
		"title":"Alternate Member",
		"place1":"CPC",
		"place2":"Central Committee"
	},
	{
		"name":"Pan Ligang",
		"year":"2013-",
		"title":"Vice-Minister",
		"place1":"Ministry of Human Resources and Social Security"
	},
	{
		"name":"Pan Ligang",
		"year":"2013-",
		"title":"Deputy Director",
		"place1":"CPC",
		"place2":"Central Committee",
		"place3":"Organization Department"
	},
	{
		"name":"Pan Ligang",
		"year":"2010-2013",
		"title":"Director",
		"place1":"CPC",
		"place2":"Central Committee",
		"place3":"Organization Department",
		"place4":"2nd Cadre Bureau"
	},
	{
		"name":"Pan Ligang",
		"year":"2008-2010",
		"title":"President",
		"place1":"CPC",
		"place2":"Provincial Committee",
		"place3":"Party School",
		"place4":"Hubei Province"
	},
	{
		"name":"Pan Ligang",
		"year":"2006-2010",
		"title":"Director",
		"place1":"CPC",
		"place2":"Provincial Committee",
		"place3":"Organization Department",
		"place4":"Hubei Province"
	},
	{
		"name":"Pan Ligang",
		"year":"2004-2006",
		"title":"Director",
		"place1":"CPC",
		"place2":"Central Committee",
		"place3":"Organization Department",
		"place4":"Talented Person Working Bureau"
	},
	{
		"name":"Pan Ligang",
		"year":"1984-2003",
		"title":"Cadre",
		"place1":"CPC",
		"place2":"Central Committee",
		"place3":"Organization Department"
	},
	{
		"name":"Pan Ligang",
		"year":"1981-1984",
		"title":"Cadre",
		"place1":"Ministry of Transport",
		"place2":"Ocean Transportation Advanced Court Preparation Team"
	},
	{
		"name":"Pan Ligang",
		"year":"1978-1981",
		"title":"Student",
		"place1":"Dalian Maritime University",
		"place2":"Liaoning Province",
		"place3":"Dalian City"
	},
	{
		"name":"Pan Ligang",
		"year":"1975-1978",
		"title":"Cultural Revolution",
		"place1":"Cultural Revolution",
		"place2":"Rusticated Youth",
		"place3":"Beijing Municipality"
	},
	{
		"name":"Pan Meiying",
		"year":"1977-1982",
		"title":"Alternate Member",
		"place1":"CPC",
		"place2":"Central Committee"
	},
	{
		"name":"Pan Meiying",
		"year":"1973-1977",
		"title":"Alternate Member",
		"place1":"CPC",
		"place2":"Central Committee"
	},
	{
		"name":"Pan Meiying",
		"year":"1969-1973",
		"title":"Alternate Member",
		"place1":"CPC",
		"place2":"Central Committee"
	},
	{
		"name":"Pan Qi",
		"year":"2007-",
		"title":"Chairman",
		"place1":"Guangxi Zhuang Autonomous Regional Federation of Literature and Art"
	},
	{
		"name":"Pan Qi",
		"year":"2005-2007",
		"title":"Vice-Chairman",
		"place1":"Autonomous Regional People's Congress",
		"place2":"Guangxi Zhuang Autonomous Region"
	},
	{
		"name":"Pan Qi",
		"year":"1995-2005",
		"title":"Member",
		"place1":"CPC",
		"place2":"Autonomous Regional Committee",
		"place3":"Standing Committee",
		"place4":"Guangxi Zhuang Autonomous Region"
	},
	{
		"name":"Pan Qi",
		"year":"1995-2005",
		"title":"Director",
		"place1":"CPC",
		"place2":"Autonomous Regional Committee",
		"place3":"Propaganda Department",
		"place4":"Guangxi Zhuang Autonomous Region"
	},
	{
		"name":"Pan Qi",
		"year":"1992-1995",
		"title":"Secretary",
		"place1":"CPC",
		"place2":"Autonomous Prefectural Committee",
		"place3":"Guangxi Zhuang Autonomous Region",
		"place4":"Nanning Prefecture"
	},
	{
		"name":"Pan Qi",
		"year":"1990-1992",
		"title":"Deputy Director",
		"place1":"CPC",
		"place2":"Autonomous Regional Committee",
		"place3":"Propaganda Department",
		"place4":"Guangxi Zhuang Autonomous Region"
	},
	{
		"name":"Pan Qi",
		"year":"1988-1990",
		"title":"Deputy Secretary",
		"place1":"CPC",
		"place2":"Autonomous Prefectural Committee",
		"place3":"Guangxi Zhuang Autonomous Region",
		"place4":"Nanning Prefecture"
	},
	{
		"name":"Pan Qi",
		"year":"1987-1988",
		"title":"Student",
		"place1":"CPC",
		"place2":"Central Committee",
		"place3":"Central Party School"
	},
	{
		"name":"Pan Qi",
		"year":"1985-1988",
		"title":"Deputy Director",
		"place1":"Autonomous Region People's Government",
		"place2":"General Office",
		"place3":"Guangxi Zhuang Autonomous Region"
	},
	{
		"name":"Pan Qi",
		"year":"1984-1985",
		"title":"Division Chief",
		"place1":"CPC",
		"place2":"Autonomous Regional Committee",
		"place3":"United Front Work Department",
		"place4":"Guangxi Zhuang Autonomous Region"
	},
	{
		"name":"Pan Qi",
		"year":"1981-1984",
		"title":"Secretary",
		"place1":"Autonomous Region People's Government",
		"place2":"General Office",
		"place3":"Guangxi Zhuang Autonomous Region"
	},
	{
		"name":"Pan Qi",
		"year":"1976-1981",
		"title":"Deputy Section Chief",
		"place1":"CPC",
		"place2":"Autonomous Prefectural Committee",
		"place3":"Guangxi Zhuang Autonomous Region",
		"place4":"Hechi Prefecture"
	},
	{
		"name":"Pan Qi",
		"year":"1973",
		"title":"Joined",
		"place1":"CPC"
	},
	{
		"name":"Pan Qi",
		"year":"1970-1976",
		"title":"Member",
		"place1":"CPC",
		"place2":"Autonomous County Committee",
		"place3":"Standing Committee",
		"place4":"Guangxi Zhuang Autonomous Region",
		"place5":"Luocheng County"
	},
	{
		"name":"Pan Qi",
		"year":"1968-1970",
		"title":"Staff Member",
		"place1":"PLA",
		"place2":"Services and Arms",
		"place3":"Army (or Ground Force)",
		"place4":"Hunan Province",
		"place5":"Yuanjiang"
	},
	{
		"name":"Pan Qi",
		"year":"1963-1967",
		"title":"Student",
		"place1":"Central University for Nationalities",
		"place2":"Political Science Department",
		"place3":"Beijing Municipality"
	},
	{
		"name":"Pan Rongwen",
		"year":"1982-1987",
		"title":"Alternate Member",
		"place1":"CPC",
		"place2":"Central Committee"
	},
	{
		"name":"Pan Shigao",
		"year":"1973-1977",
		"title":"Member",
		"place1":"CPC",
		"place2":"Central Committee"
	},
	{
		"name":"Pan Shigao",
		"year":"1969-1973",
		"title":"Member",
		"place1":"CPC",
		"place2":"Central Committee"
	},
	{
		"name":"Pan Shixing",
		"year":"1977-1982",
		"title":"Alternate Member",
		"place1":"CPC",
		"place2":"Central Committee"
	},
	{
		"name":"Pan Xia",
		"year":"1998-2003",
		"title":"Member",
		"place1":"CPPCC",
		"place2":"National Committee",
		"place3":"Standing Committee"
	},
	{
		"name":"Pan Xia",
		"year":"1993-1998",
		"title":"Member",
		"place1":"CPPCC",
		"place2":"National Committee",
		"place3":"Standing Committee"
	},
	{
		"name":"Pan Xia",
		"year":"1984-2004",
		"title":"Director",
		"place1":"China Television",
		"place2":"Play Production Center"
	},
	{
		"name":"Pan Yiyang",
		"year":"2012-2017",
		"title":"Alternate Member",
		"place1":"CPC",
		"place2":"Central Committee"
	},
	{
		"name":"Pan Yiyang",
		"year":"2010-",
		"title":"Vice-Chairman",
		"place1":"Autonomous Region People's Government",
		"place2":"Inner Mongolia Autonomous Region"
	},
	{
		"name":"Pan Yiyang",
		"year":"2010-",
		"title":"Deputy Secretary",
		"place1":"Autonomous Region People's Government",
		"place2":"CPC",
		"place3":"Leading Party Group",
		"place4":"Inner Mongolia Autonomous Region"
	},
	{
		"name":"Pan Yiyang",
		"year":"2001-2009",
		"title":"Member",
		"place1":"CPC",
		"place2":"Provincial Committee",
		"place3":"Standing Committee",
		"place4":"Jiangxi Province"
	},
	{
		"name":"Pan Yiyang",
		"year":"2001-2009",
		"title":"Director",
		"place1":"CPC",
		"place2":"Provincial Committee",
		"place3":"Peasants and Farmers Department",
		"place4":"Jiangxi Province"
	},
	{
		"name":"Pan Yiyang",
		"year":"1998-2001",
		"title":"Secretary",
		"place1":"CPC",
		"place2":"City Committee",
		"place3":"Jiangxi Province",
		"place4":"Xinyu City"
	},
	{
		"name":"Pan Yiyang",
		"year":"1998-1998",
		"title":"Secretary",
		"place1":"CPC",
		"place2":"City Committee",
		"place3":"Guangdong Province",
		"place4":"Conghua City"
	},
	{
		"name":"Pan Yiyang",
		"year":"1998-1998",
		"title":"Secretary",
		"place1":"Chinese People's Armed Police Force",
		"place2":"City Department",
		"place3":"CPC",
		"place4":"Party Committee",
		"place5":"Guangdong Province",
		"place6":"Conghua City"
	},
	{
		"name":"Pan Yiyang",
		"year":"1995-1998",
		"title":"Member",
		"place1":"CYLC",
		"place2":"Central Committee",
		"place3":"Standing Committee"
	},
	{
		"name":"Pan Yiyang",
		"year":"1995-1998",
		"title":"Secretary",
		"place1":"CYLC",
		"place2":"Provincial-Level",
		"place3":"Guangdong Province"
	},
	{
		"name":"Pan Yiyang",
		"year":"1992-1995",
		"title":"Deputy Secretary",
		"place1":"CYLC",
		"place2":"Provincial-Level",
		"place3":"Guangdong Province"
	},
	{
		"name":"Pan Yiyang",
		"year":"1991-1992",
		"title":"Secretary",
		"place1":"CYLC",
		"place2":"City-Level",
		"place3":"Guangdong Province",
		"place4":"Foshan City"
	},
	{
		"name":"Pan Yiyang",
		"year":"1989-1991",
		"title":"Deputy Secretary",
		"place1":"CYLC",
		"place2":"City-Level",
		"place3":"Guangdong Province",
		"place4":"Foshan City"
	},
	{
		"name":"Pan Yiyang",
		"year":"1984",
		"title":"Joined",
		"place1":"CPC"
	},
	{
		"name":"Pan Yiyang",
		"year":"1983-1987",
		"title":"Staff Member",
		"place1":"Policy Research Office",
		"place2":"Guangdong Province",
		"place3":"Foshan City"
	},
	{
		"name":"Pan Yiyang",
		"year":"1982-1983",
		"title":"Staff Member",
		"place1":"Public Security Department",
		"place2":"Guangdong Province",
		"place3":"Guangzhou City"
	},
	{
		"name":"Pan Yiyang",
		"year":"1978-1982",
		"title":"Student",
		"place1":"Sun Yat-Sen University",
		"place2":"Math Department",
		"place3":"Guangdong Province",
		"place4":"Guangzhou City"
	},
	{
		"name":"Pan Yue",
		"year":"2008-",
		"title":"Vice-Minister",
		"place1":"Ministry of Environmental Protection"
	},
	{
		"name":"Pan Yue",
		"year":"2003-",
		"title":"Member",
		"place1":"Ministry of Environmental Protection",
		"place2":"CPC",
		"place3":"Leading Party Group"
	},
	{
		"name":"Pan Yue",
		"year":"2003-2008",
		"title":"Deputy Director",
		"place1":"Ministry of Environmental Protection"
	},
	{
		"name":"Pan Yue",
		"year":"2000-2003",
		"title":"Member",
		"place1":"Economic Restructuring Office of the State Council",
		"place2":"CPC",
		"place3":"Leading Party Group"
	},
	{
		"name":"Pan Yue",
		"year":"2000-2003",
		"title":"Deputy Director",
		"place1":"Economic Restructuring Office of the State Council"
	},
	{
		"name":"Pan Yue",
		"year":"1998-2000",
		"title":"Member",
		"place1":"State Bureau of Quality and Technical Supervision",
		"place2":"CPC",
		"place3":"Leading Party Group"
	},
	{
		"name":"Pan Yue",
		"year":"1998-2000",
		"title":"Deputy Director",
		"place1":"State Bureau of Quality and Technical Supervision"
	},
	{
		"name":"Pan Yue",
		"year":"1994-1998",
		"title":"Deputy Director",
		"place1":"State-Owned Assets Supervision and Administration Commission"
	},
	{
		"name":"Pan Yue",
		"year":"1993-1994",
		"title":"Director",
		"place1":"CYLC",
		"place2":"Central Committee",
		"place3":"China Youth Research Center"
	},
	{
		"name":"Pan Yue",
		"year":"1989-1993",
		"title":"Deputy Chief Editor",
		"place1":"China Youth Daily"
	},
	{
		"name":"Pan Yue",
		"year":"1988-1989",
		"title":"Deputy Chief Editor",
		"place1":"China Technology Supervision Journal"
	},
	{
		"name":"Pan Yue",
		"year":"1988-1988",
		"title":"Deputy Director",
		"place1":"Foreign Trade and Economic Cooperation Committee",
		"place2":"Beijing",
		"place3":"Fangshan District"
	},
	{
		"name":"Pan Yue",
		"year":"1988-1988",
		"title":"Chief",
		"place1":"International Department",
		"place2":"Beijing",
		"place3":"Fangshan District"
	},
	{
		"name":"Pan Yue",
		"year":"1986-1988",
		"title":"Secretary",
		"place1":"CYLC",
		"place2":"Municipal-Level",
		"place3":"Beijing Municipality"
	},
	{
		"name":"Pan Yue",
		"year":"1986-1988",
		"title":"Deputy Director",
		"place1":"State Air Traffic Control Bureau",
		"place2":"Research Office"
	},
	{
		"name":"Pan Yue",
		"year":"1982-1986",
		"title":"Chief",
		"place1":"China Environment Journal"
	},
	{
		"name":"Pan Yue",
		"year":"1982-1986",
		"title":"Information Worker",
		"place1":"Economic Daily"
	},
	{
		"name":"Pan Yue",
		"year":"1976-1982",
		"title":"Worker",
		"place1":"PLA",
		"place2":"Services and Arms",
		"place3":"38th Group Army"
	},
	{
		"name":"Pan Yunhe",
		"year":"2007-2012",
		"title":"Alternate Member",
		"place1":"CPC",
		"place2":"Central Committee"
	},
	{
		"name":"Pan Yunhe",
		"year":"2006-",
		"title":"Deputy Secretary",
		"place1":"Chinese Academy of Engineering",
		"place2":"CPC",
		"place3":"Leading Party Group"
	},
	{
		"name":"Pan Yunhe",
		"year":"2006-",
		"title":"Vice-President",
		"place1":"Chinese Academy of Engineering"
	},
	{
		"name":"Pan Yunhe",
		"year":"",
		"title":"Member",
		"place1":"State Academic Degrees Committee"
	},
	{
		"name":"Pan Yunhe",
		"year":"1995-2006",
		"title":"President",
		"place1":"Zhejiang University",
		"place2":"Zhejiang Province",
		"place3":"Hangzhou City"
	},
	{
		"name":"Pan Yunhe",
		"year":"1994-1995",
		"title":"Vice-President",
		"place1":"Zhejiang University",
		"place2":"Zhejiang Province",
		"place3":"Hangzhou City"
	},
	{
		"name":"Pan Yunhe",
		"year":"1991-1994",
		"title":"Chairman",
		"place1":"Zhejiang University",
		"place2":"Computer Science Department",
		"place3":"Zhejiang Province",
		"place4":"Hangzhou City"
	},
	{
		"name":"Pan Yunhe",
		"year":"1981-1991",
		"title":"Professor",
		"place1":"Zhejiang University",
		"place2":"Computer Science Department",
		"place3":"Zhejiang Province",
		"place4":"Hangzhou City"
	},
	{
		"name":"Pan Yunhe",
		"year":"1981",
		"title":"Graduate",
		"place1":"Zhejiang University",
		"place2":"Zhejiang Province",
		"place3":"Hangzhou City"
	},
	{
		"name":"Pan Yunhe",
		"year":"1970",
		"title":"Graduate",
		"place1":"Tongji University",
		"place2":"Shanghai Municipality"
	},
	{
		"name":"Pan Zili",
		"year":"1956-1969",
		"title":"Alternate Member",
		"place1":"CPC",
		"place2":"Central Committee"
	},
	{
		"name":"Pang Daomu",
		"year":"2008-",
		"title":"Chairman",
		"place1":"Hunan Promotion Foundation for New Socialist Countryside Construction"
	},
	{
		"name":"Pang Daomu",
		"year":"2003-2008",
		"title":"Vice-Chairman",
		"place1":"Provincial People's Congress",
		"place2":"Standing Committee",
		"place3":"Hunan Province"
	},
	{
		"name":"Pang Daomu",
		"year":"1990-1994",
		"title":"Secretary",
		"place1":"CPC",
		"place2":"City Committee",
		"place3":"Hunan Province",
		"place4":"Changde City"
	},
	{
		"name":"Pang Daomu",
		"year":"1985-1990",
		"title":"Deputy Secretary",
		"place1":"CPC",
		"place2":"City Committee",
		"place3":"Hunan Province",
		"place4":"Changde City"
	},
	{
		"name":"Pang Daomu",
		"year":"1985-1990",
		"title":"Member",
		"place1":"CPC",
		"place2":"City Committee",
		"place3":"Standing Committee",
		"place4":"Hunan Province",
		"place5":"Changde City"
	},
	{
		"name":"Pang Daomu",
		"year":"1983-1985",
		"title":"Head",
		"place1":"CPC",
		"place2":"City Committee",
		"place3":"Publicity Department",
		"place4":"Hunan Province",
		"place5":"Changde City"
	},
	{
		"name":"Pang Daomu",
		"year":"1973-1983",
		"title":"Secretary",
		"place1":"CYLC",
		"place2":"City-Level",
		"place3":"Hunan Province",
		"place4":"Changde City"
	},
	{
		"name":"Pang Daomu",
		"year":"1973-1983",
		"title":"Deputy Secretary",
		"place1":"CYLC",
		"place2":"City-Level",
		"place3":"Hunan Province",
		"place4":"Changde City"
	},
	{
		"name":"Pang Daomu",
		"year":"1973-1983",
		"title":"Member",
		"place1":"CYLC",
		"place2":"City-Level",
		"place3":"Hunan Province",
		"place4":"Changde City"
	},
	{
		"name":"Pang Daomu",
		"year":"1970-1973",
		"title":"Worker",
		"place1":"Cultural Revolution",
		"place2":"Revolutionary Committee",
		"place3":"Organization Department",
		"place4":"Hunan Province",
		"place5":"Changde City"
	},
	{
		"name":"Pang Daomu",
		"year":"1968-1970",
		"title":"Cultural Revolution",
		"place1":"Cultural Revolution",
		"place2":"Sent to do manual labor",
		"place3":"Hunan Province"
	},
	{
		"name":"Pang Jiayu",
		"year":"2003-2007",
		"title":"Vice-Chairman",
		"place1":"CPPCC",
		"place2":"Provincial Committee",
		"place3":"Shaanxi Province"
	},
	{
		"name":"Pang Jiayu",
		"year":"2002-2007",
		"title":"Delegate",
		"place1":"CPC",
		"place2":"National Congress"
	},
	{
		"name":"Pang Jiayu",
		"year":"1998-2003",
		"title":"Delegate",
		"place1":"NPC"
	},
	{
		"name":"Pang Jiayu",
		"year":"1993-1998",
		"title":"Delegate",
		"place1":"NPC"
	},
	{
		"name":"Pang Jiayu",
		"year":"",
		"title":"Director",
		"place1":"City People's Congress",
		"place2":"Standing Committee",
		"place3":"Shaanxi Province",
		"place4":"Baoji"
	},
	{
		"name":"Pang Jiayu",
		"year":"",
		"title":"Secretary",
		"place1":"CPC",
		"place2":"Municipal Committee",
		"place3":"Shaanxi Province",
		"place4":"Baoji"
	},
	{
		"name":"Pang Jiayu",
		"year":"",
		"title":"Mayor",
		"place1":"People's Government",
		"place2":"Shaanxi Province",
		"place3":"Baoji"
	},
	{
		"name":"Pang Jiayu",
		"year":"",
		"title":"Deputy Secretary",
		"place1":"CPC",
		"place2":"Municipal Committee",
		"place3":"Shaanxi Province",
		"place4":"Baoji"
	},
	{
		"name":"Pang Jiayu",
		"year":"",
		"title":"Vice-Mayor",
		"place1":"Shaanxi Province",
		"place2":"Baoji"
	},
	{
		"name":"Pang Jiayu",
		"year":"",
		"title":"Secretary-General",
		"place1":"People's Government",
		"place2":"Shaanxi Province",
		"place3":"Baoji"
	},
	{
		"name":"Pang Jiayu",
		"year":"",
		"title":"Director",
		"place1":"Heavy Industry Bureau",
		"place2":"Shaanxi Province",
		"place3":"Baoji"
	},
	{
		"name":"Pang Jiayu",
		"year":"",
		"title":"Deputy Director",
		"place1":"Economic Committee",
		"place2":"Shaanxi Province",
		"place3":"Baoji"
	},
	{
		"name":"Pang Jiayu",
		"year":"",
		"title":"Manager",
		"place1":"Baoji Electric Instruments Industry Company",
		"place2":"Shaanxi Province",
		"place3":"Baoji"
	},
	{
		"name":"Pang Jiayu",
		"year":"",
		"title":"Deputy Director",
		"place1":"Shaanxi Baoji Transistor Factory",
		"place2":"Shaanxi Province",
		"place3":"Baoji"
	},
	{
		"name":"Pang Jinju",
		"year":"2002-",
		"title":"Dean",
		"place1":"Nankai University",
		"place2":"Shenzhen Financial Engineering School",
		"place3":"Guangdong Province",
		"place4":"Shenzhen City"
	},
	{
		"name":"Pang Jinju",
		"year":"1999-",
		"title":"Dean",
		"place1":"Nankai University",
		"place2":"Center for Studies of Political Economy",
		"place3":"Tianjin Municipality"
	},
	{
		"name":"Pang Jinju",
		"year":"1995-2006",
		"title":"Vice-President",
		"place1":"Nankai University",
		"place2":"Tianjin Municipality"
	},
	{
		"name":"Pang Jinju",
		"year":"1984",
		"title":"Graduate",
		"place1":"Nankai University",
		"place2":"Institute of Economics",
		"place3":"Tianjin Municipality"
	},
	{
		"name":"Pang Jinju",
		"year":"",
		"title":"Joined",
		"place1":"CPC"
	},
	{
		"name":"Pang Lijuan",
		"year":"2008-2013",
		"title":"Member",
		"place1":"Standing Committee of the NPC"
	},
	{
		"name":"Pang Lijuan",
		"year":"2008-2013",
		"title":"Member",
		"place1":"Education",
		"place2":" Science",
		"place3":" Culture and Health Committee of the NPC"
	},
	{
		"name":"Pang Lijuan",
		"year":"2003-2008",
		"title":"Member",
		"place1":"Education",
		"place2":" Science",
		"place3":" Culture and Health Committee of the NPC"
	},
	{
		"name":"Pang Lijuan",
		"year":"2003-2008",
		"title":"Member",
		"place1":"Standing Committee of the NPC"
	},
	{
		"name":"Pang Lijuan",
		"year":"2000-",
		"title":"Vice-Chairman",
		"place1":"China Early Childhood Education Society"
	},
	{
		"name":"Pang Lijuan",
		"year":"2000-",
		"title":"Chairman",
		"place1":"World Organization for Early Childhood Education",
		"place2":"China National Committee"
	},
	{
		"name":"Pang Lijuan",
		"year":"",
		"title":"Deputy Director",
		"place1":"Beijing Normal University",
		"place2":"School Affairs Committee",
		"place3":"Beijing Municipality"
	},
	{
		"name":"Pang Lijuan",
		"year":"",
		"title":"Professor",
		"place1":"Beijing Normal University",
		"place2":"Education College",
		"place3":"Beijing Municipality"
	},
	{
		"name":"Pang Lijuan",
		"year":"1998-2003",
		"title":"Member",
		"place1":"CPPCC",
		"place2":"National Committee"
	},
	{
		"name":"Pang Lijuan",
		"year":"1994-1994",
		"title":"Researcher",
		"place1":"Stanford University",
		"place2":"USA",
		"place3":"California",
		"place4":"Stanford"
	},
	{
		"name":"Pang Lijuan",
		"year":"1986",
		"title":"Graduate",
		"place1":"University of Illinois",
		"place2":"USA",
		"place3":"Illinois",
		"place4":"Urbana-Champaign"
	},
	{
		"name":"Pang Lijuan",
		"year":"1982-1986",
		"title":"Teacher",
		"place1":"Beijing Normal University",
		"place2":"Affiliated Experimental Kindergarten",
		"place3":"Beijing Municipality"
	},
	{
		"name":"Pang Lijuan",
		"year":"1978-1982",
		"title":"Student",
		"place1":"Beijing Normal University",
		"place2":"Beijing Municipality"
	},
	{
		"name":"Pang Weizhong",
		"year":"1987-1992",
		"title":"Member",
		"place1":"CPC",
		"place2":"Central Committee"
	},
	{
		"name":"Pang Weizhong",
		"year":"1982-1987",
		"title":"Alternate Member",
		"place1":"CPC",
		"place2":"Central Committee"
	},
	{
		"name":"Pang Xianzhi",
		"year":"1998-2003",
		"title":"Member",
		"place1":"Standing Committee of the NPC"
	},
	{
		"name":"Pang Xianzhi",
		"year":"1997-2002",
		"title":"Delegate",
		"place1":"CPC",
		"place2":"National Congress"
	},
	{
		"name":"Pang Xianzhi",
		"year":"1993-1998",
		"title":"Member",
		"place1":"Standing Committee of the NPC"
	},
	{
		"name":"Pang Xianzhi",
		"year":"1992-1997",
		"title":"Delegate",
		"place1":"CPC",
		"place2":"National Congress"
	},
	{
		"name":"Pang Xianzhi",
		"year":"1991-2007",
		"title":"Director",
		"place1":"CPC",
		"place2":"Central Committee",
		"place3":"Party Literature Research Center"
	},
	{
		"name":"Pang Xianzhi",
		"year":"1987-1992",
		"title":"Delegate",
		"place1":"CPC",
		"place2":"National Congress"
	},
	{
		"name":"Pang Xianzhi",
		"year":"1982-1991",
		"title":"Deputy Director",
		"place1":"CPC",
		"place2":"Central Committee",
		"place3":"Party Literature Research Center"
	},
	{
		"name":"Pang Xianzhi",
		"year":"1955-1958",
		"title":"Researcher",
		"place1":"CPC",
		"place2":"Central Committee",
		"place3":"Policy Research Office"
	},
	{
		"name":"Pang Xianzhi",
		"year":"1950-1955",
		"title":"Secretary",
		"place1":"CPC",
		"place2":"Central Committee",
		"place3":"General Office"
	},
	{
		"name":"Pang Xianzhi",
		"year":"1950",
		"title":"Joined",
		"place1":"CPC"
	},
	{
		"name":"Pei Gang",
		"year":"2007-",
		"title":"President",
		"place1":"Tongji University",
		"place2":"Shanghai Municipality"
	},
	{
		"name":"Pei Gang",
		"year":"2006-",
		"title":"Honorary Professor",
		"place1":"Tongji University",
		"place2":"Shanghai Municipality"
	},
	{
		"name":"Pei Gang",
		"year":"2000-2007",
		"title":"Researcher",
		"place1":"Shanghai Cytobiological Research Institute",
		"place2":"Shanghai Municipality"
	},
	{
		"name":"Pei Gang",
		"year":"1999-",
		"title":"Academician",
		"place1":"Chinese Academy of Sciences"
	},
	{
		"name":"Pei Gang",
		"year":"1992-1995",
		"title":"Postdoctorate Student",
		"place1":"Duke University",
		"place2":"USA",
		"place3":"North Carolina",
		"place4":"Durham"
	},
	{
		"name":"Pei Gang",
		"year":"1991",
		"title":"Graduate",
		"place1":"University of North Carolina",
		"place2":"USA",
		"place3":"North Carolina",
		"place4":"Chapel Hill"
	},
	{
		"name":"Pei Gang",
		"year":"1984",
		"title":"Graduate",
		"place1":"Shenyang University",
		"place2":"Liaoning Province",
		"place3":"Shenyang City"
	},
	{
		"name":"Pei Gang",
		"year":"1982",
		"title":"Graduate",
		"place1":"Shenyang Pharmaceutical University",
		"place2":"Liaoning Province",
		"place3":"Shenyang City"
	},
	{
		"name":"Pei Huailiang",
		"year":"2008-",
		"title":"Member",
		"place1":"Foreign Affairs Committee of the NPC"
	},
	{
		"name":"Pei Huailiang",
		"year":"2008-2013",
		"title":"Member",
		"place1":"Standing Committee of the NPC"
	},
	{
		"name":"Pei Huailiang",
		"year":"2006-",
		"title":"General",
		"place1":"PLA"
	},
	{
		"name":"Pei Huailiang",
		"year":"2003-2007",
		"title":"President",
		"place1":"University of National Defense"
	},
	{
		"name":"Pei Huailiang",
		"year":"2002-2007",
		"title":"Alternate Member",
		"place1":"CPC",
		"place2":"Central Committee"
	},
	{
		"name":"Pei Huailiang",
		"year":"1997-2002",
		"title":"Alternate Member",
		"place1":"CPC",
		"place2":"Central Committee"
	},
	{
		"name":"Pei Huailiang",
		"year":"1995-2006",
		"title":"Lieutenant General",
		"place1":"PLA"
	},
	{
		"name":"Pei Huailiang",
		"year":"1993-2003",
		"title":"Deputy Commander",
		"place1":"PLA",
		"place2":"Regions",
		"place3":"Jinan Military Region",
		"place4":"Shandong Province",
		"place5":"Jinan City"
	},
	{
		"name":"Pei Huailiang",
		"year":"1992-1997",
		"title":"Alternate Member",
		"place1":"CPC",
		"place2":"Central Committee"
	},
	{
		"name":"Pei Huailiang",
		"year":"1990-1993",
		"title":"Deputy Chief of Staff",
		"place1":"PLA",
		"place2":"Regions",
		"place3":"Nanjing Military Region",
		"place4":"Jiangsu Province",
		"place5":"Nanjing City"
	},
	{
		"name":"Pei Huailiang",
		"year":"1988-1995",
		"title":"Major General",
		"place1":"PLA"
	},
	{
		"name":"Pei Huailiang",
		"year":"1986-1990",
		"title":"Army Commander",
		"place1":"PLA",
		"place2":"Services and Arms",
		"place3":"Army (or Ground Force)",
		"place4":"21st Army"
	},
	{
		"name":"Pei Huailiang",
		"year":"1985-1986",
		"title":"Deputy Army Commander",
		"place1":"PLA",
		"place2":"Services and Arms",
		"place3":"Army (or Ground Force)",
		"place4":"21st Army"
	},
	{
		"name":"Pei Huailiang",
		"year":"1983-1985",
		"title":"Chief of Staff",
		"place1":"PLA",
		"place2":"Services and Arms",
		"place3":"Army (or Ground Force)",
		"place4":"21st Army"
	},
	{
		"name":"Pei Huailiang",
		"year":"1980-1982",
		"title":"Chief of Staff",
		"place1":"PLA",
		"place2":"Services and Arms",
		"place3":"Army (or Ground Force)",
		"place4":"Division Command"
	},
	{
		"name":"Pei Huailiang",
		"year":"1978-1980",
		"title":"Section Chief",
		"place1":"PLA",
		"place2":"Services and Arms",
		"place3":"Army (or Ground Force)",
		"place4":"Headquarters"
	},
	{
		"name":"Pei Huailiang",
		"year":"1976-1978",
		"title":"Colonel",
		"place1":"PLA",
		"place2":"Services and Arms",
		"place3":"Army (or Ground Force)"
	},
	{
		"name":"Pei Huailiang",
		"year":"1973-1976",
		"title":"Chief of Staff",
		"place1":"PLA",
		"place2":"Services and Arms",
		"place3":"Army (or Ground Force)",
		"place4":"Regiment Command"
	},
	{
		"name":"Pei Huailiang",
		"year":"1971-1973",
		"title":"Battalion Commander",
		"place1":"PLA",
		"place2":"Services and Arms",
		"place3":"Army (or Ground Force)"
	},
	{
		"name":"Pei Huailiang",
		"year":"1970-1971",
		"title":"Deputy Battalion Commander",
		"place1":"PLA",
		"place2":"Services and Arms",
		"place3":"Army (or Ground Force)",
		"place4":"Battalion Command"
	},
	{
		"name":"Pei Huailiang",
		"year":"1961",
		"title":"Joined",
		"place1":"CPC"
	},
	{
		"name":"Pei Huailiang",
		"year":"1961",
		"title":"Joined",
		"place1":"PLA"
	},
	{
		"name":"Pei Zhouyu",
		"year":"1973-1977",
		"title":"Alternate Member",
		"place1":"CPC",
		"place2":"Central Committee"
	},
	{
		"name":"Pei Zhouyu",
		"year":"1969-1973",
		"title":"Alternate Member",
		"place1":"CPC",
		"place2":"Central Committee"
	},
	{
		"name":"Peng Bo",
		"year":"2012-2015",
		"title":"Deputy Director",
		"place1":"Cyberspace Administration of China"
	},
	{
		"name":"Peng Chong",
		"year":"1988-1993",
		"title":"Vice-Chairman",
		"place1":"Standing Committee of the NPC"
	},
	{
		"name":"Peng Chong",
		"year":"1988-1993",
		"title":"Secretary-General",
		"place1":"Standing Committee of the NPC"
	},
	{
		"name":"Peng Chong",
		"year":"1987-1992",
		"title":"Member",
		"place1":"CPC",
		"place2":"Central Committee"
	},
	{
		"name":"Peng Chong",
		"year":"1983-1988",
		"title":"Vice-Chairman",
		"place1":"Standing Committee of the NPC"
	},
	{
		"name":"Peng Chong",
		"year":"1982-1987",
		"title":"Member",
		"place1":"CPC",
		"place2":"Central Committee"
	},
	{
		"name":"Peng Chong",
		"year":"1978-1983",
		"title":"Vice-Chairman",
		"place1":"CPPCC",
		"place2":"National Committee"
	},
	{
		"name":"Peng Chong",
		"year":"1978-1983",
		"title":"Vice-Chairman",
		"place1":"Standing Committee of the NPC"
	},
	{
		"name":"Peng Chong",
		"year":"1977-1982",
		"title":"Member",
		"place1":"CPC",
		"place2":"Central Committee"
	},
	{
		"name":"Peng Chong",
		"year":"1973-1977",
		"title":"Alternate Member",
		"place1":"CPC",
		"place2":"Central Committee"
	},
	{
		"name":"Peng Chong",
		"year":"1969-1973",
		"title":"Alternate Member",
		"place1":"CPC",
		"place2":"Central Committee"
	},
	{
		"name":"Peng Gongge",
		"year":"1987-1992",
		"title":"Alternate Member",
		"place1":"CPC",
		"place2":"Central Committee"
	},
	{
		"name":"Peng Guihe",
		"year":"1973-1977",
		"title":"Alternate Member",
		"place1":"CPC",
		"place2":"Central Committee"
	},
	{
		"name":"Peng Guihe",
		"year":"1969-1973",
		"title":"Alternate Member",
		"place1":"CPC",
		"place2":"Central Committee"
	},
	{
		"name":"Peng Hengwu",
		"year":"",
		"title":"Honorary Head",
		"place1":"Chinese Academy of Sciences",
		"place2":"Theoretical Physics Institute"
	},
	{
		"name":"Peng Hengwu",
		"year":"1955-",
		"title":"Academician",
		"place1":"Chinese Academy of Sciences"
	},
	{
		"name":"Peng Hengwu",
		"year":"",
		"title":"Research Fellow",
		"place1":"Chinese Academy of Sciences",
		"place2":"Theoretical Physics Institute"
	},
	{
		"name":"Peng Hengwu",
		"year":"1948-",
		"title":"Academician",
		"place1":"Irish Royal Academy of Sciences"
	},
	{
		"name":"Peng Hengwu",
		"year":"1940",
		"title":"Graduate",
		"place1":"University of Edinburgh",
		"place2":"Scotland",
		"place3":"Edinburgh"
	},
	{
		"name":"Peng Hengwu",
		"year":"1935",
		"title":"Graduate",
		"place1":"Tsinghua University",
		"place2":"Physics Department",
		"place3":"Beijing Municipality"
	},
	{
		"name":"Peng Peiyun",
		"year":"2008-",
		"title":"Honorary President",
		"place1":"All-China Women's Federation"
	},
	{
		"name":"Peng Peiyun",
		"year":"1999-2009",
		"title":"President",
		"place1":"Red Cross Society of China"
	},
	{
		"name":"Peng Peiyun",
		"year":"1998-2003",
		"title":"President",
		"place1":"All-China Women's Federation",
		"place2":"Executive Committee"
	},
	{
		"name":"Peng Peiyun",
		"year":"1998-2003",
		"title":"Vice-Chairman",
		"place1":"Standing Committee of the NPC"
	},
	{
		"name":"Peng Peiyun",
		"year":"1997-2002",
		"title":"Member",
		"place1":"CPC",
		"place2":"Central Committee"
	},
	{
		"name":"Peng Peiyun",
		"year":"",
		"title":"Director",
		"place1":"Women's and Children's Work Committee of the State Council"
	},
	{
		"name":"Peng Peiyun",
		"year":"",
		"title":"Director",
		"place1":"State Council Coordination Committee for the Work of Disabled Persons"
	},
	{
		"name":"Peng Peiyun",
		"year":"",
		"title":"Honorary Vice-President",
		"place1":"China Association for the Handicapped"
	},
	{
		"name":"Peng Peiyun",
		"year":"1994-1998",
		"title":"Director",
		"place1":"National Committee for the Patriotic Public Health Campaign"
	},
	{
		"name":"Peng Peiyun",
		"year":"1994-2008",
		"title":"President",
		"place1":"Demographic Society of China"
	},
	{
		"name":"Peng Peiyun",
		"year":"1993-",
		"title":"President",
		"place1":"China Association for the Promotion of the Popular Culture"
	},
	{
		"name":"Peng Peiyun",
		"year":"1992-1997",
		"title":"Member",
		"place1":"CPC",
		"place2":"Central Committee"
	},
	{
		"name":"Peng Peiyun",
		"year":"1988-1998",
		"title":"Minister",
		"place1":"National Population and Family Planning Commission"
	},
	{
		"name":"Peng Peiyun",
		"year":"1988-1998",
		"title":"Member",
		"place1":"State Council"
	},
	{
		"name":"Peng Peiyun",
		"year":"1987-1992",
		"title":"Delegate",
		"place1":"CPC",
		"place2":"National Congress"
	},
	{
		"name":"Peng Peiyun",
		"year":"1982-1987",
		"title":"Delegate",
		"place1":"CPC",
		"place2":"National Congress"
	},
	{
		"name":"Peng Peiyun",
		"year":"1982-1992",
		"title":"Member",
		"place1":"CPC",
		"place2":"Central Committee",
		"place3":"Central Commission for Discipline Inspection"
	},
	{
		"name":"Peng Peiyun",
		"year":"1982-1988",
		"title":"Secretary",
		"place1":"University of Science and Technology of China",
		"place2":"CPC",
		"place3":"Party Committee",
		"place4":"Anhui Province"
	},
	{
		"name":"Peng Peiyun",
		"year":"1982-1988",
		"title":"Vice-Minister",
		"place1":"State Education Commission"
	},
	{
		"name":"Peng Peiyun",
		"year":"1982-1988",
		"title":"Vice-Minister",
		"place1":"Ministry of Education"
	},
	{
		"name":"Peng Peiyun",
		"year":"1978-1979",
		"title":"Head",
		"place1":"State Science and Technology Commission",
		"place2":"1st Bureau"
	},
	{
		"name":"Peng Peiyun",
		"year":"1977-1978",
		"title":"Deputy Director",
		"place1":"Beijing Chemical Engineering Institute",
		"place2":"Cultural Revolution",
		"place3":"Revolutionary Committee",
		"place4":"Beijing Municipality"
	},
	{
		"name":"Peng Peiyun",
		"year":"1964-1966",
		"title":"Deputy Secretary",
		"place1":"Beijing University",
		"place2":"CPC",
		"place3":"Party Branch",
		"place4":"Beijing Municipality"
	},
	{
		"name":"Peng Peiyun",
		"year":"1950-1953",
		"title":"Staff Member",
		"place1":"CPC",
		"place2":"Municipal Committee",
		"place3":"Organization Department",
		"place4":"School Branch",
		"place5":"Beijing Municipality"
	},
	{
		"name":"Peng Peiyun",
		"year":"1949-1950",
		"title":"Secretary",
		"place1":"Tsinghua University",
		"place2":"CPC",
		"place3":"Party Branch",
		"place4":"Beijing Municipality"
	},
	{
		"name":"Peng Peiyun",
		"year":"1947-1949",
		"title":"Student",
		"place1":"Tsinghua University",
		"place2":"Sociology Department",
		"place3":"Beijing Municipality"
	},
	{
		"name":"Peng Peiyun",
		"year":"1946",
		"title":"Joined",
		"place1":"CPC"
	},
	{
		"name":"Peng Peiyun",
		"year":"1945",
		"title":"Joined",
		"place1":"CYLC",
		"place2":"Central Committee"
	},
	{
		"name":"Peng Qinghua",
		"year":"2012-",
		"title":"Secretary",
		"place1":"CPC",
		"place2":"Autonomous Regional Committee",
		"place3":"Guangxi Zhuang Autonomous Region"
	},
	{
		"name":"Peng Qinghua",
		"year":"2012-2017",
		"title":"Member",
		"place1":"CPC",
		"place2":"Central Committee"
	},
	{
		"name":"Peng Qinghua",
		"year":"2009-",
		"title":"Secretary",
		"place1":"Central People's Government",
		"place2":"Liaison Office",
		"place3":"CPC",
		"place4":"Leading Party Group",
		"place5":"Hong Kong SAR"
	},
	{
		"name":"Peng Qinghua",
		"year":"2009-2012",
		"title":"Director",
		"place1":"Central People's Government",
		"place2":"Liaison Office",
		"place3":"Hong Kong SAR"
	},
	{
		"name":"Peng Qinghua",
		"year":"2008-2013",
		"title":"Deputy",
		"place1":"NPC"
	},
	{
		"name":"Peng Qinghua",
		"year":"2007-2012",
		"title":"Member",
		"place1":"CPC",
		"place2":"Central Committee"
	},
	{
		"name":"Peng Qinghua",
		"year":"2003-2009",
		"title":"Deputy Director",
		"place1":"Central People's Government",
		"place2":"Liaison Office",
		"place3":"Hong Kong SAR"
	},
	{
		"name":"Peng Qinghua",
		"year":"2001-2003",
		"title":"Director",
		"place1":"CPC",
		"place2":"Central Committee",
		"place3":"Organization Department",
		"place4":"Cadre Bureau"
	},
	{
		"name":"Peng Qinghua",
		"year":"2001-2003",
		"title":"Member",
		"place1":"CPC",
		"place2":"Central Committee",
		"place3":"Organization Department",
		"place4":"Departmental Affairs Committee"
	},
	{
		"name":"Peng Qinghua",
		"year":"1996-2001",
		"title":"Postgraduate",
		"place1":"Zhongshan University",
		"place2":"Administration Management College",
		"place3":"Guangdong Province",
		"place4":"Guangzhou City"
	},
	{
		"name":"Peng Qinghua",
		"year":"1993-1996",
		"title":"Student",
		"place1":"Hunan University",
		"place2":"International Business School",
		"place3":"Hunan Province",
		"place4":"Changsha City"
	},
	{
		"name":"Peng Qinghua",
		"year":"1988-2003",
		"title":"Director",
		"place1":"CPC",
		"place2":"Central Committee",
		"place3":"Organization Department",
		"place4":"Research Office"
	},
	{
		"name":"Peng Qinghua",
		"year":"1988-2001",
		"title":"Secretary",
		"place1":"CPC",
		"place2":"Central Committee",
		"place3":"Organization Department",
		"place4":"Research Office"
	},
	{
		"name":"Peng Qinghua",
		"year":"1983-1988",
		"title":"Deputy Chief",
		"place1":"CPC",
		"place2":"Central Committee",
		"place3":"Organization Department",
		"place4":"Local Cadres Department"
	},
	{
		"name":"Peng Qinghua",
		"year":"1979-1983",
		"title":"Student",
		"place1":"Beijing University",
		"place2":"Philosophy Department",
		"place3":"Beijing Municipality"
	},
	{
		"name":"Peng Qinghua",
		"year":"1975-1979",
		"title":"Secretary",
		"place1":"CPC",
		"place2":"City Committee",
		"place3":"General Office",
		"place4":"Hubei Province",
		"place5":"Daye City"
	},
	{
		"name":"Peng Qingyuan",
		"year":"2002-2003",
		"title":"Honorary Vice-Chairman",
		"place1":"Revolutionary Committee of Chinese Kuomintang (RCCK)",
		"place2":"Central Committee"
	},
	{
		"name":"Peng Qingyuan",
		"year":"1998-2003",
		"title":"Deputy Secretary-General",
		"place1":"NPC"
	},
	{
		"name":"Peng Qingyuan",
		"year":"1998-2003",
		"title":"Member",
		"place1":"CPPCC",
		"place2":"National Committee",
		"place3":"Standing Committee"
	},
	{
		"name":"Peng Qingyuan",
		"year":"1993-1998",
		"title":"Member",
		"place1":"NPC"
	},
	{
		"name":"Peng Qingyuan",
		"year":"1992-1997",
		"title":"Vice-Chairman",
		"place1":"Revolutionary Committee of Chinese Kuomintang (RCCK)",
		"place2":"Central Committee"
	},
	{
		"name":"Peng Qingyuan",
		"year":"1988-1992",
		"title":"Vice-Chairman",
		"place1":"Revolutionary Committee of Chinese Kuomintang (RCCK)",
		"place2":"Central Committee"
	},
	{
		"name":"Peng Qingyuan",
		"year":"1983-1988",
		"title":"Vice-Chairman",
		"place1":"Revolutionary Committee of Chinese Kuomintang (RCCK)",
		"place2":"Central Committee"
	},
	{
		"name":"Peng Qingyuan",
		"year":"1980-1980",
		"title":"Vice-Chairman",
		"place1":"CPPCC",
		"place2":"City Committee",
		"place3":"Liaoning Province",
		"place4":"Shenyang City"
	},
	{
		"name":"Peng Qingyuan",
		"year":"1980-1984",
		"title":"Vice-Mayor",
		"place1":"People's Government",
		"place2":"Liaoning Province",
		"place3":"Shenyang City"
	},
	{
		"name":"Peng Qingyuan",
		"year":"1944",
		"title":"Graduate",
		"place1":"Wuhan University",
		"place2":"Economics Department",
		"place3":"Hubei Province",
		"place4":"Wuhan City"
	},
	{
		"name":"Peng Sen",
		"year":"2008-",
		"title":"Vice-Minister",
		"place1":"National Development and Reform Commission"
	},
	{
		"name":"Peng Sen",
		"year":"2003-",
		"title":"Member",
		"place1":"National Development and Reform Commission",
		"place2":"CPC",
		"place3":"Leading Party Group"
	},
	{
		"name":"Peng Sen",
		"year":"2001-2003",
		"title":"Deputy Director-General",
		"place1":"State Commission for Restructuring the Economy"
	},
	{
		"name":"Peng Sen",
		"year":"1998-2001",
		"title":"Secretary-General",
		"place1":"State Commission for Restructuring the Economy"
	},
	{
		"name":"Peng Sen",
		"year":"1998-2003",
		"title":"Member",
		"place1":"State Commission for Restructuring the Economy",
		"place2":"CPC",
		"place3":"Leading Party Group"
	},
	{
		"name":"Peng Sen",
		"year":"1991-1998",
		"title":"Deputy Secretary-General",
		"place1":"State Commission for Restructuring the Economy"
	},
	{
		"name":"Peng Sen",
		"year":"1989-1990",
		"title":"Student",
		"place1":"Oxford University",
		"place2":"United Kingdom",
		"place3":"Oxford"
	},
	{
		"name":"Peng Sen",
		"year":"1985-1991",
		"title":"Deputy Director",
		"place1":"State Commission for Restructuring the Economy"
	},
	{
		"name":"Peng Sen",
		"year":"1985-1991",
		"title":"Director",
		"place1":"State Commission for Restructuring the Economy"
	},
	{
		"name":"Peng Sen",
		"year":"1982-1985",
		"title":"Deputy Director",
		"place1":"Policy Research Office",
		"place2":"Liaoning Province"
	},
	{
		"name":"Peng Sen",
		"year":"1982",
		"title":"Graduate",
		"place1":"Beijing University",
		"place2":"Beijing Municipality"
	},
	{
		"name":"Peng Shaohui",
		"year":"1977-1978",
		"title":"Member",
		"place1":"CPC",
		"place2":"Central Committee"
	},
	{
		"name":"Peng Shaohui",
		"year":"1975-1978",
		"title":"Member",
		"place1":"Standing Committee of the NPC"
	},
	{
		"name":"Peng Shaohui",
		"year":"1973-1977",
		"title":"Member",
		"place1":"CPC",
		"place2":"Central Committee"
	},
	{
		"name":"Peng Shaohui",
		"year":"1969-1973",
		"title":"Member",
		"place1":"CPC",
		"place2":"Central Committee"
	},
	{
		"name":"Peng Shaohui",
		"year":"1965-1975",
		"title":"Member",
		"place1":"Standing Committee of the NPC"
	},
	{
		"name":"Peng Shaohui",
		"year":"1959-1962",
		"title":"Member",
		"place1":"Standing Committee of the NPC"
	},
	{
		"name":"Peng Shaohui",
		"year":"1928",
		"title":"Joined",
		"place1":"CPC"
	},
	{
		"name":"Peng Shaoyi",
		"year":"1995-",
		"title":"Professor",
		"place1":"Tsinghua University",
		"place2":"Beijing Municipality"
	},
	{
		"name":"Peng Shaoyi",
		"year":"1993-1998",
		"title":"Member",
		"place1":"CPPCC",
		"place2":"National Committee",
		"place3":"Standing Committee"
	},
	{
		"name":"Peng Shaoyi",
		"year":"1988-1993",
		"title":"Member",
		"place1":"CPPCC",
		"place2":"National Committee"
	},
	{
		"name":"Peng Shaoyi",
		"year":"1983-1988",
		"title":"Member",
		"place1":"CPPCC",
		"place2":"National Committee"
	},
	{
		"name":"Peng Shaoyi",
		"year":"1980-",
		"title":"Academician",
		"place1":"Chinese Academy of Sciences"
	},
	{
		"name":"Peng Shaoyi",
		"year":"1961-",
		"title":"Research Fellow",
		"place1":"Chinese Academy of Sciences",
		"place2":"Shanxi Institute of Coal Chemistry"
	},
	{
		"name":"Peng Shaoyi",
		"year":"",
		"title":"Honorary Head",
		"place1":"Chinese Academy of Sciences",
		"place2":"Shanxi Institute of Coal Chemistry"
	},
	{
		"name":"Peng Shaoyi",
		"year":"1939",
		"title":"Graduate",
		"place1":"Wuhan University",
		"place2":"Chemistry Department",
		"place3":"Hubei Province",
		"place4":"Wuhan City"
	},
	{
		"name":"Peng Shilu",
		"year":"1982-1987",
		"title":"Alternate Member",
		"place1":"CPC",
		"place2":"Central Committee"
	},
	{
		"name":"Peng Shoucheng",
		"year":"",
		"title":"Research Fellow",
		"place1":"Chinese Academy of Space Technology"
	},
	{
		"name":"Peng Shoucheng",
		"year":"1993",
		"title":"Joined",
		"place1":"CPC"
	},
	{
		"name":"Peng Shoucheng",
		"year":"1990-????",
		"title":"Member",
		"place1":"China Aviation Industry Corporation"
	},
	{
		"name":"Peng Shoucheng",
		"year":"1968",
		"title":"Graduate",
		"place1":"Harbin Institute of Military Engineering",
		"place2":"Heilongjiang Province",
		"place3":"Harbin City"
	},
	{
		"name":"Peng Shujie",
		"year":"2015-",
		"title":"Deputy Secretary General",
		"place1":"State Council"
	},
	{
		"name":"Peng Shujie",
		"year":"2014-",
		"title":"Deputy Editor-in-Chief",
		"place1":"Xinhua News Agency"
	},
	{
		"name":"Peng Xiaofeng",
		"year":"2010-2013",
		"title":"Deputy Director",
		"place1":"Financial and Economic Affairs Committee of the NPC"
	},
	{
		"name":"Peng Xiaofeng",
		"year":"2008-2013",
		"title":"Deputy",
		"place1":"NPC"
	},
	{
		"name":"Peng Xiaofeng",
		"year":"2007-2012",
		"title":"Member",
		"place1":"CPC",
		"place2":"Central Committee"
	},
	{
		"name":"Peng Xiaofeng",
		"year":"2006-",
		"title":"General",
		"place1":"PLA"
	},
	{
		"name":"Peng Xiaofeng",
		"year":"2003-2010",
		"title":"Political Commissar",
		"place1":"PLA",
		"place2":"Services and Arms",
		"place3":"2nd Artillery Force"
	},
	{
		"name":"Peng Xiaofeng",
		"year":"2003-2010",
		"title":"Secretary",
		"place1":"PLA",
		"place2":"Services and Arms",
		"place3":"2nd Artillery Force",
		"place4":"CPC",
		"place5":"Party Committee"
	},
	{
		"name":"Peng Xiaofeng",
		"year":"2002-2003",
		"title":"Secretary",
		"place1":"University of National Defense",
		"place2":"CPC",
		"place3":"Party Committee"
	},
	{
		"name":"Peng Xiaofeng",
		"year":"2002-2007",
		"title":"Member",
		"place1":"CPC",
		"place2":"Central Committee",
		"place3":"Central Commission for Discipline Inspection"
	},
	{
		"name":"Peng Xiaofeng",
		"year":"2002-2006",
		"title":"Lieutenant General",
		"place1":"PLA"
	},
	{
		"name":"Peng Xiaofeng",
		"year":"2002-2003",
		"title":"Deputy Political Commissar",
		"place1":"University of National Defense"
	},
	{
		"name":"Peng Xiaofeng",
		"year":"2001-2002",
		"title":"Deputy Political Commissar",
		"place1":"PLA",
		"place2":"Regions",
		"place3":"Lanzhou Military Region"
	},
	{
		"name":"Peng Xiaofeng",
		"year":"1997-2002",
		"title":"Major General",
		"place1":"PLA"
	},
	{
		"name":"Peng Xiaofeng",
		"year":"1996-2001",
		"title":"Political Commissar",
		"place1":"PLA",
		"place2":"Services and Arms",
		"place3":"40th Group Army"
	},
	{
		"name":"Peng Xiaofeng",
		"year":"1965",
		"title":"Joined",
		"place1":"CPC"
	},
	{
		"name":"Peng Xiaofeng",
		"year":"1963",
		"title":"Joined",
		"place1":"PLA"
	},
	{
		"name":"Peng Yigang",
		"year":"",
		"title":"Member",
		"place1":"State Academic Degrees Committee"
	},
	{
		"name":"Peng Yigang",
		"year":"",
		"title":"Convener",
		"place1":"State Academic Degrees Committee",
		"place2":"Architecture Appraisal Group"
	},
	{
		"name":"Peng Yigang",
		"year":"1995-",
		"title":"Academician",
		"place1":"Chinese Academy of Sciences"
	},
	{
		"name":"Peng Yigang",
		"year":"1985-",
		"title":"Doctoral Supervisor",
		"place1":"Tianjin University",
		"place2":"Tianjin Municipality"
	},
	{
		"name":"Peng Yigang",
		"year":"1983-",
		"title":"Professor",
		"place1":"Tianjin University",
		"place2":"Tianjin Municipality"
	},
	{
		"name":"Peng Yigang",
		"year":"1953",
		"title":"Graduate",
		"place1":"Tianjin University",
		"place2":"Civil Engineering Department",
		"place3":"Tianjin Municipality"
	},
	{
		"name":"Peng Yong",
		"year":"2012-2017",
		"title":"Member",
		"place1":"CPC",
		"place2":"Central Committee"
	},
	{
		"name":"Peng Yong",
		"year":"2011-",
		"title":"Commander-in-Chief",
		"place1":"PLA",
		"place2":"Regions",
		"place3":"Lanzhou Military Region",
		"place4":"Xinjiang Military District"
	},
	{
		"name":"Peng Yong",
		"year":"2011-",
		"title":"Deputy Secretary",
		"place1":"PLA",
		"place2":"Regions",
		"place3":"Lanzhou Military Region",
		"place4":"Xinjiang Military District",
		"place5":"CPC",
		"place6":"Party Committee"
	},
	{
		"name":"Peng Yong",
		"year":"2011-",
		"title":"Member",
		"place1":"PLA",
		"place2":"Regions",
		"place3":"Lanzhou Military Region",
		"place4":"Xinjiang Military District",
		"place5":"CPC",
		"place6":"Party Committee",
		"place7":"Standing Committee"
	},
	{
		"name":"Peng Yong",
		"year":"2004-2007",
		"title":"Commander",
		"place1":"PLA",
		"place2":"Services and Arms",
		"place3":"47th Group Army"
	},
	{
		"name":"Peng Yong",
		"year":"1999-2004",
		"title":"Chief-of-Staff",
		"place1":"PLA",
		"place2":"Services and Arms",
		"place3":"Army (or Ground Force)",
		"place4":"21st Army"
	},
	{
		"name":"Peng Yong",
		"year":"1995-1998",
		"title":"Student",
		"place1":"Shijiazhuang Army Academy",
		"place2":"Hebei Province",
		"place3":"Shijiazhuang City"
	},
	{
		"name":"Peng Yong",
		"year":"1994-1999",
		"title":"Division Commander",
		"place1":"PLA",
		"place2":"Services and Arms",
		"place3":"Army (or Ground Force)",
		"place4":"21st Army"
	},
	{
		"name":"Peng Yong",
		"year":"1990-1994",
		"title":"Deputy Division Commander",
		"place1":"PLA",
		"place2":"Services and Arms",
		"place3":"Army (or Ground Force)",
		"place4":"21st Army"
	},
	{
		"name":"Peng Yong",
		"year":"1985-1990",
		"title":"Regiment Commander",
		"place1":"PLA",
		"place2":"Services and Arms",
		"place3":"Army (or Ground Force)",
		"place4":"21st Army"
	},
	{
		"name":"Peng Youjin",
		"year":"1983-1985",
		"title":"Secretary-General",
		"place1":"CPPCC",
		"place2":"National Committee"
	},
	{
		"name":"Peng Yu",
		"year":"2011-",
		"title":"Deputy Director",
		"place1":"Provincial People's Congress",
		"place2":"Standing Committee",
		"place3":"Sichuan Province"
	},
	{
		"name":"Peng Yu",
		"year":"2008-2013",
		"title":"Deputy",
		"place1":"NPC"
	},
	{
		"name":"Peng Yu",
		"year":"2008-",
		"title":"Director",
		"place1":"Provincial State-Owned Assets Supervision and Administration Commission",
		"place2":"Sichuan Province"
	},
	{
		"name":"Peng Yu",
		"year":"2008-",
		"title":"Deputy Secretary",
		"place1":"Provincial State-Owned Assets Supervision and Administration Commission",
		"place2":"CPC",
		"place3":"Party Committee",
		"place4":"Sichuan Province"
	},
	{
		"name":"Peng Yu",
		"year":"2004-2008",
		"title":"Director",
		"place1":"Provincial Economic Committee",
		"place2":"Sichuan Province"
	},
	{
		"name":"Peng Yu",
		"year":"2004-2008",
		"title":"Secretary",
		"place1":"Provincial Economic Committee",
		"place2":"CPC",
		"place3":"Party Committee",
		"place4":"Sichuan Province"
	},
	{
		"name":"Peng Yu",
		"year":"2002-2004",
		"title":"Deputy Secretary",
		"place1":"CPC",
		"place2":"Provincial Committee",
		"place3":"Sichuan Province"
	},
	{
		"name":"Peng Yu",
		"year":"2002-2003",
		"title":"Assistant General Manager",
		"place1":"China Three Gorges Corp."
	},
	{
		"name":"Peng Yu",
		"year":"2002-2003",
		"title":"Member",
		"place1":"China Three Gorges Corp.",
		"place2":"CPC",
		"place3":"Leading Party Group"
	},
	{
		"name":"Peng Yu",
		"year":"1996-2002",
		"title":"Secretary",
		"place1":"CPC",
		"place2":"City Committee",
		"place3":"Sichuan Province",
		"place4":"Guangyuan City"
	},
	{
		"name":"Peng Yu",
		"year":"1995-1996",
		"title":"Deputy Secretary",
		"place1":"CPC",
		"place2":"City Committee",
		"place3":"Sichuan Province",
		"place4":"Guangyuan City"
	},
	{
		"name":"Peng Yu",
		"year":"1991-1995",
		"title":"Secretary",
		"place1":"CYLC",
		"place2":"Provincial-Level",
		"place3":"Sichuan Province"
	},
	{
		"name":"Peng Yu",
		"year":"1990-1991",
		"title":"Deputy Secretary",
		"place1":"CPC",
		"place2":"District Committee",
		"place3":"Sichuan Province",
		"place4":"Leshan City",
		"place5":"Shawan District"
	},
	{
		"name":"Peng Yu",
		"year":"1990-1991",
		"title":"Member",
		"place1":"CPC",
		"place2":"City Committee",
		"place3":"Standing Committee",
		"place4":"Sichuan Province",
		"place5":"Leshan City"
	},
	{
		"name":"Peng Yu",
		"year":"1984-1990",
		"title":"Chairman",
		"place1":"Provincial Youth Federation",
		"place2":"Sichuan Province"
	},
	{
		"name":"Peng Yu",
		"year":"1984-1990",
		"title":"Deputy Secretary",
		"place1":"CYLC",
		"place2":"Provincial-Level",
		"place3":"Sichuan Province"
	},
	{
		"name":"Peng Yu",
		"year":"1978-1982",
		"title":"Student",
		"place1":"Changchun University of Science and Technology",
		"place2":"Jilin Province",
		"place3":"Changchun City"
	},
	{
		"name":"Peng Yu",
		"year":"1974-1978",
		"title":"Cultural Revolution",
		"place1":"Cultural Revolution",
		"place2":"Rusticated Youth"
	},
	{
		"name":"Peng Zhen",
		"year":"1983-1988",
		"title":"Chairman",
		"place1":"Standing Committee of the NPC"
	},
	{
		"name":"Peng Zhen",
		"year":"1982-1987",
		"title":"Member",
		"place1":"CPC",
		"place2":"Central Committee"
	},
	{
		"name":"Peng Zhen",
		"year":"1978-1983",
		"title":"Vice-Chairman",
		"place1":"Standing Committee of the NPC"
	},
	{
		"name":"Peng Zhen",
		"year":"1965-1975",
		"title":"Vice-Chairman",
		"place1":"Standing Committee of the NPC"
	},
	{
		"name":"Peng Zhen",
		"year":"1964-1978",
		"title":"Vice-Chairman",
		"place1":"CPPCC",
		"place2":"National Committee"
	},
	{
		"name":"Peng Zhen",
		"year":"1959-1965",
		"title":"Vice-Chairman",
		"place1":"Standing Committee of the NPC"
	},
	{
		"name":"Peng Zhen",
		"year":"1959-1965",
		"title":"Secretary-General",
		"place1":"Standing Committee of the NPC"
	},
	{
		"name":"Peng Zhen",
		"year":"1959-1964",
		"title":"Vice-Chairman",
		"place1":"CPPCC",
		"place2":"National Committee"
	},
	{
		"name":"Peng Zhen",
		"year":"1956-1969",
		"title":"Member",
		"place1":"CPC",
		"place2":"Central Committee"
	},
	{
		"name":"Peng Zhen",
		"year":"1954-1959",
		"title":"Secretary-General",
		"place1":"Standing Committee of the NPC"
	},
	{
		"name":"Peng Zhen",
		"year":"1954-1959",
		"title":"Vice-Chairman",
		"place1":"CPPCC",
		"place2":"National Committee"
	},
	{
		"name":"Peng Zhen",
		"year":"1954-1959",
		"title":"Vice-Chairman",
		"place1":"Standing Committee of the NPC"
	},
	{
		"name":"Peng Zhen",
		"year":"1945-1956",
		"title":"Member",
		"place1":"CPC",
		"place2":"Central Committee"
	},
	{
		"name":"Peng Zuyi",
		"year":"2002-2007",
		"title":"Alternate Member",
		"place1":"CPC",
		"place2":"Central Committee"
	},
	{
		"name":"Peng Zuyi",
		"year":"2000-",
		"title":"Director",
		"place1":"Autonomous Regional People's Congress",
		"place2":"Work Committee",
		"place3":"Guangxi Zhuang Autonomous Region"
	},
	{
		"name":"Peng Zuyi",
		"year":"1998-2002",
		"title":"Secretary",
		"place1":"CPC",
		"place2":"Autonomous City Committee",
		"place3":"Guangxi Zhuang Autonomous Region",
		"place4":"Liuzhou City"
	},
	{
		"name":"Peng Zuyi",
		"year":"1997-1998",
		"title":"Secretary",
		"place1":"CPC",
		"place2":"Autonomous City Committee",
		"place3":"Guangxi Zhuang Autonomous Region",
		"place4":"Wuzhou City"
	},
	{
		"name":"Peng Zuyi",
		"year":"1997-1998",
		"title":"Secretary",
		"place1":"CPC",
		"place2":"Autonomous City Committee",
		"place3":"Guangxi Zhuang Autonomous Region",
		"place4":"Hezhou City"
	},
	{
		"name":"Peng Zuyi",
		"year":"1996-1997",
		"title":"Secretary",
		"place1":"Forestry Department",
		"place2":"CPC",
		"place3":"Party Committee",
		"place4":"Guangxi Zhuang Autonomous Region"
	},
	{
		"name":"Peng Zuyi",
		"year":"1996-1997",
		"title":"Head",
		"place1":"Forestry Department",
		"place2":"Guangxi Zhuang Autonomous Region"
	},
	{
		"name":"Peng Zuyi",
		"year":"1995-1996",
		"title":"Deputy Secretary",
		"place1":"Forestry Department",
		"place2":"CPC",
		"place3":"Party Committee",
		"place4":"Guangxi Zhuang Autonomous Region"
	},
	{
		"name":"Peng Zuyi",
		"year":"1995-1996",
		"title":"Vice-Head",
		"place1":"Forestry Department",
		"place2":"Guangxi Zhuang Autonomous Region"
	},
	{
		"name":"Peng Zuyi",
		"year":"1994-1996",
		"title":"Student",
		"place1":"CPC",
		"place2":"Central Committee",
		"place3":"Central Party School"
	},
	{
		"name":"Peng Zuyi",
		"year":"1993-1994",
		"title":"Student",
		"place1":"CPC",
		"place2":"Central Committee",
		"place3":"Central Party School",
		"place4":"Cadre Training Class"
	},
	{
		"name":"Peng Zuyi",
		"year":"1991-1992",
		"title":"Director",
		"place1":"CPC",
		"place2":"Autonomous County Committee",
		"place3":"Organization Department",
		"place4":"Guangxi Zhuang Autonomous Region",
		"place5":"Baise County"
	},
	{
		"name":"Peng Zuyi",
		"year":"1986-1987",
		"title":"Student",
		"place1":"CPC",
		"place2":"Autonomous Regional Committee",
		"place3":"Party School",
		"place4":"Guangxi Zhuang Autonomous Region"
	},
	{
		"name":"Peng Zuyi",
		"year":"1985-1991",
		"title":"Secretary",
		"place1":"CPC",
		"place2":"Autonomous County Committee",
		"place3":"Guangxi Zhuang Autonomous Region",
		"place4":"Longsheng Gezu County"
	},
	{
		"name":"Peng Zuyi",
		"year":"1984-1985",
		"title":"Deputy Secretary",
		"place1":"CPC",
		"place2":"Autonomous County Committee",
		"place3":"Guangxi Zhuang Autonomous Region",
		"place4":"Longsheng Gezu County"
	},
	{
		"name":"Peng Zuyi",
		"year":"1982-1984",
		"title":"Secretary",
		"place1":"Jiahui Commune",
		"place2":"Guangxi Zhuang Autonomous Region",
		"place3":"Gongcheng Yao Nationality County"
	},
	{
		"name":"Peng Zuyi",
		"year":"1982-1984",
		"title":"Secretary",
		"place1":"CPC",
		"place2":"Autonomous County Committee",
		"place3":"Publicity Department",
		"place4":"Guangxi Zhuang Autonomous Region",
		"place5":"Gongcheng Yao Nationality County"
	},
	{
		"name":"Peng Zuyi",
		"year":"1976-1982",
		"title":"Deputy Director-General",
		"place1":"Higher Education Bureau",
		"place2":"Guangxi Zhuang Autonomous Region",
		"place3":"Gongcheng Yao Nationality County"
	},
	{
		"name":"Peng Zuyi",
		"year":"1975-1976",
		"title":"Teacher",
		"place1":"Guangxi Zhuang Autonomous Region",
		"place2":"Gongcheng Yao Nationality County"
	},
	{
		"name":"Peng Zuyi",
		"year":"1974",
		"title":"CPC ",
		"place1":"CPC"
	},
	{
		"name":"Peng Zuyi",
		"year":"1973-1975",
		"title":"Teacher",
		"place1":"Guangxi Zhuang Autonomous Region",
		"place2":"Gongcheng Yao Nationality County"
	},
	{
		"name":"Peng Zuyi",
		"year":"1971-1973",
		"title":"Student",
		"place1":"Guangxi University for Nationalities",
		"place2":"Political Science Department",
		"place3":"Guangxi Zhuang Autonomous Region"
	},
	{
		"name":"Pi Ding",
		"year":"1969-1973",
		"title":"Member",
		"place1":"CPC",
		"place2":"Central Committee"
	},
	{
		"name":"Pi Dingjun",
		"year":"1973-1977",
		"title":"Member",
		"place1":"CPC",
		"place2":"Central Committee"
	},
	{
		"name":"Ping Jiesan",
		"year":"1964-1978",
		"title":"Secretary-General",
		"place1":"CPPCC",
		"place2":"National Committee"
	},
	{
		"name":"Pu Chaozhu",
		"year":"1998-2003",
		"title":"Member",
		"place1":"Standing Committee of the NPC"
	},
	{
		"name":"Pu Chaozhu",
		"year":"1993-1998",
		"title":"Member",
		"place1":"Standing Committee of the NPC"
	},
	{
		"name":"Pu Chaozhu",
		"year":"1992-1997",
		"title":"Member",
		"place1":"CPC",
		"place2":"Central Committee"
	},
	{
		"name":"Pu Chaozhu",
		"year":"1987-1992",
		"title":"Member",
		"place1":"CPC",
		"place2":"Central Committee"
	},
	{
		"name":"Pu Chaozhu",
		"year":"1983-1985",
		"title":"Governor",
		"place1":"People's Government",
		"place2":"Yunnan Province"
	},
	{
		"name":"Pu Chaozhu",
		"year":"1982-1987",
		"title":"Member",
		"place1":"CPC",
		"place2":"Central Committee"
	},
	{
		"name":"Pu Chaozhu",
		"year":"1948",
		"title":"Joined",
		"place1":"CPC"
	},
	{
		"name":"Pu Chaozhu",
		"year":"1947",
		"title":"Joined",
		"place1":"CYLC",
		"place2":"Central Committee"
	},
	{
		"name":"Pu Guxiang",
		"year":"1973-1977",
		"title":"Alternate Member",
		"place1":"CPC",
		"place2":"Central Committee"
	},
	{
		"name":"Pu Haiqing",
		"year":"2003-",
		"title":"Secretary",
		"place1":"Three Gorges Project Construction Committee",
		"place2":"CPC",
		"place3":"Leading Party Group"
	},
	{
		"name":"Pu Haiqing",
		"year":"2003-",
		"title":"Director",
		"place1":"Three Gorges Project Construction Committee"
	},
	{
		"name":"Pu Haiqing",
		"year":"2002-2007",
		"title":"Member",
		"place1":"CPC",
		"place2":"Central Committee"
	},
	{
		"name":"Pu Haiqing",
		"year":"2001-2003",
		"title":"Deputy Director",
		"place1":"Three Gorges Project Construction Committee"
	},
	{
		"name":"Pu Haiqing",
		"year":"2001-2003",
		"title":"Deputy Secretary",
		"place1":"Three Gorges Project Construction Committee",
		"place2":"CPC",
		"place3":"Leading Party Group"
	},
	{
		"name":"Pu Haiqing",
		"year":"1999-2001",
		"title":"Director",
		"place1":"National Metallurgical Industry Bureau"
	},
	{
		"name":"Pu Haiqing",
		"year":"1999-2001",
		"title":"Secretary",
		"place1":"National Metallurgical Industry Bureau",
		"place2":"CPC",
		"place3":"Leading Party Group"
	},
	{
		"name":"Pu Haiqing",
		"year":"1997-1999",
		"title":"Deputy Secretary",
		"place1":"CPC",
		"place2":"Municipal Committee",
		"place3":"Chongqing Municipality"
	},
	{
		"name":"Pu Haiqing",
		"year":"1997-1999",
		"title":"Mayor",
		"place1":"People's Government",
		"place2":"Chongqing Municipality"
	},
	{
		"name":"Pu Haiqing",
		"year":"1997-2002",
		"title":"Member",
		"place1":"CPC",
		"place2":"Central Committee"
	},
	{
		"name":"Pu Haiqing",
		"year":"1996-1997",
		"title":"Acting Mayor",
		"place1":"People's Government",
		"place2":"Chongqing Municipality"
	},
	{
		"name":"Pu Haiqing",
		"year":"1994-1997",
		"title":"Deputy Secretary",
		"place1":"CPC",
		"place2":"Provincial Committee",
		"place3":"Sichuan Province"
	},
	{
		"name":"Pu Haiqing",
		"year":"1993-1994",
		"title":"Member",
		"place1":"CPC",
		"place2":"Provincial Committee",
		"place3":"Standing Committee",
		"place4":"Sichuan Province"
	},
	{
		"name":"Pu Haiqing",
		"year":"1992-1997",
		"title":"Delegate",
		"place1":"CPC",
		"place2":"Central Committee"
	},
	{
		"name":"Pu Haiqing",
		"year":"1986-1987",
		"title":"Student",
		"place1":"CPC",
		"place2":"Central Committee",
		"place3":"Central Party School"
	},
	{
		"name":"Pu Haiqing",
		"year":"1985-1996",
		"title":"Vice-Governor",
		"place1":"People's Government",
		"place2":"Sichuan Province"
	},
	{
		"name":"Pu Haiqing",
		"year":"1973",
		"title":"Joined",
		"place1":"CPC"
	},
	{
		"name":"Pu Haiqing",
		"year":"1966",
		"title":"Graduate",
		"place1":"Chongqing University",
		"place2":"Chongqing Municipality"
	},
	{
		"name":"Pu Zhaozhu",
		"year":"1987-1992",
		"title":"Member",
		"place1":"CPC",
		"place2":"Central Committee"
	}
]