[
	{
		"name":"Raidi ",
		"year":"2003-",
		"title":"Vice-Chairman",
		"place1":"Standing Committee of the NPC"
	},
	{
		"name":"Raidi ",
		"year":"2002-2007",
		"title":"Member",
		"place1":"CPC",
		"place2":"Central Committee"
	},
	{
		"name":"Raidi ",
		"year":"1997-2002",
		"title":"Member",
		"place1":"CPC",
		"place2":"Central Committee"
	},
	{
		"name":"Raidi ",
		"year":"1993-",
		"title":"Chairman",
		"place1":"Autonomous Regional People's Congress",
		"place2":"Standing Committee",
		"place3":"Tibet Autonomous Region"
	},
	{
		"name":"Raidi ",
		"year":"1992-1997",
		"title":"Member",
		"place1":"CPC",
		"place2":"Central Committee"
	},
	{
		"name":"Raidi ",
		"year":"1987-1992",
		"title":"Member",
		"place1":"CPC",
		"place2":"Central Committee"
	},
	{
		"name":"Raidi ",
		"year":"1987-1992",
		"title":"Member",
		"place1":"CPC",
		"place2":"Central Committee"
	},
	{
		"name":"Raidi ",
		"year":"1985-2002",
		"title":"Deputy Secretary",
		"place1":"CPC",
		"place2":"Autonomous Regional Committee",
		"place3":"Tibet Autonomous Region"
	},
	{
		"name":"Raidi ",
		"year":"1985-1993",
		"title":"Chairman",
		"place1":"CPPCC",
		"place2":"Autonomous Regional Committee",
		"place3":"Tibet Autonomous Region"
	},
	{
		"name":"Raidi ",
		"year":"1983-1985",
		"title":"Student",
		"place1":"CPC",
		"place2":"Central Committee",
		"place3":"Central Party School"
	},
	{
		"name":"Raidi ",
		"year":"1982-1987",
		"title":"Member",
		"place1":"CPC",
		"place2":"Central Committee"
	},
	{
		"name":"Raidi ",
		"year":"1979-1983",
		"title":"Vice-Chairman",
		"place1":"Autonomous Regional People's Congress",
		"place2":"Standing Committee",
		"place3":"Tibet Autonomous Region"
	},
	{
		"name":"Raidi ",
		"year":"1977-1985",
		"title":"President",
		"place1":"CPC",
		"place2":"Autonomous Regional Committee",
		"place3":"Party School",
		"place4":"Tibet Autonomous Region"
	},
	{
		"name":"Raidi ",
		"year":"1977-1993",
		"title":"Secretary",
		"place1":"CPC",
		"place2":"Autonomous Regional Committee",
		"place3":"Commission for Discipline Inspection",
		"place4":"Tibet Autonomous Region"
	},
	{
		"name":"Raidi ",
		"year":"1977-1982",
		"title":"Alternate Member",
		"place1":"CPC",
		"place2":"Central Committee"
	},
	{
		"name":"Raidi ",
		"year":"1977-1979",
		"title":"Vice-Chairman",
		"place1":"Cultural Revolution",
		"place2":"Revolutionary Committee",
		"place3":"Tibet Autonomous Region"
	},
	{
		"name":"Raidi ",
		"year":"1975-1985",
		"title":"Secretary",
		"place1":"CPC",
		"place2":"Autonomous Regional Committee",
		"place3":"Tibet Autonomous Region"
	},
	{
		"name":"Raidi ",
		"year":"1975-1977",
		"title":"Deputy Director",
		"place1":"Cultural Revolution",
		"place2":"Revolutionary Committee",
		"place3":"Farming Office",
		"place4":"Tibet Autonomous Region"
	},
	{
		"name":"Raidi ",
		"year":"1972-1975",
		"title":"Secretary",
		"place1":"CPC",
		"place2":"Autonomous Prefectural Committee",
		"place3":"Tibet Autonomous Region",
		"place4":"Nagqu Prefecture"
	},
	{
		"name":"Raidi ",
		"year":"1968-1972",
		"title":"Deputy Leader",
		"place1":"Cultural Revolution",
		"place2":"Revolutionary Committee",
		"place3":"Tibet Autonomous Region",
		"place4":"Nagqu Prefecture"
	},
	{
		"name":"Raidi ",
		"year":"1966-1968",
		"title":"Worker",
		"place1":"PLA",
		"place2":"Regions",
		"place3":"Tibet Military District",
		"place4":"Military Control Commission",
		"place5":"Tibet Autonomous Region",
		"place6":"Nagqu Prefecture"
	},
	{
		"name":"Raidi ",
		"year":"1962-1966",
		"title":"Secretary",
		"place1":"Prefectural Administrative Office",
		"place2":"Public Security Division",
		"place3":"Tibet Autonomous Region",
		"place4":"Nagqu Prefecture"
	},
	{
		"name":"Raidi ",
		"year":"1961",
		"title":"Joined",
		"place1":"CPC"
	},
	{
		"name":"Raidi ",
		"year":"1959-1962",
		"title":"Student",
		"place1":"Central Political Science and Law Cadre School",
		"place2":"Beijing Municipality"
	},
	{
		"name":"Ran Guiying",
		"year":"1977-1982",
		"title":"Alternate Member",
		"place1":"CPC",
		"place2":"Central Committee"
	},
	{
		"name":"Ran Wanxiang",
		"year":"2015-",
		"title":"Deputy Director",
		"place1":"CPC",
		"place2":"Central Committee",
		"place3":"United Front Work Department"
	},
	{
		"name":"Rao Fangquan",
		"year":"1995-",
		"title":"Academician",
		"place1":"Chinese Academy of Engineering"
	},
	{
		"name":"Rao Fangquan",
		"year":"",
		"title":"Professor",
		"place1":"Jiaotong University",
		"place2":"Electric Power Engineering Department",
		"place3":"Shanghai Municipality"
	},
	{
		"name":"Rao Fangquan",
		"year":"",
		"title":"Worker",
		"place1":"Harbin Electrical Machinery Plant",
		"place2":"Heilongjiang Province",
		"place3":"Harbin City"
	},
	{
		"name":"Rao Fangquan",
		"year":"",
		"title":"Worker",
		"place1":"Harbin Electro-Mechanic Research Institute",
		"place2":"Heilongjiang Province",
		"place3":"Harbin City"
	},
	{
		"name":"Rao Fangquan",
		"year":"1958",
		"title":"Graduate",
		"place1":"Harbin Institute of Technology",
		"place2":"Electric Machinery Department",
		"place3":"Heilongjiang Province",
		"place4":"Harbin City"
	},
	{
		"name":"Rao Xingli",
		"year":"1982-1987",
		"title":"Member",
		"place1":"CPC",
		"place2":"Central Committee"
	},
	{
		"name":"Rao Xingli",
		"year":"1977-1982",
		"title":"Member",
		"place1":"CPC",
		"place2":"Central Committee"
	},
	{
		"name":"Rao Xingli",
		"year":"1973-1977",
		"title":"Member",
		"place1":"CPC",
		"place2":"Central Committee"
	},
	{
		"name":"Rao Xingli",
		"year":"1969-1973",
		"title":"Member",
		"place1":"CPC",
		"place2":"Central Committee"
	},
	{
		"name":"Ren Baodong",
		"year":"1998-2000",
		"title":"Graduate Student",
		"place1":"Renmin University of China",
		"place2":"Beijing Municipality"
	},
	{
		"name":"Ren Baodong",
		"year":"1994-1998",
		"title":"Student",
		"place1":"Tsinghua University",
		"place2":"Chemical Engineering Department",
		"place3":"Beijing Municipality"
	},
	{
		"name":"Ren Baodong",
		"year":"1994-",
		"title":"Vice-President",
		"place1":"Beijing Zehua Chemical Engineering Company Limited",
		"place2":"Beijing Municipality"
	},
	{
		"name":"Ren Bishi",
		"year":"1945-1956",
		"title":"Member",
		"place1":"CPC",
		"place2":"Central Committee"
	},
	{
		"name":"Ren Chuanjun",
		"year":"2002-",
		"title":"Vice-Chairman of the Board",
		"place1":"PetroChina Company Ltd."
	},
	{
		"name":"Ren Chuanjun",
		"year":"1999-2002",
		"title":"Senior Vice-President",
		"place1":"PetroChina Company Ltd."
	},
	{
		"name":"Ren Chuanjun",
		"year":"1999-",
		"title":"Director",
		"place1":"PetroChina Company Ltd."
	},
	{
		"name":"Ren Chuanjun",
		"year":"1998-1999",
		"title":"Vice-President",
		"place1":"China National Petroleum Corporation (CNPC)"
	},
	{
		"name":"Ren Chuanjun",
		"year":"1994-1998",
		"title":"Vice-President",
		"place1":"China National Textile and Apparel Council"
	},
	{
		"name":"Ren Chuanjun",
		"year":"1983-1994",
		"title":"Deputy General Manager",
		"place1":"Yizheng Fiber Industrial United Corporation",
		"place2":"Jiangsu Province",
		"place3":"Yizheng City"
	},
	{
		"name":"Ren Chuanjun",
		"year":"1983-1994",
		"title":"General Manager",
		"place1":"Yizheng Fiber Industrial United Corporation",
		"place2":"Jiangsu Province",
		"place3":"Yizheng City"
	},
	{
		"name":"Ren Deqi",
		"year":"2014-",
		"title":"Vice-Governor",
		"place1":"Bank of China"
	},
	{
		"name":"Ren Deqi",
		"year":"2013-2014",
		"title":"General Manager",
		"place1":"China Construction Bank",
		"place2":"Risk Management Department"
	},
	{
		"name":"Ren Deqi",
		"year":"2003-2010",
		"title":"Governor",
		"place1":"China Construction Bank",
		"place2":"Provincial Branch",
		"place3":"Hubei Province"
	},
	{
		"name":"Ren Deqi",
		"year":"2003-2010",
		"title":"General Manager",
		"place1":"China Construction Bank",
		"place2":"Credit Management Department"
	},
	{
		"name":"Ren Deqi",
		"year":"1988",
		"title":"Graduate",
		"place1":"Tsinghua University",
		"place2":"Beijing Municipality"
	},
	{
		"name":"Ren Hai",
		"year":"1998-2003",
		"title":"Deputy",
		"place1":"NPC"
	},
	{
		"name":"Ren Hai",
		"year":"",
		"title":"Board Chairman",
		"place1":"Seastar Group"
	},
	{
		"name":"Ren Hai",
		"year":"",
		"title":"Executive Director",
		"place1":"China Industrialists Association of Individual Technology"
	},
	{
		"name":"Ren Hai",
		"year":"",
		"title":"Vice Director-General",
		"place1":"China Association for Promoting Individual Technology"
	},
	{
		"name":"Ren Hai",
		"year":"",
		"title":"Executive Member",
		"place1":"All-China Federation of Industry and Commerce"
	},
	{
		"name":"Ren Hai",
		"year":"",
		"title":"Associate Professor",
		"place1":"Xi'an Jiaotong University",
		"place2":"Shaanxi Province",
		"place3":"Xi'an City"
	},
	{
		"name":"Ren Hai",
		"year":"",
		"title":"Graduate",
		"place1":"Fudan University",
		"place2":"Shanghai Municipality"
	},
	{
		"name":"Ren Hai",
		"year":"",
		"title":"Graduate",
		"place1":"Xi'an Jiaotong University",
		"place2":"Computer Science Department",
		"place3":"Shaanxi Province",
		"place4":"Xi'an City"
	},
	{
		"name":"Ren Haishen",
		"year":"2003-",
		"title":"Member",
		"place1":"CPC",
		"place2":"Provincial Committee",
		"place3":"Standing Committee",
		"place4":"Anhui Province"
	},
	{
		"name":"Ren Haishen",
		"year":"",
		"title":"Vice-Governor",
		"place1":"People's Government",
		"place2":"Anhui Province"
	},
	{
		"name":"Ren Haishen",
		"year":"",
		"title":"Mayor",
		"place1":"People's Government",
		"place2":"Shandong Province",
		"place3":"Yantai City"
	},
	{
		"name":"Ren Haishen",
		"year":"",
		"title":"Graduate",
		"place1":"CPC",
		"place2":"Central Committee",
		"place3":"Central Party School"
	},
	{
		"name":"Ren Haishen",
		"year":"1971",
		"title":"Joined",
		"place1":"CPC"
	},
	{
		"name":"Ren Hongbin",
		"year":"2013-",
		"title":"President",
		"place1":"China National Machinery Industry Corporation"
	},
	{
		"name":"Ren Hongbin",
		"year":"2012-2017",
		"title":"Alternate Member",
		"place1":"CPC",
		"place2":"Central Committee"
	},
	{
		"name":"Ren Jianxin",
		"year":"1998-2003",
		"title":"Vice-Chairman",
		"place1":"CPPCC",
		"place2":"National Committee"
	},
	{
		"name":"Ren Jianxin",
		"year":"1997-2002",
		"title":"Delegate",
		"place1":"CPC",
		"place2":"National Congress"
	},
	{
		"name":"Ren Jianxin",
		"year":"1997-1998",
		"title":"President",
		"place1":"China Law Society"
	},
	{
		"name":"Ren Jianxin",
		"year":"1992-1997",
		"title":"Honorary Chairman",
		"place1":"World Jurists Association"
	},
	{
		"name":"Ren Jianxin",
		"year":"1992-1997",
		"title":"Secretary",
		"place1":"Political Science and Law Committee of the State Council"
	},
	{
		"name":"Ren Jianxin",
		"year":"1992-1997",
		"title":"Member",
		"place1":"CPC",
		"place2":"Central Committee"
	},
	{
		"name":"Ren Jianxin",
		"year":"1992-1997",
		"title":"Member",
		"place1":"CPC",
		"place2":"Central Committee",
		"place3":"Politburo",
		"place4":"Secretariat"
	},
	{
		"name":"Ren Jianxin",
		"year":"1988-1992",
		"title":"President",
		"place1":"Supreme People's Court"
	},
	{
		"name":"Ren Jianxin",
		"year":"1987-1992",
		"title":"Member",
		"place1":"CPC",
		"place2":"Central Committee"
	},
	{
		"name":"Ren Jianxin",
		"year":"1985-????",
		"title":"Member",
		"place1":"World Peace Through Law Center",
		"place2":"Executive Committee"
	},
	{
		"name":"Ren Jianxin",
		"year":"1983-1988",
		"title":"Vice-President",
		"place1":"Supreme People's Court"
	},
	{
		"name":"Ren Jianxin",
		"year":"1983-1988",
		"title":"Vice-President",
		"place1":"China Council for the Promotion of International Trade"
	},
	{
		"name":"Ren Jianxin",
		"year":"1971-1981",
		"title":"Director",
		"place1":"China Council for the Promotion of International Trade",
		"place2":"Legal Affairs Department"
	},
	{
		"name":"Ren Jianxin",
		"year":"",
		"title":"Secretary-General",
		"place1":"Maritime Arbitration Commission"
	},
	{
		"name":"Ren Jianxin",
		"year":"1959-1966",
		"title":"Secretary-General",
		"place1":"Foreign Economic and Trade Arbitration Commission"
	},
	{
		"name":"Ren Jianxin",
		"year":"1949-1959",
		"title":"Clerk",
		"place1":"State Council Bureau of Legislative Affairs"
	},
	{
		"name":"Ren Jianxin",
		"year":"1949-1959",
		"title":"Clerk",
		"place1":"Legislative Affairs Office of the State Council"
	},
	{
		"name":"Ren Jianxin",
		"year":"1949-1959",
		"title":"Clerk",
		"place1":"CPC",
		"place2":"Central Committee",
		"place3":"Political Science and Law Committee"
	},
	{
		"name":"Ren Jianxin",
		"year":"1946-1948",
		"title":"Student",
		"place1":"Beijing University",
		"place2":"Beijing Municipality"
	},
	{
		"name":"Ren Keli",
		"year":"1998-2003",
		"title":"Deputy",
		"place1":"NPC"
	},
	{
		"name":"Ren Keli",
		"year":"1998-",
		"title":"Chairman",
		"place1":"Provincial People's Congress",
		"place2":"Standing Committee",
		"place3":"Henan Province"
	},
	{
		"name":"Ren Keli",
		"year":"1997-2002",
		"title":"Delegate",
		"place1":"CPC",
		"place2":"National Congress"
	},
	{
		"name":"Ren Keli",
		"year":"1995-",
		"title":"Deputy Secretary",
		"place1":"CPC",
		"place2":"Provincial Committee",
		"place3":"Henan Province"
	},
	{
		"name":"Ren Keli",
		"year":"1992-1997",
		"title":"Delegate",
		"place1":"CPC",
		"place2":"National Congress"
	},
	{
		"name":"Ren Keli",
		"year":"1992-1995",
		"title":"Deputy Secretary",
		"place1":"CPC",
		"place2":"Provincial Committee",
		"place3":"Yunnan Province"
	},
	{
		"name":"Ren Keli",
		"year":"1988-1993",
		"title":"Deputy",
		"place1":"NPC"
	},
	{
		"name":"Ren Keli",
		"year":"",
		"title":"Head",
		"place1":"CPC",
		"place2":"Provincial Committee",
		"place3":"Organization Department",
		"place4":"Yunnan Province"
	},
	{
		"name":"Ren Keli",
		"year":"",
		"title":"Member",
		"place1":"CPC",
		"place2":"Provincial Committee",
		"place3":"Standing Committee",
		"place4":"Yunnan Province"
	},
	{
		"name":"Ren Keli",
		"year":"",
		"title":"Secretary",
		"place1":"Tongling Non-Ferrous Metals Company",
		"place2":"Anhui Province",
		"place3":"Tongling City"
	},
	{
		"name":"Ren Keli",
		"year":"",
		"title":"Deputy Secretary",
		"place1":"CPC",
		"place2":"City Committee",
		"place3":"Anhui Province",
		"place4":"Tongling City"
	},
	{
		"name":"Ren Keli",
		"year":"",
		"title":"Secretary-General",
		"place1":"CPC",
		"place2":"City Committee",
		"place3":"Anhui Province",
		"place4":"Tongling City"
	},
	{
		"name":"Ren Keli",
		"year":"",
		"title":"Member",
		"place1":"CPC",
		"place2":"City Committee",
		"place3":"Standing Committee",
		"place4":"Anhui Province",
		"place5":"Tongling City"
	},
	{
		"name":"Ren Keli",
		"year":"",
		"title":"Deputy Head",
		"place1":"CPC",
		"place2":"City Committee",
		"place3":"Organization Department",
		"place4":"Anhui Province",
		"place5":"Tongling City"
	},
	{
		"name":"Ren Keli",
		"year":"",
		"title":"Secretary",
		"place1":"Shizishan Mine",
		"place2":"CPC",
		"place3":"Party Committee",
		"place4":"Anhui Province",
		"place5":"Tongling City"
	},
	{
		"name":"Ren Keli",
		"year":"",
		"title":"Chief",
		"place1":"Guanshan Copper Mine",
		"place2":"Political Division",
		"place3":"Anhui Province",
		"place4":"Tongling City"
	},
	{
		"name":"Ren Keli",
		"year":"1955",
		"title":"Joined",
		"place1":"CPC"
	},
	{
		"name":"Ren Luquan",
		"year":"",
		"title":"President",
		"place1":"Jilin University of Technology",
		"place2":"Jilin Province"
	},
	{
		"name":"Ren Luquan",
		"year":"1995",
		"title":"Secretary",
		"place1":"Jilin University of Technology",
		"place2":"CPC",
		"place3":"Party Committee",
		"place4":"Jilin Province"
	},
	{
		"name":"Ren Luquan",
		"year":"",
		"title":"Vice-President",
		"place1":"Jilin University of Technology",
		"place2":"Jilin Province"
	},
	{
		"name":"Ren Luquan",
		"year":"",
		"title":"Dean",
		"place1":"Jilin University of Technology",
		"place2":"Farming Machine Department",
		"place3":"Jilin Province"
	},
	{
		"name":"Ren Luquan",
		"year":"1981",
		"title":"Graduate",
		"place1":"Jilin University of Technology",
		"place2":"Jilin Province"
	},
	{
		"name":"Ren Luquan",
		"year":"1967",
		"title":"Graduate",
		"place1":"Jilin University of Technology",
		"place2":"Jilin Province"
	},
	{
		"name":"Ren Luquan",
		"year":"",
		"title":"Joined",
		"place1":"CPC"
	},
	{
		"name":"Ren Meie",
		"year":"1980-",
		"title":"Academician",
		"place1":"Chinese Academy of Sciences"
	},
	{
		"name":"Ren Meie",
		"year":"",
		"title":"Honorary Chairman",
		"place1":"China Society for Oceanography"
	},
	{
		"name":"Ren Meie",
		"year":"",
		"title":"Honorary Chairman",
		"place1":"Chinese Geographical Society"
	},
	{
		"name":"Ren Meie",
		"year":"",
		"title":"Professor",
		"place1":"Nanjing University",
		"place2":"Jiangsu Province",
		"place3":"Nanjing City"
	},
	{
		"name":"Ren Meie",
		"year":"1939",
		"title":"Graduate",
		"place1":"University of Glasgow",
		"place2":"Scotland",
		"place3":"Glasgow"
	},
	{
		"name":"Ren Meie",
		"year":"1934",
		"title":"Graduate",
		"place1":"Central University for Nationalities",
		"place2":"Geography Department",
		"place3":"Beijing Municipality"
	},
	{
		"name":"Ren Qixing",
		"year":"2001-",
		"title":"Chairman",
		"place1":"CPPCC",
		"place2":"Autonomous Regional Committee",
		"place3":"Ningxia Hui Autonomous Region"
	},
	{
		"name":"Ren Qixing",
		"year":"1998-",
		"title":"Deputy Secretary",
		"place1":"CPC",
		"place2":"Autonomous Regional Committee",
		"place3":"Ningxia Hui Autonomous Region"
	},
	{
		"name":"Ren Qixing",
		"year":"1998-",
		"title":"Chairman",
		"place1":"Autonomous Region People's Government",
		"place2":"Ningxia Hui Autonomous Region"
	},
	{
		"name":"Ren Qixing",
		"year":"1997-2002",
		"title":"Alternate Member",
		"place1":"CPC",
		"place2":"Central Committee"
	},
	{
		"name":"Ren Qixing",
		"year":"1993-",
		"title":"Member",
		"place1":"CPC",
		"place2":"Autonomous Regional Committee",
		"place3":"Standing Committee",
		"place4":"Ningxia Hui Autonomous Region"
	},
	{
		"name":"Ren Qixing",
		"year":"1988-1998",
		"title":"Vice-Chairman",
		"place1":"Autonomous Region People's Government",
		"place2":"Ningxia Hui Autonomous Region"
	},
	{
		"name":"Ren Qixing",
		"year":"",
		"title":"Mayor",
		"place1":"People's Government",
		"place2":"Ningxia Hui Autonomous Region",
		"place3":"Shizuishan City"
	},
	{
		"name":"Ren Qixing",
		"year":"",
		"title":"Vice-Mayor",
		"place1":"People's Government",
		"place2":"Ningxia Hui Autonomous Region",
		"place3":"Shizuishan City"
	},
	{
		"name":"Ren Qixing",
		"year":"",
		"title":"Deputy Division Chief",
		"place1":"CPC",
		"place2":"Autonomous Regional Committee",
		"place3":"General Office",
		"place4":"Ningxia Hui Autonomous Region"
	},
	{
		"name":"Ren Qixing",
		"year":"1966",
		"title":"Graduate",
		"place1":"Shandong Mining Institute",
		"place2":"Department of Coal Mining",
		"place3":"Shandong Province"
	},
	{
		"name":"Ren Qixing",
		"year":"1965",
		"title":"Joined",
		"place1":"CPC"
	},
	{
		"name":"Ren Rong",
		"year":"1982-1987",
		"title":"Alternate Member",
		"place1":"CPC",
		"place2":"Central Committee"
	},
	{
		"name":"Ren Rong",
		"year":"1977-1982",
		"title":"Member",
		"place1":"CPC",
		"place2":"Central Committee"
	},
	{
		"name":"Ren Rong",
		"year":"1973-1977",
		"title":"Alternate Member",
		"place1":"CPC",
		"place2":"Central Committee"
	},
	{
		"name":"Ren Runhou",
		"year":"2011-",
		"title":"Vice-Governor",
		"place1":"People's Government",
		"place2":"Shanxi Province"
	},
	{
		"name":"Ren Runhou",
		"year":"2001-2011",
		"title":"Chairman",
		"place1":"Lu'An Group",
		"place2":"Board of Directors"
	},
	{
		"name":"Ren Runhou",
		"year":"2000-2000",
		"title":"Deputy General Manager",
		"place1":"Lu'An Group"
	},
	{
		"name":"Ren Runhou",
		"year":"2000-2008",
		"title":"General Manager",
		"place1":"Lu'An Group"
	},
	{
		"name":"Ren Runhou",
		"year":"2000-2011",
		"title":"Deputy Secretary",
		"place1":"Lu'An Group",
		"place2":"CPC",
		"place3":"Leading Party Group"
	},
	{
		"name":"Ren Sizhong",
		"year":"1977-1982",
		"title":"Member",
		"place1":"CPC",
		"place2":"Central Committee"
	},
	{
		"name":"Ren Sizhong",
		"year":"1973-1977",
		"title":"Member",
		"place1":"CPC",
		"place2":"Central Committee"
	},
	{
		"name":"Ren Sizhong",
		"year":"1969-1973",
		"title":"Member",
		"place1":"CPC",
		"place2":"Central Committee"
	},
	{
		"name":"Ren Tie",
		"year":"1987-1992",
		"title":"Alternate Member",
		"place1":"CPC",
		"place2":"Central Committee"
	},
	{
		"name":"Ren Wenyan",
		"year":"1998-2003",
		"title":"Member",
		"place1":"CPPCC",
		"place2":"National Committee",
		"place3":"Standing Committee"
	},
	{
		"name":"Ren Wenyan",
		"year":"1998-",
		"title":"Vice-Chairman",
		"place1":"Provincial People's Congress",
		"place2":"Standing Committee",
		"place3":"Shanghai Municipality"
	},
	{
		"name":"Ren Wenyan",
		"year":"1997-",
		"title":"President",
		"place1":"Shanghai Federation of Industry and Commerce",
		"place2":"Shanghai Municipality"
	},
	{
		"name":"Ren Xianliang",
		"year":"2013-",
		"title":"Deputy Director",
		"place1":"Cyberspace Administration of China"
	},
	{
		"name":"Ren Xinmin",
		"year":"1980-",
		"title":"Academician",
		"place1":"Chinese Academy of Sciences"
	},
	{
		"name":"Ren Xinmin",
		"year":"",
		"title":"Senior Technical Advisor",
		"place1":"China Aviation Industry Corporation"
	},
	{
		"name":"Ren Xinmin",
		"year":"",
		"title":"Researcher",
		"place1":"China Aviation Industry Corporation"
	},
	{
		"name":"Ren Xinmin",
		"year":"",
		"title":"Graduate",
		"place1":"University of Michigan",
		"place2":"USA",
		"place3":"Michigan",
		"place4":"Dearborn"
	},
	{
		"name":"Ren Xinmin",
		"year":"1945",
		"title":"Graduate",
		"place1":"University of Michigan",
		"place2":"USA",
		"place3":"Michigan",
		"place4":"Dearborn"
	},
	{
		"name":"Ren Xuefeng",
		"year":"2012-2017",
		"title":"Alternate Member",
		"place1":"CPC",
		"place2":"Central Committee"
	},
	{
		"name":"Ren Xuefeng",
		"year":"",
		"title":"Vice-Mayor",
		"place1":"People's Government",
		"place2":"Tianjin Municipality"
	},
	{
		"name":"Ren Xuefeng",
		"year":"2007-",
		"title":"Chairman",
		"place1":"Hong Kong Jinlian Group Co. Ltd."
	},
	{
		"name":"Ren Xuefeng",
		"year":"2004-",
		"title":"Secretary",
		"place1":"Hong Kong Jinlian Group Co. Ltd.",
		"place2":"CPC",
		"place3":"Party Committee"
	},
	{
		"name":"Ren Xuefeng",
		"year":"2004-2007",
		"title":"Vice-Chairman",
		"place1":"Hong Kong Jinlian Group Co. Ltd."
	},
	{
		"name":"Ren Xuefeng",
		"year":"2002-2004",
		"title":"Deputy Director",
		"place1":"Municipal Administrative Committee",
		"place2":"Tianjin",
		"place3":"New Technology Industry District"
	},
	{
		"name":"Ren Xuefeng",
		"year":"1995-2002",
		"title":"General Manager",
		"place1":"New Technology Industry District Development Corporation",
		"place2":"Tianjin",
		"place3":"New Technology Industry District"
	},
	{
		"name":"Ren Xuefeng",
		"year":"1988-1995",
		"title":"Deputy General Manager",
		"place1":"New Technology Industry District Development Corporation",
		"place2":"Tianjin",
		"place3":"New Technology Industry District"
	},
	{
		"name":"Ren Xuefeng",
		"year":"1988-1995",
		"title":"Engineer",
		"place1":"Municipal Administrative Committee",
		"place2":"Tianjin",
		"place3":"New Technology Industry District"
	},
	{
		"name":"Ren Xuefeng",
		"year":"1985",
		"title":"Joined",
		"place1":"CPC"
	},
	{
		"name":"Ren Yaping",
		"year":"2011-",
		"title":"Chairman",
		"place1":"CPPCC",
		"place2":"Autonomous Regional Committee",
		"place3":"Inner Mongolia Autonomous Region"
	},
	{
		"name":"Ren Yaping",
		"year":"2009-",
		"title":"Deputy Secretary",
		"place1":"CPC",
		"place2":"Autonomous Regional Committee",
		"place3":"Inner Mongolia Autonomous Region"
	},
	{
		"name":"Ren Yaping",
		"year":"2007-2012",
		"title":"Alternate Member",
		"place1":"CPC",
		"place2":"Central Committee"
	},
	{
		"name":"Ren Yaping",
		"year":"2006-",
		"title":"Vice-Chairman",
		"place1":"Autonomous Region People's Government",
		"place2":"Inner Mongolia Autonomous Region"
	},
	{
		"name":"Ren Yaping",
		"year":"1998-2008",
		"title":"Member",
		"place1":"CPC",
		"place2":"Autonomous Regional Committee",
		"place3":"Standing Committee",
		"place4":"Inner Mongolia Autonomous Region"
	},
	{
		"name":"Ren Yaping",
		"year":"1997-1998",
		"title":"Secretary-General",
		"place1":"CPC",
		"place2":"Autonomous Regional Committee",
		"place3":"Inner Mongolia Autonomous Region"
	},
	{
		"name":"Ren Yaping",
		"year":"1995-1998",
		"title":"Student",
		"place1":"CPC",
		"place2":"Central Committee",
		"place3":"Central Party School"
	},
	{
		"name":"Ren Yaping",
		"year":"1995-1996",
		"title":"Student",
		"place1":"CPC",
		"place2":"Provincial Committee",
		"place3":"Party School",
		"place4":"Youth Cadre Training Class",
		"place5":"Beijing Municipality"
	},
	{
		"name":"Ren Yaping",
		"year":"1991-1994",
		"title":"Secretary",
		"place1":"CPC",
		"place2":"Autonomous City Committee",
		"place3":"Inner Mongolia Autonomous Region",
		"place4":"Linhe City"
	},
	{
		"name":"Ren Yaping",
		"year":"1987-1991",
		"title":"Deputy Secretary",
		"place1":"CPC",
		"place2":"Autonomous City Committee",
		"place3":"Inner Mongolia Autonomous Region",
		"place4":"Linhe City"
	},
	{
		"name":"Ren Yaping",
		"year":"1986-1987",
		"title":"Student",
		"place1":"CPC",
		"place2":"Central Committee",
		"place3":"Central Party School",
		"place4":"Beijing Municipality"
	},
	{
		"name":"Ren Yaping",
		"year":"1970",
		"title":"Joined",
		"place1":"CPC"
	},
	{
		"name":"Ren Yuling",
		"year":"1998-2003",
		"title":"Member",
		"place1":"CPPCC",
		"place2":"National Committee",
		"place3":"Standing Committee"
	},
	{
		"name":"Ren Yuling",
		"year":"1997-",
		"title":"Vice-Chairman",
		"place1":"China Democratic National Construction Association",
		"place2":"Autonomous Regional Committee",
		"place3":"Guangxi Zhuang Autonomous Region"
	},
	{
		"name":"Ren Yuling",
		"year":"1993-1998",
		"title":"Member",
		"place1":"CPPCC",
		"place2":"National Committee"
	},
	{
		"name":"Ren Zemin",
		"year":"2012-2017",
		"title":"Member",
		"place1":"CPC",
		"place2":"Central Committee",
		"place3":"Central Commission for Discipline Inspection"
	},
	{
		"name":"Ren Zhengfei",
		"year":"",
		"title":"President",
		"place1":"Huawai Technology Co.",
		"place2":" Ltd.",
		"place3":"Guangdong Province",
		"place4":"Shenzhen City"
	},
	{
		"name":"Ren Zhengfei",
		"year":"1987",
		"title":"Established",
		"place1":"Huawai Technology Co.",
		"place2":" Ltd.",
		"place3":"Guangdong Province",
		"place4":"Shenzhen City"
	},
	{
		"name":"Ren Zhengxiao",
		"year":"2001-",
		"title":"Member",
		"place1":"State Administration of Grain",
		"place2":"CPC",
		"place3":"Leading Party Group"
	},
	{
		"name":"Ren Zhengxiao",
		"year":"2001-",
		"title":"Deputy Director",
		"place1":"State Administration of Grain"
	},
	{
		"name":"Ren Zhengxiao",
		"year":"",
		"title":"Director",
		"place1":"China Grain Research and Training Center"
	},
	{
		"name":"Ren Zhengxiao",
		"year":"",
		"title":"Secretary",
		"place1":"Provincial Grain Administration",
		"place2":"CPC",
		"place3":"Leading Party Group",
		"place4":"Hunan Province"
	},
	{
		"name":"Ren Zhengxiao",
		"year":"",
		"title":"Deputy Secretary",
		"place1":"Provincial Grain Administration",
		"place2":"CPC",
		"place3":"Leading Party Group",
		"place4":"Hunan Province"
	},
	{
		"name":"Ren Zhengxiao",
		"year":"",
		"title":"Director",
		"place1":"Provincial Grain Administration",
		"place2":"Hunan Province"
	},
	{
		"name":"Ren Zhengxiao",
		"year":"",
		"title":"Deputy Director",
		"place1":"Provincial Grain Administration",
		"place2":"Hunan Province"
	},
	{
		"name":"Ren Zhengxiao",
		"year":"",
		"title":"Deputy Magistrate",
		"place1":"County (District) People's Court",
		"place2":"Hunan Province",
		"place3":"Hengnan County"
	},
	{
		"name":"Ren Zhengxiao",
		"year":"",
		"title":"Deputy Division Head",
		"place1":"Provincial Grain Administration",
		"place2":"General Office",
		"place3":"Hunan Province"
	},
	{
		"name":"Ren Zhengxiao",
		"year":"",
		"title":"Deputy Manager",
		"place1":"Hunan Provincial Grain and Edible Oil Corporation",
		"place2":"Hunan Province"
	},
	{
		"name":"Ren Zhibin",
		"year":"1977-1982",
		"title":"Alternate Member",
		"place1":"CPC",
		"place2":"Central Committee"
	},
	{
		"name":"Ren Zhongyi",
		"year":"1982-1987",
		"title":"Member",
		"place1":"CPC",
		"place2":"Central Committee"
	},
	{
		"name":"Ren Zhongyi",
		"year":"1977-1982",
		"title":"Member",
		"place1":"CPC",
		"place2":"Central Committee"
	},
	{
		"name":"Renzeng Wangjie",
		"year":"1977-1982",
		"title":"Alternate Member",
		"place1":"CPC",
		"place2":"Central Committee"
	},
	{
		"name":"Rexiati Yinatula",
		"year":"",
		"title":"Director",
		"place1":"Autonomous City People's Congress",
		"place2":"Standing Committee",
		"place3":"Xinjiang Uygur Autonomous Region",
		"place4":"Urumqi City"
	},
	{
		"name":"Rexiati Yinatula",
		"year":"1995-????",
		"title":"Vice-Director",
		"place1":"CPC",
		"place2":"Autonomous City Committee",
		"place3":"Xinjiang Uygur Autonomous Region",
		"place4":"Urumqi City"
	},
	{
		"name":"Rexiati Yinatula",
		"year":"1993-????",
		"title":"Vice-President",
		"place1":"Urumqi Adult Education College",
		"place2":"Xinjiang Uygur Autonomous Region",
		"place3":"Urumqi City"
	},
	{
		"name":"Rexiati Yinatula",
		"year":"1993-????",
		"title":"Secretary",
		"place1":"Urumqi Adult Education College",
		"place2":"CPC",
		"place3":"Party Committee",
		"place4":"Xinjiang Uygur Autonomous Region",
		"place5":"Urumqi City"
	},
	{
		"name":"Rexiati Yinatula",
		"year":"1989-????",
		"title":"Secretary",
		"place1":"Municipal Education Committee",
		"place2":"CPC",
		"place3":"Party Committee",
		"place4":"Xinjiang Uygur Autonomous Region",
		"place5":"Urumqi City"
	},
	{
		"name":"Rexiati Yinatula",
		"year":"1989-????",
		"title":"Deputy Head",
		"place1":"Municipal Education Committee",
		"place2":"Xinjiang Uygur Autonomous Region",
		"place3":"Urumqi City"
	},
	{
		"name":"Rexiati Yinatula",
		"year":"1986-????",
		"title":"Deputy Head",
		"place1":"CPC",
		"place2":"Autonomous Prefectural Committee",
		"place3":"Agricultural and Workers' Department",
		"place4":"Inner Mongolia Autonomous Region",
		"place5":"Bayinguoleng Prefecture"
	},
	{
		"name":"Rexiati Yinatula",
		"year":"1983-1985",
		"title":"Student",
		"place1":"CPC",
		"place2":"Central Committee",
		"place3":"Central Party School"
	},
	{
		"name":"Rexiati Yinatula",
		"year":"1982",
		"title":"Joined",
		"place1":"CPC"
	},
	{
		"name":"Rexiati Yinatula",
		"year":"",
		"title":"Dean",
		"place1":"Bayinguoleng Agricultural School",
		"place2":"Inner Mongolia Autonomous Region",
		"place3":"Bayinguoleng Prefecture"
	},
	{
		"name":"Rexiati Yinatula",
		"year":"1973-????",
		"title":"Teacher",
		"place1":"Bayinguoleng Agricultural School",
		"place2":"Inner Mongolia Autonomous Region",
		"place3":"Bayinguoleng Prefecture"
	},
	{
		"name":"Rexiati Yinatula",
		"year":"1963-????",
		"title":"Worker",
		"place1":"Bayinguoleng Agricultural Science Institute",
		"place2":"Inner Mongolia Autonomous Region",
		"place3":"Bayinguoleng Prefecture"
	},
	{
		"name":"Rexiati Yinatula",
		"year":"1959",
		"title":"Graduate",
		"place1":"Bayi Agricultural College",
		"place2":"Inner Mongolia Autonomous Region"
	},
	{
		"name":"Rizi Tuerdi",
		"year":"1973-1977",
		"title":"Alternate Member",
		"place1":"CPC",
		"place2":"Central Committee"
	},
	{
		"name":"Rong Shixing",
		"year":"2003-",
		"title":"Member",
		"place1":"CPPCC",
		"place2":"National Committee"
	},
	{
		"name":"Rong Shixing",
		"year":"2000-",
		"title":"President",
		"place1":"Central University for Nationalities",
		"place2":"Beijing Municipality"
	},
	{
		"name":"Rong Shixing",
		"year":"1996-1999",
		"title":"President",
		"place1":"Guangxi University for Nationalities",
		"place2":"Guangxi Zhuang Autonomous Region"
	},
	{
		"name":"Rong Shixing",
		"year":"",
		"title":"Graduate",
		"place1":"Guangxi University for Nationalities",
		"place2":"Guangxi Zhuang Autonomous Region"
	},
	{
		"name":"Rong Yiren",
		"year":"1988-1993",
		"title":"Vice-Chairman",
		"place1":"Standing Committee of the NPC"
	},
	{
		"name":"Rong Yiren",
		"year":"1983-1988",
		"title":"Vice-Chairman",
		"place1":"Standing Committee of the NPC"
	},
	{
		"name":"Rong Yiren",
		"year":"1978-1983",
		"title":"Vice-Chairman",
		"place1":"CPPCC",
		"place2":"National Committee"
	},
	{
		"name":"Rouzi Tuerdi",
		"year":"1977-1982",
		"title":"Alternate Member",
		"place1":"CPC",
		"place2":"Central Committee"
	},
	{
		"name":"Rouzi Tuerdi",
		"year":"1969-1973",
		"title":"Alternate Member",
		"place1":"CPC",
		"place2":"Central Committee"
	},
	{
		"name":"Ru Xin",
		"year":"1992-1997",
		"title":"Alternate Member",
		"place1":"CPC",
		"place2":"Central Committee"
	},
	{
		"name":"Ruan Bosheng",
		"year":"1977-1982",
		"title":"Member",
		"place1":"CPC",
		"place2":"Central Committee"
	},
	{
		"name":"Ruan Bosheng",
		"year":"1973-1977",
		"title":"Alternate Member",
		"place1":"CPC",
		"place2":"Central Committee"
	},
	{
		"name":"Ruan Bosheng",
		"year":"1969-1973",
		"title":"Alternate Member",
		"place1":"CPC",
		"place2":"Central Committee"
	},
	{
		"name":"Ruan Chengfa",
		"year":"2017-",
		"title":"Governor",
		"place1":"People's Government",
		"place2":"Yunnan Province"
	},
	{
		"name":"Ruan Chengfa",
		"year":"2016-2017",
		"title":"Acting Governor",
		"place1":"People's Government",
		"place2":"Yunnan Province"
	},
	{
		"name":"Ruan Chengfa",
		"year":"2012-2017",
		"title":"Alternate Member",
		"place1":"CPC",
		"place2":"Central Committee"
	},
	{
		"name":"Ruan Chengfa",
		"year":"2008-2016",
		"title":"Mayor",
		"place1":"People's Government",
		"place2":"Hubei Province",
		"place3":"Wuhan City"
	},
	{
		"name":"Ruan Chengfa",
		"year":"2004-2008",
		"title":"Vice-Governor",
		"place1":"People's Government",
		"place2":"Hubei Province"
	},
	{
		"name":"Ruan Chengfa",
		"year":"1998-2004",
		"title":"Mayor",
		"place1":"People's Government",
		"place2":"Hubei Province",
		"place3":"Huangshi City"
	},
	{
		"name":"Ruan Chengfa",
		"year":"1998-2004",
		"title":"Deputy Secretary",
		"place1":"CPC",
		"place2":"City Committee",
		"place3":"Hubei Province",
		"place4":"Huangshi City"
	},
	{
		"name":"Ruan Chengfa",
		"year":"1997-1998",
		"title":"Secretary",
		"place1":"CPC",
		"place2":"City Committee",
		"place3":"Hubei Province",
		"place4":"Wuhan City"
	},
	{
		"name":"Ruan Chengfa",
		"year":"1995-1997",
		"title":"Secretary",
		"place1":"CPC",
		"place2":"Prefectural Committee",
		"place3":"Hubei Province",
		"place4":"Wuchang District"
	},
	{
		"name":"Ruan Chengfa",
		"year":"1993-1995",
		"title":"Deputy Secretary-General",
		"place1":"People's Government",
		"place2":"General Office",
		"place3":"Hubei Province",
		"place4":"Wuhan City"
	},
	{
		"name":"Ruan Chengfa",
		"year":"1992-1993",
		"title":"Deputy Director",
		"place1":"People's Government",
		"place2":"General Office",
		"place3":"Hubei Province",
		"place4":"Wuhan City"
	},
	{
		"name":"Ruan Chengfa",
		"year":"1989-1992",
		"title":"Graduate Student",
		"place1":"Wuhan University",
		"place2":"Hubei Province",
		"place3":"Wuhan City"
	},
	{
		"name":"Ruan Chengfa",
		"year":"1982",
		"title":"Joined",
		"place1":"CPC"
	},
	{
		"name":"Ruan Chongwu",
		"year":"1998-2003",
		"title":"Member",
		"place1":"Standing Committee of the NPC"
	},
	{
		"name":"Ruan Chongwu",
		"year":"1997-2002",
		"title":"Delegate",
		"place1":"CPC",
		"place2":"National Congress"
	},
	{
		"name":"Ruan Chongwu",
		"year":"1993-1998",
		"title":"Governor",
		"place1":"People's Government",
		"place2":"Hainan Province"
	},
	{
		"name":"Ruan Chongwu",
		"year":"1992-1997",
		"title":"Member",
		"place1":"CPC",
		"place2":"Central Committee"
	},
	{
		"name":"Ruan Chongwu",
		"year":"1989-1993",
		"title":"Minister",
		"place1":"Ministry of Labor"
	},
	{
		"name":"Ruan Chongwu",
		"year":"1987-1992",
		"title":"Member",
		"place1":"CPC",
		"place2":"Central Committee"
	},
	{
		"name":"Ruan Chongwu",
		"year":"1987-1989",
		"title":"Vice-Minister",
		"place1":"State Science and Technology Commission"
	},
	{
		"name":"Ruan Chongwu",
		"year":"1985-1987",
		"title":"Minister",
		"place1":"Ministry of Public Security"
	},
	{
		"name":"Ruan Chongwu",
		"year":"1983-1985",
		"title":"Vice-Mayor",
		"place1":"People's Government",
		"place2":"Shanghai Municipality"
	},
	{
		"name":"Ruan Chongwu",
		"year":"1982-1987",
		"title":"Member",
		"place1":"CPC",
		"place2":"Central Committee"
	},
	{
		"name":"Ruan Chongwu",
		"year":"1952",
		"title":"Joined",
		"place1":"CPC"
	},
	{
		"name":"Ruan Keqiang",
		"year":"1995-",
		"title":"Academician",
		"place1":"Chinese Academy of Engineering"
	},
	{
		"name":"Ruan Keqiang",
		"year":"1995-",
		"title":"Academician",
		"place1":"Chinese Academy of Sciences"
	},
	{
		"name":"Ruan Keqiang",
		"year":"",
		"title":"Researcher",
		"place1":"China National Nuclear Industry Corporation",
		"place2":"China Nuclear Energy Science Research Institute"
	},
	{
		"name":"Ruan Keqiang",
		"year":"1950-1951",
		"title":"Student",
		"place1":"Tsinghua University",
		"place2":"Beijing Municipality"
	},
	{
		"name":"Ruan Xueyu",
		"year":"",
		"title":"Academician",
		"place1":"Chinese Academy of Engineering"
	},
	{
		"name":"Ruan Xueyu",
		"year":"1953",
		"title":"Graduate",
		"place1":"Jiaotong University",
		"place2":"Mechanics Department",
		"place3":"Shanghai Municipality"
	},
	{
		"name":"Rui Xinwen",
		"year":"1987-1992",
		"title":"Member",
		"place1":"CPC",
		"place2":"Central Committee"
	}
]