[
	{
		"name":"Ulagan ",
		"year":"2009-",
		"title":"Director",
		"place1":"CPC",
		"place2":"Autonomous Regional Committee",
		"place3":"Propaganda Department",
		"place4":"Inner Mongolia Autonomous Region"
	},
	{
		"name":"Ulagan ",
		"year":"2009-",
		"title":"Member",
		"place1":"CPC",
		"place2":"Autonomous Regional Committee",
		"place3":"Standing Committee",
		"place4":"Inner Mongolia Autonomous Region"
	},
	{
		"name":"Ulagan ",
		"year":"2007-2012",
		"title":"Alternate Member",
		"place1":"CPC",
		"place2":"Central Committee"
	},
	{
		"name":"Ulagan ",
		"year":"2003-2009",
		"title":"Vice-Chairman",
		"place1":"Autonomous Region People's Government",
		"place2":"Inner Mongolia Autonomous Region"
	},
	{
		"name":"Ulagan ",
		"year":"2003-2003",
		"title":"Deputy Secretary",
		"place1":"CPC",
		"place2":"Autonomous County Committee",
		"place3":"Inner Mongolia Autonomous Region",
		"place4":"Bayannaoer County"
	},
	{
		"name":"Ulagan ",
		"year":"2001-2003",
		"title":"Deputy Secretary",
		"place1":"CPC",
		"place2":"Autonomous City Committee",
		"place3":"Inner Mongolia Autonomous Region",
		"place4":"Ordos City"
	},
	{
		"name":"Ulagan ",
		"year":"2000-2003",
		"title":"Student",
		"place1":"CPC",
		"place2":"Central Committee",
		"place3":"Central Party School",
		"place4":"Postgraduate Department"
	},
	{
		"name":"Ulagan ",
		"year":"2000-2001",
		"title":"Student",
		"place1":"CPC",
		"place2":"Central Committee",
		"place3":"Central Party School",
		"place4":"Cadre Training Class"
	},
	{
		"name":"Ulagan ",
		"year":"1996-2000",
		"title":"Chairman",
		"place1":"Inner Mongolia Youth Federation",
		"place2":"Inner Mongolia Autonomous Region"
	},
	{
		"name":"Ulagan ",
		"year":"1996-2000",
		"title":"Secretary",
		"place1":"CYLC",
		"place2":"Provincial-Level",
		"place3":"Inner Mongolia Autonomous Region"
	},
	{
		"name":"Ulagan ",
		"year":"1996-1998",
		"title":"Student",
		"place1":"Chinese Academy of Social Sciences",
		"place2":"Graduate School",
		"place3":"Economics Department"
	},
	{
		"name":"Ulagan ",
		"year":"1995-1997",
		"title":"Student",
		"place1":"CPC",
		"place2":"Central Committee",
		"place3":"Central Party School"
	},
	{
		"name":"Ulagan ",
		"year":"1991-1991",
		"title":"Deputy Secretary",
		"place1":"CPC",
		"place2":"Autonomous County Committee",
		"place3":"Inner Mongolia Autonomous Region",
		"place4":"Chayou Zhongqi County"
	},
	{
		"name":"Ulagan ",
		"year":"1990-1991",
		"title":"Student",
		"place1":"CPC",
		"place2":"Central Committee",
		"place3":"Central Party School",
		"place4":"Cadre Training Class"
	},
	{
		"name":"Ulagan ",
		"year":"1988-1996",
		"title":"Deputy Secretary",
		"place1":"CYLC",
		"place2":"Provincial-Level",
		"place3":"Inner Mongolia Autonomous Region"
	},
	{
		"name":"Ulagan ",
		"year":"1987-1996",
		"title":"Member",
		"place1":"CYLC",
		"place2":"Provincial-Level",
		"place3":"Inner Mongolia Autonomous Region"
	},
	{
		"name":"Ulagan ",
		"year":"1986-1988",
		"title":"Deputy Secretary",
		"place1":"CYLC",
		"place2":"City-Level",
		"place3":"Inner Mongolia Autonomous Region",
		"place4":"Baotou City"
	},
	{
		"name":"Ulagan ",
		"year":"1983-1986",
		"title":"Deputy Director",
		"place1":"CYLC",
		"place2":"City-Level",
		"place3":"General Office",
		"place4":"Inner Mongolia Autonomous Region",
		"place5":"Baotou City"
	},
	{
		"name":"Ulagan ",
		"year":"1983-1986",
		"title":"Deputy Director",
		"place1":"CYLC",
		"place2":"City-Level",
		"place3":"Organization Department",
		"place4":"Inner Mongolia Autonomous Region",
		"place5":"Baotou City"
	},
	{
		"name":"Ulagan ",
		"year":"1978-1980",
		"title":"Cadre",
		"place1":"CYLC",
		"place2":"City-Level",
		"place3":"General Office",
		"place4":"Inner Mongolia Autonomous Region",
		"place5":"Baotou City"
	},
	{
		"name":"Ulanhu ",
		"year":"1988-1993",
		"title":"Vice-Chairman",
		"place1":"Standing Committee of the NPC"
	},
	{
		"name":"Ulanhu ",
		"year":"1978-1983",
		"title":"Vice-Chairman",
		"place1":"Standing Committee of the NPC"
	},
	{
		"name":"Ulanhu ",
		"year":"1975-1978",
		"title":"Vice-Chairman",
		"place1":"Standing Committee of the NPC"
	},
	{
		"name":"Uyunqimg ",
		"year":"2008-2013",
		"title":"Vice-Chairman",
		"place1":"Standing Committee of the NPC"
	},
	{
		"name":"Uyunqimg ",
		"year":"2007-2012",
		"title":"Member",
		"place1":"CPC",
		"place2":"Central Committee"
	},
	{
		"name":"Uyunqimg ",
		"year":"2003-2008",
		"title":"Vice-Chairman",
		"place1":"Standing Committee of the NPC"
	},
	{
		"name":"Uyunqimg ",
		"year":"2002-2007",
		"title":"Member",
		"place1":"CPC",
		"place2":"Central Committee"
	},
	{
		"name":"Uyunqimg ",
		"year":"2001-",
		"title":"Chairman",
		"place1":"Autonomous Region People's Government",
		"place2":"Inner Mongolia Autonomous Region"
	},
	{
		"name":"Uyunqimg ",
		"year":"2000-2001",
		"title":"Vice-Chairman",
		"place1":"Autonomous Region People's Government",
		"place2":"Inner Mongolia Autonomous Region"
	},
	{
		"name":"Uyunqimg ",
		"year":"1997-2002",
		"title":"Alternate Member",
		"place1":"CPC",
		"place2":"Central Committee"
	},
	{
		"name":"Uyunqimg ",
		"year":"1994-",
		"title":"Deputy Secretary",
		"place1":"CPC",
		"place2":"Autonomous Regional Committee",
		"place3":"Inner Mongolia Autonomous Region"
	},
	{
		"name":"Uyunqimg ",
		"year":"1993-????",
		"title":"Deputy Director",
		"place1":"Committee for Comprehensive Management of Public Security",
		"place2":"Inner Mongolia Autonomous Region"
	},
	{
		"name":"Uyunqimg ",
		"year":"1992-1997",
		"title":"Alternate Member",
		"place1":"CPC",
		"place2":"Central Committee"
	},
	{
		"name":"Uyunqimg ",
		"year":"1989-1994",
		"title":"Member",
		"place1":"CPC",
		"place2":"Autonomous Regional Committee",
		"place3":"Standing Committee",
		"place4":"Inner Mongolia Autonomous Region"
	},
	{
		"name":"Uyunqimg ",
		"year":"1988-1994",
		"title":"Head",
		"place1":"CPC",
		"place2":"Autonomous Regional Committee",
		"place3":"Publicity Department",
		"place4":"Inner Mongolia Autonomous Region"
	},
	{
		"name":"Uyunqimg ",
		"year":"1987-1992",
		"title":"Delegate",
		"place1":"CPC",
		"place2":"National Congress"
	},
	{
		"name":"Uyunqimg ",
		"year":"1984-1988",
		"title":"Director",
		"place1":"Women's Union of Inner Mongolia"
	},
	{
		"name":"Uyunqimg ",
		"year":"1983-1984",
		"title":"Member",
		"place1":"CPC",
		"place2":"Autonomous City Committee",
		"place3":"Standing Committee",
		"place4":"Inner Mongolia Autonomous Region",
		"place5":"Baotou City"
	},
	{
		"name":"Uyunqimg ",
		"year":"1983-1984",
		"title":"Director",
		"place1":"CPC",
		"place2":"Autonomous City Committee",
		"place3":"Organization Department",
		"place4":"Inner Mongolia Autonomous Region",
		"place5":"Baotou City"
	},
	{
		"name":"Uyunqimg ",
		"year":"1980-1983",
		"title":"Deputy Director",
		"place1":"CPC",
		"place2":"Autonomous City Committee",
		"place3":"Organization Department",
		"place4":"Inner Mongolia Autonomous Region",
		"place5":"Baotou City"
	},
	{
		"name":"Uyunqimg ",
		"year":"1980-1983",
		"title":"Secretary",
		"place1":"CPC",
		"place2":"Autonomous City Committee",
		"place3":"Organization Department",
		"place4":"Inner Mongolia Autonomous Region",
		"place5":"Baotou City"
	},
	{
		"name":"Uyunqimg ",
		"year":"1979-1980",
		"title":"Secretary",
		"place1":"Economic Committee",
		"place2":"Inner Mongolia Autonomous Region",
		"place3":"Baotou City"
	},
	{
		"name":"Uyunqimg ",
		"year":"1968-1979",
		"title":"Editor",
		"place1":"Baotou Daily",
		"place2":"Inner Mongolia Autonomous Region",
		"place3":"Baotou City"
	},
	{
		"name":"Uyunqimg ",
		"year":"1966",
		"title":"Joined",
		"place1":"CPC"
	},
	{
		"name":"Uyunqimg ",
		"year":"1964-1968",
		"title":"Teacher",
		"place1":"CPC",
		"place2":"Autonomous City Committee",
		"place3":"Party School",
		"place4":"Inner Mongolia Autonomous Region",
		"place5":"Baotou City"
	},
	{
		"name":"Uyunqimg ",
		"year":"1960-1964",
		"title":"Student",
		"place1":"CPC",
		"place2":"Autonomous Regional Committee",
		"place3":"Party School",
		"place4":"Inner Mongolia Autonomous Region"
	},
	{
		"name":"Uyunqimg ",
		"year":"1960",
		"title":"Graduate",
		"place1":"Inner Mongolia University of Science and Technology",
		"place2":"Inner Mongolia Autonomous Region"
	}
]