Name,Offcd,Degree,School,Major,Edu_S,Edu_E
官员姓名,官员代码,学历/学位,毕业学校,专业,教育起始时间,教育终止时间
安平生,0000000031,学习,延安中国人民抗日军政大学,,,
安启元,0000000034,本科,西北大学,地质,,
巴特尔,0000000047,大专,内蒙古自治区海拉尔蒙古族师范学校,蒙文,1978.11,1980.08
巴特尔,0000000047,培训,内蒙古自治区委党校,,1982.02,1983.07
巴特尔,0000000047,培训,中央党校,,1988.02,1988.07
巴特尔,0000000047,研究生,复旦大学,政治经济学,1995.09,1998.07
巴特尔,0000000047,研究生,中央党校,政治学,2006.09,2009.07
巴音朝鲁,0000000049,学习,内蒙古师范大学,政治理论,1980.11,1982.11
巴音朝鲁,0000000049,研究生,吉林大学,国民经济计划与管理,1994.03,1997.03
巴音朝鲁,0000000049,进修,中央党校,,1995.09,1995.11
白栋材,0000000051,学习,中共中央党校,,1936.00,1938.00
白恩培,0000000052,本科,西北工业大学,航海设备与自动控制,1965.08,1970.08
白恩培,0000000052,培训,中央党校,,1987.09,1988.07
白克明,0000000059,本科,哈尔滨军事工程学院,导弹工程,1962.00,1968.00
白立忱,0000000060,本科,沈阳农学院,农业机械化,1960.00,1964.00
白玛赤林,0000000063,本科,西藏民族学院,,1965.09,1969.12
白玛赤林,0000000063,培训,中央党校,,1989.09,1991.07
白玛赤林,0000000063,培训,中央党校,,2000.03,2001.01
白玛赤林,0000000063,研究生,中央党校,党的学说与党的建设,2000.03,2002.01
白如冰,0000000066,高中,,,,
薄熙来,0000000095,本科,北京大学,世界史,1978.02,1979.09
薄熙来,0000000095,研究生,中国社会科学院,国际新闻,1979.09,1982.08
布赫,0000000121,学习,延安陕北公学,,1939.00,
布赫,0000000121,学习,延安民族学院,,,
布赫,0000000121,本科,延安大学,,,1946.00
曹伯纯,0000000158,大专,株洲航空工业学校,,1958.09,1960.08
曹伯纯,0000000158,大专,株洲航空工业专科学校,工具制造,1960.08,1963.12
曹伯纯,0000000158,培训,湖南省委党校,,1981.03,1981.07
曹伯纯,0000000158,进修,北京航空学院,,1982.03,1982.07
曹伯纯,0000000158,培训,中央党校,,1986.09,1987.07
曹荻秋,0000000161,本科,成都师范大学,,,1930.00
曾绍山,0000000209,,,,,
曾思玉,0000000212,学习,瑞金红军学校,,1932.00,
曾希圣,0000000217,学习,湖南省立第三师范学校,,1920.00,
曾希圣,0000000217,学习,黄埔军校,,1924.00,
陈邦柱,0000000254,本科,重庆大学,,,1954.00
陈德铭,0000000291,研究生,南京大学,数量经济学,1993.06,1996.08
陈德铭,0000000291,研究生,南京大学,企业管理,1996.03,1999.12
陈光毅,0000000329,大专,东北工学院,机电,1950.00,1953.00
陈豪,0000000348,本科,上海市静安区业余大学,汉语言文学,1980.02,1984.01
陈豪,0000000348,进修,华东师范大学,世界经济,1989.05,1991.06
陈豪,0000000348,研究生,中欧国际工商学院,工商管理,2001.03,2003.01
陈豪,0000000348,进修,中央党校,,2006.03,2006.07
陈豪,0000000348,研究生,国防大学,,2014.05,2014.07
陈焕友,0000000364,本科,中国人民大学,工业经济,1952.09,1955.00
陈辉光,0000000366,学习,中央党校,,1982.09,1983.07
陈建国,0000000387,本科,山东大学,经济,,1982.00
陈雷,0000000429,,,,,
陈良宇,0000000434,本科,解放军后勤工程学院,结构,1963.08,1968.08
陈良宇,0000000434,进修,同济大学,工程结构,1979.02,1980.01
陈良宇,0000000434,培训,市机电一局党校,,1982.09,1983.04
陈良宇,0000000434,学习,英国伯明翰大学,公共政策,1992.01,1992.09
陈敏尔,0000000444,大专,绍兴师范专科学校,中文,1978.10,1981.08
陈敏尔,0000000444,学习,浙江省委党校,,1982.09,1983.05
陈敏尔,0000000444,培训,中央党校,,1995.09,1996.07
陈敏尔,0000000444,研究生,中央党校,法学,1995.09,1998.07
陈明义,0000000451,研究生,上海交通大学,船舶流体力学,,1966.00
陈丕显,0000000458,,,,,
陈璞如,0000000463,,,,,
陈求发,0000000478,本科,国防科技大学,雷达对抗,1975.09,1978.10
陈求发,0000000478,进修,中央党校,,2002.03,2002.05
陈全国,0000000480,本科,郑州大学,政治经济学,1978.03,1981.12
陈全国,0000000480,研究生,武汉理工大学,经济学,1995.03,1997.07
陈伟达,0000000531,本科,上海暨南大学,物理,1933.00,1937.00
陈武,0000000540,学习,广西大学,哲学,1978.01,1982.01
陈武,0000000540,进修,联邦德国,宏观经济管理,1990.09,1991.12
陈武,0000000540,研究生,中央党校,法学,1997.09,2000.07
陈希同,0000000542,本科,北京大学,,1948.00,
陈锡联,0000000544,,,,,
陈毅,0000000581,学习,成都甲种工业学校（现成都工业学院）,,1916.00,
陈政高,0000000612,大专,大连海运学院,海洋船舶驾驶,1972.02,1975.01
成克杰,0000000639,本科,北方交通大学,运动工程,1952.00,1957.00
成克杰,0000000639,预备,北京俄文专修学校,,1953.00,1954.00
成克杰,0000000639,培训,中央党校,,1989.09,1989.11
成克杰,0000000639,培训,中央党校,,1994.02,1994.05
程安东,0000000642,大专,辽宁省阜新煤矿学校,,,1955.09
程安东,0000000642,本科,合肥工业大学,采矿,,1962.07
程世清,0000000670,学习,中央党校,,1943.11,
程维高,0000000673,大专,中央党校,,1981.00,1982.00
程子华,0000000689,学习,黄埔军校武汉分校,,1926.12,
程子华,0000000689,学习,太原国民师范,,1922.00,
程子华,0000000689,学习,中央党校,,1975.00,
程子华,0000000689,学习,中等师范学校,,,1925.00
程子华,0000000689,学习,中华全国合作社联合总社干部学校（现北京工商大学最早前身之一）,,1950.11,1952.10
池必卿,0000000690,高中,太原市友仁中学,,1935.08,
池必卿,0000000690,学习,晋冀豫边区党校,,1938.10,
储波,0000000702,本科,天津大学,河川枢纽及水电站建筑,1962.09,1967.09
储波,0000000702,培训,中央党校,,1994.03,1994.05
戴苏理,0000000771,,,,,
戴相龙,0000000774,本科,中央财政金融学院,会计,1967.00,
邓鸿勋,0000000802,本科,江南大学,工业管理,1949.00,1953.00
杜家毫,0000000933,培训,上海市委党校,,1982.09,1983.01
杜家毫,0000000933,本科,华东师范大学,中文,1983.09,1988.06
杜家毫,0000000933,培训,中央党校,,1995.09,1996.07
杜家毫,0000000933,研究生,中央党校,世界经济,1995.09,1998.07
杜家毫,0000000933,研究生,中欧国际工商学院,工商管理,2005.03,2007.05
杜青林,0000000941,培训,吉林省吉林市委党校,,1964.00,1966.00
杜青林,0000000941,函授,东北师范大学,政治教育,1981.00,1984.00
杜青林,0000000941,进修,中央党校,,1990.03,1990.05
杜青林,0000000941,本科,吉林大学,法律,1989.00,1992.00
杜青林,0000000941,研究生,吉林大学,国民经济计划与管理,1994.00,1996.00
杜青林,0000000941,进修,中央党校,,2000.09,2000.11
段君毅,0000000968,学习,北平中国大学,,1932.00,
段君毅,0000000968,学习,中共中央党校,,1937.12,
冯纪新,0000001083,,,,,
高德占,0000001171,本科,大连工学院,化工,,
高峰,0000001173,,,,,
高严,0000001220,大专,长春电力学校,热力系统自动化,1959.08,
高严,0000001220,函授,吉林大学,法律,1989.00,1992.00
高严,0000001220,研究生,吉林大学,世界经济,1993.00,1995.00
高扬,0000001221,预科,东北大学,法学,1928.00,
高扬,0000001221,学习,东北大学,经济管理,1934.00,1936.08
葛洪升,0000001249,,,,,
顾金池,0000001297,,,,,
郭峰,0000001331,,长春私立自强中学,,1928.00,
郭峰,0000001331,,吉林省立第一师范,,1931.02,
郭峰,0000001331,,吉林省立第一中学,,1932.00,
郭庚茂,0000001335,专修,北京大学,政治学,1982.09,1984.09
郭庚茂,0000001335,培训,中央党校,,1995.09,1996.07
郭庚茂,0000001335,研究生,中央党校,政治经济学,1995.09,1998.07
郭金龙,0000001353,本科,南京大学,声学,1964.00,1969.00
郭树清,0000001377,本科,南开大学,哲学,1978.03,1982.02
郭树清,0000001377,研究生,中国社会科学院,马列系科学社会主义,1982.02,1985.02
郭树清,0000001377,博士,中国社会科学院,马列系科学社会主义,1985.02,1988.07
郭树清,0000001377,访问,英国牛津大学,,1986.07,1987.08
郭树言,0000001379,本科,南开大学,物理,1952.09,1953.07
郭树言,0000001379,学习,北京俄文专修学校,,1953.07,1954.08
郭树言,0000001379,本科,苏联乌拉尔工学院（现为乌拉尔联邦大学）,黑色金属铸造,1954.08,1959.10
郭树言,0000001379,进修,中央党校,,1998.03,1998.05
郭振乾,0000001414,本科,中国人民大学,贸易,,1954.00
韩光,0000001429,学习,哈尔滨学院,,1930.00,
韩光,0000001429,学习,苏联莫斯科东方劳动者共产主义大学,,1935.00,
韩培信,0000001438,,,,,
韩先楚,0000001447,,延安抗日军政大学,,1937.00,
韩先楚,0000001447,,军政学院、军事学院,,1941.03,
韩寓群,0000001460,本科,南京化工学院,基本有机合成,1962.09,1967.09
韩长赋,0000001463,学习,黑龙江省呼兰师范学校,,1975.10,1976.07
韩长赋,0000001463,大专,中国人民大学,中文,1980.12,1985.12
韩长赋,0000001463,本科,中国人民大学,中文,1980.12,1985.12
韩长赋,0000001463,研究生,中国政法大学,经济法,1990.03,1993.03
韩长赋,0000001463,进修,中央党校,,1992.09,1993.01
韩长赋,0000001463,培训,中央党校,,1997.09,1998.07
韩长赋,0000001463,博士,清华大学,法学,2002.09,2007.01
韩正,0000001464,大专,复旦大学,,1983.00,1985.00
韩正,0000001464,学习,华东师范大学,政教,1985.00,1987.00
韩正,0000001464,研究生,华东师范大学,国际关系与世界经济,1991.00,1994.00
郝鹏,0000001480,本科,西北工业大学,飞行器制造工程,1978.10,1982.07
郝鹏,0000001480,研究生,西北工业大学,航空系统工程,1997.09,2000.12
何竹康,0000001558,学习,苏中江海公学,,1947.00,
何竹康,0000001558,学习,中国人民大学,,1951.00,
何竹康,0000001558,学习,北京俄文专修学校,,1952.00,
何竹康,0000001558,学习,苏联国立莫斯科经济学院,国民经济计划,1953.00,
贺国强,0000001567,本科,北京化工学院,无机物工学,1961.00,1966.00
洪虎,0000001577,本科,北京工业学院（现北京理工大学）,液体火箭推进剂,1958.09,1963.09
侯宗宾,0000001613,学习,中共中央第五中级党校,,1956.00,1957.00
侯宗宾,0000001613,学习,解放军政治学院,,1963.00,1964.00
胡春华,0000001626,本科,北京大学,中文,1979.09,1983.08
胡春华,0000001626,培训,中央党校,,1996.09,1997.12
胡春华,0000001626,研究生,中央党校,世界经济,1996.09,1999.07
胡春华,0000001626,进修,中央党校,,2000.09,2000.11
胡富国,0000001631,大专,山西省潞安矿务局煤矿学校,采煤,1958.08,1960.10
胡富国,0000001631,学习,辽宁煤矿师范学院,,1960.10,1961.09
胡富国,0000001631,本科,辽宁阜新矿业学院,煤层地下开采,1961.09,1964.09
胡锦涛,0000001650,本科,清华大学,河川枢纽电站,1959.00,1964.00
胡锦涛,0000001650,,清华大学,,1964.00,1965.00
胡平,0000001661,,,,,
华国锋,0000001703,,,,,
黄华华,0000001752,本科,中山大学,数学,1964.09,1989.09
黄华华,0000001752,研究生,中央党校,,1983.09,1985.07
黄华华,0000001752,研究生,国防大学,,1994.09,1994.12
黄璜,0000001753,,,,,
黄火青,0000001755,,,,,
黄敬,0000001772,高中,天津南开中学、汇文中学,,1924.00,
黄敬,0000001772,学习,国立青岛大学（今山东大学与中国海洋大学）,,1931.00,
黄敬,0000001772,本科,北京大学,数学,1935.00,
黄静波,0000001774,学习,中央党校,,1962.00,1965.00
黄菊,0000001775,本科,清华大学,电机制造,1956.00,1963.00
黄克诚,0000001781,学习,广州中央政治讲习班,,1926.00,
黄克诚,0000001781,学习,衡阳湖南省立第三师范学校,,1922.00,
黄欧东,0000001797,,,,,
黄奇帆,0000001805,本科,上海机械学院,自动化仪表,1974.09,1977.09
黄奇帆,0000001805,研究生,中欧国际工商学院,工商管理,1998.02,1999.12
黄小晶,0000001857,本科,南京工学院,工业与民用建筑,1964.09,1970.09
黄兴国,0000001864,进修,浙江省委党校,马列主义基础理论,1980.11,1982.10
黄兴国,0000001864,培训,中央党校,,1995.09,1996.07
黄兴国,0000001864,研究生,中央党校,法学,1995.09,1998.07
黄兴国,0000001864,博士,同济大学,管理科学与工程,2001.09,2004.08
黄岩,0000001871,学习,延安中央党校,,1937.09,
黄智权,0000001910,学习,浙江农业大学,农机,1958.09,1960.09
黄智权,0000001910,本科,浙江农业大学,农机,1960.09,1963.09
回良玉,0000001915,大专,吉林省农业学校,,1961.00,1964.00
回良玉,0000001915,大专,吉林省委党校,党政干部基础,1984.00,1987.00
惠浴宇,0000001918,学习,江苏省第八师范,,,
惠浴宇,0000001918,,抗日军政大学,,1937.10,
霍士廉,0000001922,,北京宏达学院,,1931.00,
吉炳轩,0000001930,本科,郑州大学,本科,1975.00,1978.00
季允石,0000001943,本科,山东大学,物理,1964.09,1969.07
季允石,0000001943,进修,中央党校,,1992.03,1992.06
贾庆林,0000001961,大专,石家庄工业管理学校,工业企业计划,1956.00,1958.00
贾庆林,0000001961,本科,河北工学院,电机电器设计与制造,1958.00,1962.00
贾志杰,0000001976,学习,北京外语学院,留苏预备部,1954.09,1955.09
贾志杰,0000001976,本科,苏联莫斯科石油学院,石油化工机械制造,1955.09,
贾治邦,0000001977,本科,杭州无线电工业学校管理学院（现杭州电子科技大学）,工业经济管理,1978.06,1980.06
贾治邦,0000001977,学习,中国人民大学,国民经济管理,,
江华,0000001992,学习,湖南省立第三师范学校,,1925.00,
江渭清,0000002007,,,,,
江一真,0000002009,学习,中央红军卫生学校,,1932.00,
姜春云,0000002019,学习,山东省莱西县教师训练班,,1946.00,1949.00
姜春云,0000002019,函授,中国语言文学自修大学,,1985.00,1987.00
姜大明,0000002020,本科,黑龙江大学,哲学,1978.03,1982.01
姜大明,0000002020,研究生,哈尔滨工业大学,技术经济,1994.10,1996.05
姜大明,0000002020,进修,中央党校,,1996.03,1996.05
姜大明,0000002020,研究生,中央党校,政治学,1998.09,2001.07
蒋超良,0000002051,本科,湖南财经学院,财政,1978.08,1981.08
蒋超良,0000002051,研究生,西南财经大学,货币银行学,1993.09,1996.07
蒋超良,0000002051,进修,中央党校,,2008.05,2008.07
蒋定之,0000002056,大专,江苏省镇江地区第二师范学校,,1977.03,1979.01
蒋定之,0000002056,本科,南京理工大学,环境工程,1998.09,2001.03
蒋定之,0000002056,研究生,中央党校,政治学,2002.09,2005.07
蒋巨峰,0000002066,本科,复旦大学,政治经济学,1978.10,1982.07
蒋巨峰,0000002066,进修,中央党校,,1991.04,1991.07
蒋巨峰,0000002066,培训,中央党校,,1996.09,1997.07
蒋祝平,0000002082,学习,哈尔滨军事工程学院,导弹工程,,1963.00
焦若愚,0000002086,,,,,
解学恭,0000002100,,,,,
金基鹏,0000002109,专科,江苏省南京市立商业职业学校,,1947.07,1950.05
金基鹏,0000002109,学习,中国逻辑与语言函授大学,党政,1985.00,1988.00
柯庆施,0000002156,高中,安徽省立第二中学,,,
赖若愚,0000002185,本科,北京大学,,,
赖若愚,0000002185,学习,延安中央党校,,1937.00,
李斌,0000002240,本科,吉林大学,政治经济学,1978.03,1982.01
李成玉,0000002264,培训,中央民族学院,,1974.07,1975.07
李成玉,0000002264,培训,中央党校,,,
李成玉,0000002264,进修,中央党校,,1983.09,1985.08
李大章,0000002286,高中,合江中学,,,
李大章,0000002286,专科,成都留法勤工俭学预备学校,,,
李德生,0000002294,,,,,
李登瀛,0000002298,,,,,
李贵鲜,0000002346,培训,北京外国语学院,,1959.00,1960.00
李贵鲜,0000002346,培训,中国科学技术大学,,1959.00,1960.00
李贵鲜,0000002346,本科,苏联莫斯科门氏化工学院,电真空化学,1960.00,1965.00
李鸿忠,0000002382,本科,吉林大学,历史学,1978.02,1982.02
李鸿忠,0000002382,培训,中央党校,,1996.09,1997.07
李鸿忠,0000002382,学习,美国哈佛大学,政治,1997.07,
李纪恒,0000002395,本科,广西大学,文学创作,1976.11,1979.08
李纪恒,0000002395,培训,中央党校,,1995.09,1996.07
李纪恒,0000002395,研究生,中央党校,经济管理,1995.09,1998.07
李纪恒,0000002395,博士,中国社会科学院,农业经济管理,1999.09,2003.07
李嘉廷,0000002403,本科,清华大学,电机与电器制造,,1968.00
李建国,0000002408,本科,山东大学,汉语言文学,1964.00,1969.00
李锦斌,0000002446,学习,长春师范学院,历史,1980.07,1982.08
李锦斌,0000002446,研究生,吉林大学,政治学,1989.07,1992.07
李锦斌,0000002446,培训,中央党校,,1995.09,1996.07
李锦斌,0000002446,博士,吉林大学,政治学理论,1995.09,1998.06
李锦斌,0000002446,进修,美国芝加哥伊利诺伊大学,MBA,1996.06,1999.11
李井泉,0000002453,,省立第三师范,,,
李井泉,0000002453,,延安中央党校,,,
李克强,0000002486,本科,北京大学,法律,1978.00,1982.00
李克强,0000002486,进修,中央党校,,1991.09,1991.11
李克强,0000002486,研究生,北京大学,经济学,1988.00,1994.00
李克强,0000002486,博士,北京大学,经济学,1988.00,1994.00
李力安,0000002496,,,,,
李立,0000002498,,,,,
李强,0000002553,研究生,中央党校,工商管理,,
李庆伟,0000002571,,,,,
李瑞环,0000002591,本科,北京建工业余学院,工业与民用建筑,1958.00,1963.00
李瑞山,0000002592,,,,,
李希,0000002679,本科,西北师范学院,汉语言文学,1978.03,1982.01
李希,0000002679,进修,中央党校,,2004.03,2004.07
李希,0000002679,研究生,清华大学,工商管理,2008.09,2011.01
李先念,0000002683,,,,,
李小鹏,0000002694,本科,华北电力学院,发电厂及电力系统,1978.10,1982.08
李小鹏,0000002694,培训,加拿大安大略水电局、曼尼吐巴直流高压输电研究中心、曼尼吐巴大学,,1987.02,1988.02
李小鹏,0000002694,专科,北京经济函授大学,经济管理,1989.04,1991.04
李小鹏,0000002694,培训,中央党校,,2001.03,2002.01
李小鹏,0000002694,培训,中央党校,,2006.05,2006.07
李学勇,0000002721,本科,北京化工学院（今北京化工大学）,高分子化工,1978.03,1982.02
李学勇,0000002721,进修,中央党校,,1999.03,1999.05
李学勇,0000002721,培训,国家行政学院,,2001.08,2001.11
李雪峰,0000002723,,太原国民师范学院,,1925.00,
李雪峰,0000002723,,山西大学,,1931.00,
李源潮,0000002786,本科,上海师范大学,数学,1972.00,1974.00
李源潮,0000002786,研究生,北京大学,理学,1988.00,1991.00
李源潮,0000002786,博士,中央党校,科学社会主义,1991.00,1995.00
李泽民,0000002800,本科,中国人民大学,中共党史,,
李长春,0000002804,本科,哈尔滨工业大学,工业企业自动化,1961.00,1966.00
李兆焯,0000002811,本科,广西大学,农田水利工程,1963.00,1968.00
李兆焯,0000002811,培训,广西区党委党校,,1982.00,1983.00
李兆焯,0000002811,培训,中央党校,,1987.02,1987.07
栗战书,0000002868,学习,河北省石家庄地区财贸学校,物价专业学,1971.00,1972.00
栗战书,0000002868,本科,河北师范大学,政教,1980.00,1983.00
栗战书,0000002868,培训,中央党校,,1988.02,1988.08
栗战书,0000002868,学习,中央党校,经济,1992.00,1994.00
栗战书,0000002868,研究生,中国社会科学院,商业经济,1996.00,1998.00
栗战书,0000002868,研究生,哈尔滨工业大学,工商管理,2005.00,2007.00
梁保华,0000002878,本科,复旦大学,新闻,1963.09,1968.08
梁保华,0000002878,培训, 省委党校,,1972.10,1973.01
梁步庭,0000002883,,,,,
梁灵光,0000002909,,,,,
梁湘,0000002928,本科,北京师范大学,,,
廖志高,0000002966,学习,四川省立第二师范学校,,1930.00,
列确,0000002967,专科,中央党校,,1983.09,1985.07
林乎加,0000002991,高中,,,,
林若,0000003025,本科,中山大学,文学,1945.00,
林树森,0000003035,本科,华南理工大学,工民建,1965.09,1970.08
林树森,0000003035,培训,中央党校,,1991.09,1992.07
林铁,0000003039,,北京中国大学,,1925.00,
林铁,0000003039,,国立北京中俄大学,,,
林铁,0000003039,,法政大学,,,
林铁,0000003039,,巴黎大学,,,
林铁,0000003039,,莫斯科东方大学,,,
刘赐贵,0000003113,培训,福建省委党校,,1981.08,1983.08
刘赐贵,0000003113,本科,中央党校,经济管理,1994.08,1996.12
刘赐贵,0000003113,进修,中央党校,,2001.09,2002.01
刘赐贵,0000003113,研究生,厦门大学,海洋生物学,2000.10,2002.10
刘赐贵,0000003113,研究生,中央党校,科学社会主义,2003.03,2005.01
刘方仁,0000003127,专科,沈阳建筑材料工业学院（现沈阳建筑大学）,硅酸盐,1958.09,1962.07
刘方仁,0000003127,培训,中央党校,,1994.05,
刘格平,0000003147,,,,,
刘慧,0000003198,研究生,中央党校,经济管理,,
刘杰,0000003232,高中,沧州市第一中学,,,
刘明辉,0000003278,,,,,
刘奇葆,0000003295,本科,安徽师范大学,历史学,1972.00,1974.00
刘奇葆,0000003295,进修,中央党校,,1992.09,1992.12
刘奇葆,0000003295,研究生,吉林大学,国民经济计划和管理,1991.00,1993.00
刘淇,0000003296,本科,北京钢铁学院,钢铁冶金,1959.00,1964.00
刘淇,0000003296,研究生,北京钢铁学院,炼铁,1964.00,1968.00
刘伟平,0000003364,本科,南京航空学院,飞机设计,1972.04,1976.01
刘伟平,0000003364,培训,中央党校,,1998.09,1999.07
刘伟平,0000003364,研究生,中央党校,世界经济,1998.09,2001.07
刘贤权,0000003381,专科,解放军军事学院,,,
刘振华,0000003473,高中,抚顺二中,,,1961.00
刘振华,0000003473,本科,东北工学院,真空技术设备,,
刘正威,0000003480,,,,,
刘子厚,0000003504,,,,,
娄勤俭,0000003541,本科,华中工学院,外部设备,1978.03,1982.02
娄勤俭,0000003541,研究生,电子工业部第十五研究所,计算机组织与系统结构,1985.09,1988.07
娄勤俭,0000003541,培训,中央党校,,1996.09,1997.07
娄勤俭,0000003541,博士,华中科技大学,计算机系统结构,1998.05,2003.12
娄勤俭,0000003541,进修,中央党校,,2001.03,2001.05
娄勤俭,0000003541,进修,中央党校,,2007.03,2007.05
卢荣景,0000003552,,,,,
卢瑞华,0000003553,本科,中山大学,物理,1958.00,1963.00
卢瑞华,0000003553,研究生,中山大学,分子光谱,1963.00,1966.00
卢展工,0000003568,学习,黑龙江省建筑工程学校,工业与民用建筑,1972.00,1974.00
卢展工,0000003568,学习,华东工程学院,自动武器设计,1978.00,1979.00
卢展工,0000003568,本科,哈尔滨建筑工程学院,工业与民用建筑,1979.00,1982.00
卢展工,0000003568,进修,中央党校,经济,1987.03,1987.07
鲁大东,0000003571,本科,中国美术学院,书法篆刻,2002.00,
鲁瑞林,0000003577,,,,,
陆昊,0000003591,本科,北京大学,国民经济管理学,1985.09,1989.08
陆昊,0000003591,研究生,北京大学,国民经济计划与管理,1991.09,1994.07
陆昊,0000003591,进修,中央党校,,2001.09,2002.01
陆昊,0000003591,培训,国防大学,,2007.10,2007.12
陆昊,0000003591,进修,中央党校,,2010.11,2011.01
陆浩,0000003592,学习,沈阳化校,分析化学,1963.09,1967.09
陆浩,0000003592,学习,大连工学院,化学工程,1975.09,1976.09
陆浩,0000003592,本科,兰州大学,化学,1978.02,1982.02
陆浩,0000003592,研究生,中央党校,政治学,2000.09,2003.07
鹿心社,0000003610,本科,武汉水利电力学院,农田水利工程,1978.09,1982.08
鹿心社,0000003610,培训,西北农业大学,,1985.11,1986.08
鹿心社,0000003610,进修,联邦德国黑森洲测量局、汉诺威地籍局,,1987.04,1988.04
鹿心社,0000003610,培训,中央党校中央国家机关分部,,1989.02,1989.07
鹿心社,0000003610,进修,中央党校,,2000.09,2000.11
鹿心社,0000003610,进修,中央党校,,2007.03,2007.04
鹿心社,0000003610,进修,中央党校,,2014.05,2014.07
罗保铭,0000003625,专科,天津师范专科学校,中文,1978.11,1981.09
罗保铭,0000003625,研究生,南开大学,中国明清史,1991.09,1995.01
罗清泉,0000003665,本科,武汉水运工程学院（现武汉理工大学）,船舶制造与修理,1963.09,1968.09
罗清泉,0000003665,培训,中央党校,,1983.09,1985.08 
罗志军,0000003699,研究生,中国政法大学,政治学,1994.01,1995.09
洛桑江村,0000003704,本科,西藏民族学院,语文,1971.12,1976.02
洛桑江村,0000003704,培训,中央党校,,1990.09,1991.07
洛桑江村,0000003704,培训,中央党校,,2001.03,2002.02
洛桑江村,0000003704,研究生,中央党校,马克思主义哲学,2001.03,2004.01
骆惠宁,0000003706,本科,安徽大学,政治经济学,1978.10,1982.08
骆惠宁,0000003706,进修,安徽大学,,1988.09,1989.09
骆惠宁,0000003706,进修,安徽省委党校,,1991.09,1992.06
骆惠宁,0000003706,研究生,中国科学技术大学,管理与工程,1999.09,2002.01
骆惠宁,0000003706,研究生,中国人民大学,政治经济学,2000.09,2003.07
马飚,0000003748,本科,中央民族学院,政治经济学,1978.00,1982.00
马力,0000003791,,,,,
马明方,0000003799,,绥德师范学校,,,
马明方,0000003799,,陕西省农业机械化专科学校,,,
马信,0000003836,,,,,
马兴元,0000003837,,,,,
马忠臣,0000003870,专科,中央党校,,1980.09,1981.07
毛致用,0000003893,,,,,
孟建柱,0000003913,专科,经济管理刊授联合大学上海市分校,工业企业管理,1983.00,1986.00
孟建柱,0000003913,学习,上海市委党校,党政管理,1984.00,1986.00
孟建柱,0000003913,研究生,上海机械学院,系统工程,1987.00,1991.00
孟学农,0000003923,研究生,,,,
南萍,0000003971,,,,,
聂璧初,0000003985,本科,天津北洋大学（今天津大学）,机械,1946.00,1950.00
钮茂生,0000004014,本科,北京农业机械化学院（中国农业大学）,农田水利,,1963.00
努尔·白克力,0000004017,本科,新疆大学,政治理论,1978.11,1983.08
努尔·白克力,0000004017,研究生,中央党校,政治理论,1986.09,1989.07
欧阳钦,0000004026,,长沙长郡中学,,,1918.00
欧阳钦,0000004026,,北京高等法文专修馆,,,
欧阳钦,0000004026,学习,莫斯科苏联红军学校,军事,1925.08,
潘复生,0000004041,,山东省立第一乡村师范学校,,,
潘自力,0000004066,,,,,
彭冲,0000004085,,,,,
彭真,0000004117,,太原山西省立第一中学,,,
蒲海清,0000004121,本科,重庆大学,轧钢,1961.09,1966.09
蒲海清,0000004121,培训,冶金工业部冶金干部管理学院,,1983.12,1984.06 
蒲海清,0000004121,培训,中央党校,,1986.10,1987.02
普朝柱,0000004124,学习,中共云南省委党校,,1951.00,1952.00
钱敏,0000004148,,,,,
钱运录,0000004157,本科,湖北大学,国民经济计划统计系统计学,1963.00,1967.00
强卫,0000004159,进修,山东大学,光学,1976.02,1976.11
强卫,0000004159,学习,北京市化工局职工大学,有机化学试剂,1979.02,1982.08
强卫,0000004159,学习,中国政法大学,政治学,1988.09,1990.07
强卫,0000004159,进修,中央党校,,1995.09,1995.11
强卫,0000004159,研究生,中国科技大学,经济管理,1991.09,1996.11
强卫,0000004159,研究生,中央党校,法学,1995.09,1998.07
秦光荣,0000004180,大专,湖南衡阳师范专科学校,中文,1973.09,1975.08
秦光荣,0000004180,进修,中央党校,,1992.03,1992.07
秦光荣,0000004180,研究生,中南工业大学,管理科学与工程,1993.03,1995.12
全树仁,0000004236,,,,,
任白戈,0000004254,,,,,
任仲夷,0000004279,,,,,
阮崇武,0000004288,学习, 北京工业学院,自然科学,1951.00,
阮崇武,0000004288,学习,北京俄语专科学校,人文科学,1952.00,
阮崇武,0000004288,学习,莫斯科汽车机械学院,自然科学,1953.00,1957.00
邵奇惠,0000004318,学习,浙江省杭州市第二中学,,1952.09,1955.02
邵奇惠,0000004318,本科,哈尔滨工业大学,机械制造,1962.00,1967.00
沈达人,0000004341,,,,,
石秀诗,0000004404,学习,北京建筑工业学院,玻璃陶瓷工艺,1959.09,1964.10
石宗源,0000004408,本科,西北民族学院,政治,1964.09,1968.10
石宗源,0000004408,培训,中央党校,,1985.09,1986.01
石宗源,0000004408,进修,中央党校,,1997.09,1997.11
舒圣佑,0000004437,,,,,
宋宝瑞,0000004447,本科,清华大学,焊接材料及设备,1957.09,1963.09
宋宝瑞,0000004447,研究生,清华大学,焊接,1957.09,1963.09
宋法棠,0000004456,本科,山东曲阜师范学院,汉语言文学,,
宋佩璋,0000004479,,,,,
宋平,0000004480,大专,北平大学农学院、清华大学、西南联合大学,,1934.00,1937.00
宋秀岩,0000004503,培训,中国青年政治学院,政治教育,1985.09,1987.07
宋秀岩,0000004503,学习,中央党校,经济管理,1993.08,1995.12
宋秀岩,0000004503,研究生,中央党校,政治学,1998.09,2001.07
宋秀岩,0000004503,进修,中央党校,,2002.09,2002.12
宋照肃,0000004516,本科,郑州大学,政治系,,
宋照肃,0000004516,培训,中央党校,,1987.03,1987.07
宋照肃,0000004516,培训,中央党校,,1994.09,1994.10
宋照肃,0000004516,培训,中央党校,,1997.03,1997.05
王金山,0000004565,大专,吉林省四平师范专科学校,理化科物理,1964.09,1967.09
王金山,0000004565,进修,中央党校,,1983.09,1984.01
王金山,0000004565,研究生,南开大学,政治经济学,1993.09,1996.04
王金山,0000004565,进修,中央党校,,1995.09,1995.11
王君,0000004590,大专,山西矿业学院,采煤,1974.09,1977.09
王君,0000004590,培训,中央党校,理论学习班,1985.09,1986.01
王君,0000004590,培训,中央党校,,1990.09,1991.01
王君,0000004590,培训,中央党校,,1995.09,1996.07
王君,0000004590,研究生,中央党校,哲学,1995.09,1998.09
王乐泉,0000004609,培训,中央党校,,1983.00,1986.00
王乐泉,0000004609,研究生,中央党校,,,
王茂林,0000004640,进修,上海沪北会计专修班,会计,1951.07,1953.01
王茂林,0000004640,培训,北京煤炭干部学校,采煤,1963.07,1964.01
王茂林,0000004640,培训,中央党校,轮训班,1979.03,1979.11
王茂林,0000004640,培训,中央党校,市长班,1983.10,1983.12
王珉,0000004648,大专,安徽省淮南煤炭学院,电系矿机,1975.09,1978.09
王珉,0000004648,研究生,北京航空学院,机械系机械制造工程,1979.09,1981.12
王珉,0000004648,博士,南京航空学院,机械工程系机械制造,1983.02,1986.04
王珉,0000004648,访问学者,香港理工学院,,1987.09,1989.02
王歧山,0000004693,大专, 西北大学,历史,1973.00,1976.00
王歧山,0000004693,进修,中央党校,,1992.09,1992.11
王谦,0000004696,,,,,
王任重,0000004724,,景县乡村师范学校,,1933.00,
王儒林,0000004735,培训,吉林省直机关第一期青干班,,1975.03,1975.05
王儒林,0000004735,本科,吉林农业大学,农业经济,1980.09,1985.07
王儒林,0000004735,研究生,吉林大学,国民经济计划与管理,1990.08,1993.04
王儒林,0000004735,培训,中央党校,,1996.09,1997.07
王三运,0000004744,大专,贵阳师范学院,汉语言文学,1974.08,
王三运,0000004744,进修,中央党校,,1992.09,1993.01
王三运,0000004744,研究生,中央党校,政治,1998.09,2001.07
王太华,0000004782,本科,江西师范大学,中文系,1965.09,1969.09
王太华,0000004782,培训,中央党校,,1983.09,1985.07
王宪魁,0000004840,学习,华东交通大学,,1981.09,1982.09
王宪魁,0000004840,培训,西南交通大学,铁路运输管理,1982.09,1984.07
王宪魁,0000004840,进修,中央党校,,1998.03,1998.07
王宪魁,0000004840,研究生,中央党校,经济管理,1999.09,2002.07
王宪魁,0000004840,本科,西南交通大学,交通运输专业,2001.09,2003.07
王学军,0000004885,大专,河北工学院,机械制造,1972.04,1975.08
王学军,0000004885,培训,中央党校,,1991.09,1992.07
王学军,0000004885,进修,中央党校,政治,1992.08,1994.12
王学军,0000004885,研究生,中央党校,党的学说与党的建设,1993.09,1996.01
王学军,0000004885,进修,中央党校,,2000.03,2000.07
王云坤,0000004964,本科,天津大学,无线电技术,1961.09,1966.09
王昭,0000004981,,,,,
王兆国,0000004982,本科,哈尔滨工业大学,涡轮机,1961.00,1966.00
王正伟,0000005013,本科,宁夏大学,中文,1978.00,1982.00
王正伟,0000005013,进修,中央党校,,1994.09,1995.01
王正伟,0000005013,博士,中央民族大学,经济学,2000.00,2003.00
王忠禹,0000005043,大专,沈阳轻工业高级职业学校,,1950.00,1953.00
王忠禹,0000005043,培训,中央党校,,1981.00,1982.00
韦纯束,0000005065,,,,,
韦国清,0000005069,,瑞金红军学校,,1932.00,
卫恒,0000005086,学习,中共中央北方局晋冀豫区委党校,,,
卫留成,0000005089,本科,北京石油学院,测井,1965.09,1970.07
卫留成,0000005089,培训,中央党校,,1995.09,1996.07
尉健行,0000005092,,浙江新昌南明小学、新昌中学、天台育青中学、杭州安定中学,,1937.00,1947.00
尉健行,0000005092,大专,大连工学院,机械系机械制造,1949.00,1952.00
尉健行,0000005092,培训,东北工业部有色金属管理局抚顺俄语训练班,,1952.00,1953.00
魏宏,0000005101,培训,长沙铁道兵学院,政治系,1978.03,1979.08
魏宏,0000005101,进修,重庆师专电大,党政管理,1984.09,1986.07
魏宏,0000005101,研究生,西南财经大学,经济系,1996.01,1998.12
魏宏,0000005101,研究生,四川省委党校,经济学,1999.09,2001.07
魏金水,0000005108,,,,,
郑斯林,0000005168,本科,太原工学院,机械系机械制造,1958.09,1963.09
郑斯林,0000005168,学习,中央党校,,1993.03,1993.05
周本顺,0000005235,大专,长春地质学院,石油物探,1972.04,1975.12
周本顺,0000005235,培训,湖南省委党校,,1991.09,1992.01
周本顺,0000005235,研究生,湖南大学,管理工程,1993.09,1996.01
周本顺,0000005235,博士,武汉大学,宪法与行政法学,2005.11,2006.11
周本顺,0000005235,进修,中央党校,,2006.03,2006.07
周伯华,0000005240,大专,湖南株洲粉末冶金学校,稀冶,1965.09,1968.09
周伯华,0000005240,学习,省委党校,,1980.09,1981.10
周伯华,0000005240,培训,中央党校,,1983.09,1986.07
周林,0000005285,,北平宏达学院,,1931.00,
周强,0000005297,本科,西南政法学院,法律系,1978.00,1982.00
周强,0000005297,研究生,西南政法学院,民法,1982.00,1985.00
周强,0000005297,培训,中央党校,,1995.09,1996.07
周强,0000005297,进修,中央党校,,2005.11,2006.01
周兴,0000005323,,入南昌朱德军官教育团,,1927.00,
周永康,0000005336,本科,北京石油学院,地球物理勘探,1961.00,1966.00
周子健,0000005355,学习,抗大、中央党校,,1937.00,
朱镕基,0000005367,本科,清华大学,电机制造,1947.00,1951.00
朱小丹,0000005389,进修,广州宣传函授学院,科学社会主义,1985.09,1987.09
朱小丹,0000005389,培训,中央党校,,1990.09,1991.07
朱小丹,0000005389,研究生,中央党校,经济管理,1995.09,1998.07
朱小丹,0000005389,进修,中央党校,,2004.11,2005.01
赵紫阳,0000005470,,中共冀鲁豫省委党校,,1938.02,
苏荣,0000005506,学习,农业部干部培训班沈阳农学院,,1980.09,1981.01
苏荣,0000005506,培训,吉林省委党校,党政干部培训班,1982.03,1983.10
苏荣,0000005506,培训,中央党校,,1994.03,1994.05
苏荣,0000005506,研究生,吉林大学,国际经济系世界经济,1994.00,1997.00
苏荣,0000005506,进修,中央党校,,2003.03,2003.05
苏树林,0000005509,本科,大庆石油学院,石油地质,1979.09,1983.07
苏树林,0000005509,研究生,哈尔滨工程大学,管理科学与工程,1996.09,1999.03
苏毅然,0000005515,,延安马列主义学院,,,
苏振华,0000005520,,红军大学,,1936.04,
孙春兰,0000005536,本科,辽宁省鞍山工业技术学校,机械,1965.08,1969.11
孙春兰,0000005536,进修,辽宁大学,经济管理,1981.09,1984.09
孙春兰,0000005536,本科,辽宁省委党校,经济管理,1989.05,1991.12
孙春兰,0000005536,培训,中央党校,,1992.09,1993.07
孙春兰,0000005536,研究生,中央党校,政治学,2000.09,2003.07
孙同川,0000005604,本科,西北工业大学,飞机制造,1958.08,1963.08
孙维本,0000005605,高中,,,,
孙文盛,0000005609,大专,山东冶金学院,冶金系有色冶炼,1960.09,1963.08
孙文盛,0000005609,进修,中央党校,,1986.09,1987.01
孙文盛,0000005609,进修,中央党校,,2001.09,2001.11
孙英,0000005621,本科,山西师范学院,历史系,1954.09,1958.06
孙政才,0000005639,本科,山东莱阳农学院,农学,1980.00,1984.00
孙政才,0000005639,研究生,北京市农林科学院、北京农业大学,作物栽培与耕作学,1984.00,1987.00
孙政才,0000005639,访问学者,英国洛桑试验站,,1991.01,1991.07
孙政才,0000005639,博士,中国农业大学,农学,1990.00,1997.00
孙政才,0000005639,培训,中央党校,,2000.00,2001.00
孙政才,0000005639,进修,中央党校,,2006.05,2006.07
孙志刚,0000005640,大专,武汉钢铁学院,炼钢,1973.09,1976.09
孙志刚,0000005640,研究生,上海财经学院,工业经济,1980.09,1983.09
孙志刚,0000005640,博士,武汉大学,政治经济学,1993.07,1997.06
谭震林,0000005680,,,,,
陶铸,0000005756,,,,,
田成平,0000005768,本科,清华大学,给排水,1962.09,1968.02
田凤山,0000005770,大专,解放军西安第二炮兵技术学院,自动控制,,1964.00
铁瑛,0000005801,,抗大一分校,,1939.00,
汪道涵,0000005830,高中,南京中学,,,1932.00
汪道涵,0000005830,,国立交通大学,机械系,1932.00,
汪道涵,0000005830,,光华大学,数理系,,1937.00
汪家道,0000005837,,,,,
汪啸风,0000005847,本科,北京矿业学院,"机械系机械制
造专业",1964.09,1969.09
汪洋,0000005848,学习,中央党校,政治经济学,1979.00,1980.00
汪洋,0000005848,本科,中央党校,党政管理,1989.00,1992.00
汪洋,0000005848,研究生,中国科技大学,管理科学,1993.00,1995.00
汪洋,0000005848,进修,中央党校,,1997.03,1997.05
汪洋,0000005848,进修,中央党校,,2001.09,2001.11
王安顺,0000005856,研究生,南开大学,政治经济学,,
王恩茂,0000005914,学习,延安军政学院、中央党校,,1941.00,
王芳,0000005916,,中共中央山东分局党校,,1945.00,
王国生,0000005955,大专,山东大学,政治学,1981.09,1983.07
王国生,0000005955,本科,山东省委党校,政治学,1997.09,2000.06
王鸿举,0000005972,本科,四川大学,数学系,1963.09,1968.09
王鸿举,0000005972,进修, 中央党校,,1987.02,1987.07
王朝文,0000006024,,贵州省镇远专区干校,,1949.12,1956.08
文敏生,0000006039,,,,,
闻世震,0000006046,本科,大连理工大学,机制,1960.00,1965.00
吴德,0000006078,,北平弘达中学,,,
吴官正,0000006089,本科, 清华大学,热工测量及自动控制,1959.00,1965.00
吴官正,0000006089,研究生,清华大学,热工测量及自动控制,1965.00,1968.00
吴新雄,0000006151,本科,南京化工学院,有机系合成专业,1973.09,1977.01
吴亦侠,0000006161,本科,吉林农业大学,土化系,,1967.00
吴芝圃,0000006177,,,,,
习近平,0000006221,本科,清华大学,基本有机合成,1975.00,1979.00
习近平,0000006221,博士,清华大学,马克思主义理论与思想政治教育,1998.00,2002.00
习仲勋,0000006222,,,,,
夏宝龙,0000006230,进修,天津师范学院,政史系,1975.01,1976.01
夏宝龙,0000006230,本科,天津市河西区职工大学,中文,1980.10,1985.01
夏宝龙,0000006230,培训,中央党校,,1995.09,1996.07
夏宝龙,0000006230,研究生,天津市委党校,马克思主义哲学,1994.09,1997.07
夏宝龙,0000006230,博士,北京大学,政治经济学,1999.09,2002.07
冼恒汉,0000006257,,红四方面军红军大学、保安红军大学、延安抗日军政大学,,,1936.08
向巴平措,0000006259,大专,重庆大学,机械制造,1972.04,1975.10
向巴平措,0000006259,培训,中央党校,,1981.09,1982.07
项南,0000006275,,,,,
肖秧,0000006306,,北京清华大学,,,
谢富治,0000006328,,抗日红军大学 ,,,
熊清泉,0000006402,,国立师范学院,史地系,,
徐守盛,0000006474,学习,合肥农村经济管理干部学院,农经系农业经济,1983.10,1985.07
徐守盛,0000006474,研究生,江苏省委党校,政治经济学,1999.05,2002.10
许仲林,0000006568,大专,解放军测绘学院,无线电专修班,1960.07,1962.07
许仲林,0000006568,培训,中央党校,,1982.09,1983.07
薛驹,0000006576,本科肄业,上海大同大学,,,
阎海旺,0000006621,本科,哈尔滨建筑工程学院,工业与民用建筑,1960.09,1965.09
阎海旺,0000006621,进修,中共中央党校,,1990.03,1990.05
阎红彦,0000006623,,马列学院,,,
杨传堂,0000006674,进修,山东师范大学,中文系,1981.02,1983.01
杨传堂,0000006674,进修,中央党校省部级干部进修班,,1988.03,1988.07
杨传堂,0000006674,本科,中央党校,经济管理,1993.08,1995.12
杨传堂,0000006674,研究生,中国社会科学院,市场经济,1996.04,1998.03
杨传堂,0000006674,进修,中央党校省部级干部进修班,,1996.09,1996.11
杨晶,0000006755,学习,内蒙古大学,汉语言文学,1980.00,1982.00
杨晶,0000006755,培训,内蒙古自治区委党校,经济管理,1985.09,1986.01
杨晶,0000006755,培训,内蒙古自治区委党校党建班,,1988.08,1989.01
杨晶,0000006755,培训,中央党校一年制中青年干部培训班,,1990.09,1991.07
杨晶,0000006755,研究生,中国社会科学院,工业经济管理,1995.00,1998.00
杨晶,0000006755,研究生,中央党校,政治,2002.00,2005.00
杨静仁,0000006758,本科,陕北公学,,1941.00,
杨静仁,0000006758,,,,1941.00,
杨静仁,0000006758,,陕北公学,,1941.00,
杨析综,0000006839,,,,,
杨雄,0000006859,研究生,中国社会科学院,,,1985.07
杨易辰,0000006873,本科,天津法商学院转入中国大学,,,1935.00
杨易辰,0000006873,,延安马列学院,,1938.00,
杨正午,0000006912,大专,,,,
叶飞,0000006957,,,,,
叶飞,0000006957,,,,,
叶飞,0000006957,,,,,
叶剑英,0000006963,,苏联共产主义劳动大学,,1928.00,1930.00
叶连松,0000006968,大专,大连工学院,船舶内燃机,1954.00,1955.00
叶连松,0000006968,本科,上海交通大学,船舶内燃机及动力装置,1955.00,1960.00
叶选平,0000006981,,延安自然科学院,机械系,1941.00,1945.00
叶选平,0000006981,学习,哈尔滨工业大学,,1949.00,1950.00
于明涛,0000007047,本科,东北师范大学,数学,1981.09,1985.07
于伟国,0000007051,本科,中国人民大学,中国文学,1979.09,1983.07
于幼军,0000007057,本科,华东师范大学,政治教育,1980.09,1985.07
于幼军,0000007057,研究生,中山大学,马克思主义哲学,1993.03,1995.08
于幼军,0000007057,博士,中山大学,马克思主义哲学,1996.09,1999.06
俞正声,0000007090,本科,哈尔滨军事工程学院,弹道式导弹自动控制,1963.00,1968.00
袁纯清,0000007107,本科,北京大学,法律,1977.02,1980.01
袁纯清,0000007107,研究生,中国政法大学,政治学,1987.09,1990.07
袁纯清,0000007107,进修,中央党校,,1994.03,1994.05
袁纯清,0000007107,博士,湖南大学,管理科学与工程,1994.09,1997.07
袁纯清,0000007107,博士后,北京大学,理论经济学,1999.04,2001.05
袁任远,0000007127,,湖南法政专门学校,,1918.00,
岳歧峰,0000007144,,,,,
张宝顺,0000007185,本科,中国人民大学,马列主义理论,1982.08,1987.06
张宝顺,0000007185,研究生,吉林大学,国民经济计划与管理,1989.12,1991.12
张勃兴,0000007206,,北平市立高级商科学校,经济管理,1947.00,
张春桥,0000007237,,,,,
张春贤,0000007238,本科,东北重型机械学院,锻压工艺及设备,1976.12,1980.09
张春贤,0000007238,研究生,哈尔滨工业大学,管理科学与工程,1990.03,2002.06
张春贤,0000007238,进修,中央党校,,2000.09,2000.11
张德江,0000007249,本科,延边大学,朝鲜语专业,1972.00,1975.00
张德江,0000007249,留学,朝鲜金日成综合大学,经济,1978.00,1980.00
张德邻,0000007250,本科,清华大学,焊接工艺及设备,,
张德生,0000007251,,,,,
张鼎丞,0000007256,,,,,
张高丽,0000007281,本科,厦门大学,计划统计,1965.00,1970.00
张高丽,0000007281,进修,中央党校,,1990.04,1990.07
张根生,0000007284,,,,,
张国光,0000007310,本科,北京航空学院,高空设备,1963.09,1968.09
张劲夫,0000007451,,,,,
张立昌,0000007492,函授,北京经济函授大学,经济管理,1987.01,1989.01
张立昌,0000007492,大专,天津冶金工业学校,,1958.05,1960.03
张平化,0000007534,,,,,
张庆黎,0000007548,学习,北京农业大学,,1980.08,1981.02
张庆黎,0000007548,大专,中央党校,,1983.09,1985.07
张庆黎,0000007548,,中央党校,,1992.03,1992.07
张庆黎,0000007548,学习,山东省委党校,经济管理,1995.09,1997.12
张庆黎,0000007548,学习,石河子大学,农业经济管理,1999.02,2001.02
张庆黎,0000007548,研究生,中央党校,政治学,2002.09,2005.07
张庆伟,0000007549,本科,西北工业大学,飞机设计,1978.09,1982.08
张曙光,0000007598,,,,,
张文岳,0000007666,,,,,
张吾乐,0000007667,本科,北京钢铁学院,机械系,1955.09,1959.09
张云川,0000007783,本科,哈尔滨军事工程学院,舰艇内燃机,1964.08,1969.07 
张云川,0000007783,学习,中央党校,,1986.02,1986.07 
张云川,0000007783,进修,中央党校,,1994.09,1994.12 
张仲良,0000007820,,,,,
张左已,0000007833,,黑龙江大学,俄语,,1966.09
赵伯平,0000007846,,,,,
赵海峰,0000007875,,,,,
赵克志,0000007910,学习,山东省委党校,,1980.09,1982.07
赵克志,0000007910,学习,中央党校,,1995.09,1996.07
赵克志,0000007910,研究生,中央党校,,1996.07,1998.07
赵乐际,0000007914,本科,北京大学,哲学,1977.00,1980.00
赵乐际,0000007914,研究生,中国社会科学院,货币银行,1996.00,1998.00
赵乐际,0000007914,研究生,中央党校,政治学,2002.00,2005.00
赵寿山,0000007963,,,,,
赵辛初,0000007991,,,,,
赵修,0000007998,,,,,
赵正永,0000008023,学习,中南矿冶学院,金属物理专业,1974.10,1977.08
赵正永,0000008023,培训,中央党校,,1983.09,1985.07
赵正永,0000008023,进修,中央党校,,2002.09,2003.01
赵正永,0000008023,学习,中央党校,,2006.11,2007.01
赵正永,0000008023,研修,美国哈佛大学,,2007.09,2007.12
赵志浩,0000008026,,,,,
白纪年,0000008125,学习,延边示范学校,,,1947.00
白清才,0000008137,,,,,
包叙定,0000008182,,,,,
柴松岳,0000008429,学习,中央党校,,1981.09,1982.08
柴松岳,0000008429,学习,煤炭工业部干部管理学院,企业管理,1984.09,1986.05
柴松岳,0000008429,学习,中央党校,,1996.03,1996.05
陈士能,0000008686,本科,清华大学,工程化学,,
陈郁,0000008829,学习,广州汽车实习学校,,,
陈郁,0000008829,学习,苏联列宁学院,,1931.06,
陈正人,0000008863,,,,,
程潜,0000008918,学习,湖南武备学堂,,1903.00,
程潜,0000008918,学习,日本陆军士官学校,炮科,1907.00,
方志纯,0000009466,,,,,
傅锡寿,0000009590,,,,,
高狄,0000009632,肄业,敦化国民高等学校,,,1945.11
高克林,0000009659,,,,,
顾秀莲,0000009839,,东北公安干部学校,,1953.00,1954.00
顾秀莲,0000009839,,沈阳冶金机械专科学校,机械系,1958.00,1961.00
顾秀莲,0000009839,函授,中央党校,科学社会主义,1997.09,2000.07
关广富,0000009848,,东北财经干部学习,,,
郭影秋,0000009959,,,,,
韩宁夫,0000010032,,山东建设厅电气班,,1930.00,
韩宁夫,0000010032,,济南私立齐鲁中学,,1931.00,
韩宁夫,0000010032,本科,山东大学,,1936.08,
韩宁夫,0000010032,学习,中共北方局党校,,1943.11,1945.09
韩宁夫,0000010032,学习,苏联学习,,1954.12,1956.01
和志强,0000010215,学习,重庆大学,,,1956.00
侯捷,0000010274,学习,北京水利水电学院, 河川枢纽及水电站建筑,1961.00,1966.00
胡继宗,0000010324,,,,,
胡启立,0000010358,学习,北京大学,机械专业,1946.00,1951.00
胡启立,0000010358,学习,五七干校,,1966.00,1972.00
胡昭衡,0000010397,肄业,北京大学,历史系,,1937.00
黄镇东,0000010636,大专,南京航务工程专科学校,数学物理,1960.09,1962.08
黄镇东,0000010636,学习,上海海运学院,财务会计,1962.08,1963.05
黄镇东,0000010636,学习,交通部干部学校,,1980.05,1980.08
黄镇东,0000010636,进修,日本神户港,,1980.09,1980.12
黄镇东,0000010636,学习,河北省委党校,,1982.03,1982.07
黄镇东,0000010636,进修,中央党校,,2001.03,2001.05
黄知真,0000010642,学习,江西苏区列宁师范,,,
姜异康,0000010834,学习,山东师范大学,中文专业,1981.02,1982.12
姜异康,0000010834,学习,中南海业余大学,行政管理,1988.09,1990.07
姜异康,0000010834,研究生,中南工业大学,管理工程,1993.03,1995.12
姜异康,0000010834,进修,中央党校,,2005.11,2006.01
蒋民宽,0000010860,大专,上海工业专科学校,机械系,1947.00,1950.00
蒋民宽,0000010860,学习,东北工业部抚顺俄语训练班,,1952.00,1955.00
蒋民宽,0000010860,进修,中央党校,,1987.09,1988.02
解峰,0000010905,学习,晋察冀边区抗战学院,,,
金明,0000010931,,,,,
李葆华,0000011162,学习,北京孔德学校,,1921.00,
李葆华,0000011162,学习,日本东京高等师范学校,,,
李昌安,0000011173,学习,北京机械学院业余大学,机械制造,1958.00,1964.00
李春亭,0000011203,学习,中央党校,,1980.00,1982.00
李尔重,0000011233,学习,北平大学,,,
李尔重,0000011233,学习,北京大学,,,
李尔重,0000011233,学习,日本仙台帝国大学,,,
李范五,0000011237,学习,哈尔滨第一中学,,,
李范五,0000011237,学习,北平大学,,,
李范五,0000011237,学习,苏联莫斯科共产国际东方殖民地问题研究院,,,
李丰平,0000011240,学习,延安中央党校,,,
李耕涛,0000011261,副博士,苏联莫斯科动力学院,燃气轮机,1952.00,1956.00
李梦龄,0000011434,学习,北平师范大学,历史系,,1931.00
李其炎,0000011460,学习,北京师范学院,历史系,,1963.00
李启明,0000011465,学习,山西医专预科,,,
李启明,0000011465,学习,汾阳军官学校,,,
李启明,0000011465,学习,杨虎城创办的军官学校,,1934.00,
李盛霖,0000011511,学习,江苏镇江农业机械学院,农机专业,1965.07,1970.08
李盛霖,0000011511,学习,中央党校,,1997.03,1997.05 
李锡铭,0000011593,学习,清华大学,,1946.00,
李子奇,0000011774,学习,莫斯科有色冶金矿业学院,,1954.00,
栗又文,0000011792,学习,北京大学,,,1962.00
栗又文,0000011792,学习,中央马列学院,,1939.02,
廖伯康,0000011891,学习,中央大学,经济系,,
林李明,0000011967,,,,,
令狐安,0000012057,学习,北京工业学院,红外线,1965.08,1970.08 
令狐安,0000012057,学习,中国工业科技管理大连培训中心,,1982.05,1982.10
令狐安,0000012057,学习,中央党校,,1987.09,1988.07
令狐安,0000012057,学习,中央党校,,1997.03,1997.05
令狐安,0000012057,学习,中央党校,,2003.03,2003.05
刘秉彦,0000012071,,,,,
刘剑峰,0000012192,本科,苏联基辅工学院,无线电工程,,1961.00
刘田夫,0000012333,,,,,
刘锡五,0000012365,学习,北京新京学院,,1924.08,
刘锡五,0000012365,学习,上海大学,,1925.00,
刘正,0000012502,,,,,
刘正,0000012502,,,,,
罗贵波,0000012704,肄业,赣州胜利师范学校,,,1924.07
吕祖善,0000012839,本科,南京航空学院（现南京航空航天大学）,动机设计,1963.09,1968.09
吕祖善,0000012839,研究生,中央党校,,1997.03,1997.06
倪献策,0000013193,,青岛市建筑工程学校,,,
倪志福,0000013198,学习,上海青工政治文化学习班,,,
倪志福,0000013198,大专,国营六一八厂,,1961.04,1965.05
聂荣臻,0000013205,,,,,
裴丽生,0000013320,,清华大学,经济,1929.00,1933.05
强晓初,0000013453,,,,,
饶漱石,0000013568,本科,上海大学,,1924.00,
芮杏文,0000013633,大专,中国人民大学,企业管理,,
芮杏文,0000013633,专修,中国人民大学,,1950.00,1951.00
芮杏文,0000013633,学习,苏北公学、华中建设大学、山东大学,政治,1944.00,1946.00
沙文汉,0000013658,学习,上海东亚同文书院,,1928.01,
沙文汉,0000013658,深造,莫斯科列宁学院,马克思列宁主义理论,1929.07,
沙文汉,0000013658,,日本铁道学校,,1932.02,
邵式平,0000013692,学习,抗日军政大学,,1936.10,
邵式平,0000013692,学习,延安中央党校,,1942.00,
舒惠国,0000013854,,,,,
舒同,0000013855,,江西省立第三师范学校,,1921.00,
宋德福,0000013891,,吉林省德惠第一小学、德惠县第四中学,,1953.00,1962.00
宋德福,0000013891,大专,,,,
宋任穷,0000013917,,,,,
宋瑞祥,0000013920,,,,,
孙君一,0000014067,,北平朝阳大学,,,
孙治国,0000014167,,,,,
覃应机,0000014201,学习,国家保卫局,,,
覃应机,0000014201,学习,中共中央平原分局党校,,,
谭绍文,0000014223,,成都铭贤学院、西北工学院,,1948.00,
陶鲁笳,0000014323,,江苏溧阳私立同济中学、江苏省立常州中学（今常州高级中学）、上海复旦实验中学,,,
陶鲁笳,0000014323,,南京中央大学,,,
天宝,0000014342,学习,中共中央党校,,1937.00,
铁木尔·达瓦买提,0000014396,研究生,中央民族学院,政治,1955.00,1957.00
万绍芬,0000014435,学习,江西国立中正大学,经济,1948.00,1949.00
万绍芬,0000014435,学习,中央团校,,1950.00,
万学远,0000014438,本科,上海交通大学,船舶燃气轮机,,1964.00
王东明,0000014562,本科,辽宁大学,哲学,1978.03,1982.02
王东明,0000014562,培训,辽宁省委党校青训班,,1982.02,1982.06
王东明,0000014562,培训,中央党校一年制中青年干部培训班,,1996.09,1997.07
王东明,0000014562,研究生,中央党校,法学,1996.09,1999.07
王岐山,0000014801,大专, 西北大学,历史,1973.00,1976.00
王岐山,0000014801,培训,中央党校省部级干部进修班,,1992.09,1992.11
王森浩,0000014833,大专,北京矿业学院,采矿系,1956.00,
王森浩,0000014833,进修,北京俄语学院留苏预备部,,1956.00,1957.00
王世英,0000014867,,太原国民师范学校,,,
王世英,0000014867,,黄埔陆军军官学校,,1925.08,
王首道,0000014876,,第六届广州农民运动讲习所,,,
王旭东,0000014996,本科,江苏省无锡市无线电工业学校,机械专业,1962.09,1966.07
王旭东,0000014996,学习,中央党校、天津市科学技术进修学院,工业科技管理,1980.02,1982.07
王郁昭,0000015081,学习,中共中央马列主义学院、中共中央高级党校,,1954.02,
吴邦国,0000015313,本科,清华大学,电真空器件,1960.00,1967.00
谢非,0000015705,学习,中共广东省委党校中级班,,1959.00,1960.00
谢伏瞻,0000015707,本科,华中工学院,计算机系,1976.12,1980.01
谢伏瞻,0000015707,研究生,机械工业部机械科学研究院,工业自动化,1983.08,1986.09
谢伏瞻,0000015707,访问学者,美国普林斯顿大学,,1991.10,1992.10
谢伏瞻,0000015707,培训,中央党校省部级干部进修班,,2001.09,2001.11
谢伏瞻,0000015707,培训,清华大学、哈佛大学公共管理高级培训班,,2003.07,2003.09
谢世杰,0000015737,大专,西南农学院,土壤肥料,1958.00,1959.00
邢崇智,0000015769,初中,中央团校,,1949.00,
徐匡迪,0000015861,大专,北京钢铁工业学院,钢铁冶金,1954.00,1959.00
徐匡迪,0000015861,访问学者,英国帝国理工大学,,1982.03,1983.02
徐荣凯,0000015889,本科,清华大学,动力机械系燃汽轮机,1960.09,1966.09
徐荣凯,0000015889,学习,中央党校,,1989.02,1989.07
徐荣凯,0000015889,博士,清华大学,技术经济,1993.09,1998.07
徐有芳,0000015922,本科,安徽农学院,林学系,1959.09,1963.08
许世杰,0000015983,,,,,
杨汝岱,0000016285,高中,,,,
杨尚奎,0000016292,学习,瑞金中央党校,,1934.05,
杨尚奎,0000016292,学习,中央马列学院,,1940.01,1941.06
杨尚奎,0000016292,学习,中央党校1部,,1942.09,
杨植霖,0000016412,学习,北平新农业学院,,1929.00,
杨植霖,0000016412,学习,延安中央党校,,1942.00,
尹克升,0000016558,本科,北京石油学院,油田开采,1960.00,1964.00
尹克升,0000016558,学习,华北人民革命大学,,1949.00,
尹克升,0000016558,学习,石油干部学校,,1960.00,1964.00
尤权,0000016581,本科,中国人民大学,国民经济计划,1980.09,
尤权,0000016581,研究生,中国人民大学,国民经济计划,,1987.07
于汉卿,0000016616,学习,五七干校,,1973.00,
于克,0000016623,学习,北平中山中学,,1934.00,
云布龙,0000016806,本科,太原工学院,机械系,,1962.00
张国声,0000016964,,,,,
张皓若,0000016977,学习,清华大学,石油专业,1949.09,1952.00
张皓若,0000016977,学习,石油部俄文训练班,,1953.00,
张皓若,0000016977,学习,苏联进修,,1954.06,
张启龙,0000017159,,,,,
张体学,0000017251,学习,瓦窑堡红军大学,,1936.05,
张中伟,0000017466,学习,中央党校,,1981.09,1982.07
张中伟,0000017466,大专,高等教育自学考试党政干部管理基础科专业,党政干部管理基础,1984.00,1986.00
赵德尊,0000017525,学习,延安中央党校,,1943.00,
赵德尊,0000017525,学习,清华大学,外语系,,1937.00
赵洪祝,0000017552,学习,中央党校,,1982.00,1983.00
赵洪祝,0000017552,本科,中央党校,,1983.00,1985.00
赵洪祝,0000017552,学习,中央党校,,1989.03,1989.07
赵健民,0000017564,,,,,
赵林,0000017586,,,,,
周持衡,0000017884,肄业,山东大学,,,
周建人,0000017929,学习,北京大学,,1920.00,
周小舟,0000017997,,长沙私立明德中学,,1925.00,
周小舟,0000017997,预科,湖南大学,,1929.00,1931.00
周小舟,0000017997,本科,国立北平师范大学,,1931.00,1935.00
朱厚泽,0000018076,,,,,
张学忠,0000018247,大专,甘肃省兰州市师范学校,,1958.08,1961.07
张学忠,0000018247,本科,兰州大学,汉语言文学,1964.09,1966.06
于明涛,0000018350,,,,,
