﻿Column1,Column2,Column3,Column4,Column5,Column6,Column7,Column8
Name,Hash_Key,Offcd,Degree,School,Major,Edu_S,Edu_E
官员姓名,搜索键,官员代码,学历/学位,毕业学校,专业,教育起始时间,教育终止时间
安平生,ab2c9f716be770385deda6160d41ef103bc9ea66,0000000031,学习,延安中国人民抗日军政大学,,,
安启元,93d69d745d4b35622282f5e074051a8d3b4f6118,0000000034,本科,西北大学,地质,,
巴特尔,2689d45c7033890297e726dff9e1b9433800c2ce,0000000047,大专,内蒙古自治区海拉尔蒙古族师范学校,蒙文,1978.11,1980.08
巴特尔,2689d45c7033890297e726dff9e1b9433800c2ce,0000000047,培训,内蒙古自治区委党校,,1982.02,1983.07
巴特尔,2689d45c7033890297e726dff9e1b9433800c2ce,0000000047,培训,中央党校,,1988.02,1988.07
巴特尔,2689d45c7033890297e726dff9e1b9433800c2ce,0000000047,研究生,复旦大学,政治经济学,1995.09,1998.07
巴特尔,2689d45c7033890297e726dff9e1b9433800c2ce,0000000047,研究生,中央党校,政治学,2006.09,2009.07
巴音朝鲁,2108cb2967af5281b1c364c2c390515c705ca0bc,0000000049,学习,内蒙古师范大学,政治理论,1980.11,1982.11
巴音朝鲁,2108cb2967af5281b1c364c2c390515c705ca0bc,0000000049,研究生,吉林大学,国民经济计划与管理,1994.03,1997.03
巴音朝鲁,2108cb2967af5281b1c364c2c390515c705ca0bc,0000000049,进修,中央党校,,1995.09,1995.11
白栋材,172618238f6f78fd024acf7a9f775789b8e62248,0000000051,学习,中共中央党校,,1936.00,1938.00
白恩培,ed87a9af8d6a5149024580851da79dc5c9d98e33,0000000052,本科,西北工业大学,航海设备与自动控制,1965.08,1970.08
白恩培,ed87a9af8d6a5149024580851da79dc5c9d98e33,0000000052,培训,中央党校,,1987.09,1988.07
白克明,9c0a7a5dfda685f334c209d8de6d25d4af26b9cd,0000000059,本科,哈尔滨军事工程学院,导弹工程,1962.00,1968.00
白立忱,d1a5ae7e4fed6db4b55e64ee868d3fca614b547b,0000000060,本科,沈阳农学院,农业机械化,1960.00,1964.00
白玛赤林,665ef1d7fd117e0fa6520b94cca7f1575d255a0e,0000000063,本科,西藏民族学院,,1965.09,1969.12
白玛赤林,665ef1d7fd117e0fa6520b94cca7f1575d255a0e,0000000063,培训,中央党校,,1989.09,1991.07
白玛赤林,665ef1d7fd117e0fa6520b94cca7f1575d255a0e,0000000063,培训,中央党校,,2000.03,2001.01
白玛赤林,665ef1d7fd117e0fa6520b94cca7f1575d255a0e,0000000063,研究生,中央党校,党的学说与党的建设,2000.03,2002.01
白如冰,b989df458ece3efc2b1f8bea987b53c12890078d,0000000066,高中,,,,
薄熙来,58c554d450caaa3a9cf2ed688186ed394fb57ecf,0000000095,本科,北京大学,世界史,1978.02,1979.09
薄熙来,58c554d450caaa3a9cf2ed688186ed394fb57ecf,0000000095,研究生,中国社会科学院,国际新闻,1979.09,1982.08
布赫,67382f7cc70b299dde4093c94016a6a3ecc90f04,0000000121,学习,延安陕北公学,,1939.00,
布赫,67382f7cc70b299dde4093c94016a6a3ecc90f04,0000000121,学习,延安民族学院,,,
布赫,67382f7cc70b299dde4093c94016a6a3ecc90f04,0000000121,本科,延安大学,,,1946.00
曹伯纯,a38bb0c92c3553b9bf4b09c78fa3c271e3b285ef,0000000158,大专,株洲航空工业学校,,1958.09,1960.08
曹伯纯,a38bb0c92c3553b9bf4b09c78fa3c271e3b285ef,0000000158,大专,株洲航空工业专科学校,工具制造,1960.08,1963.12
曹伯纯,a38bb0c92c3553b9bf4b09c78fa3c271e3b285ef,0000000158,培训,湖南省委党校,,1981.03,1981.07
曹伯纯,a38bb0c92c3553b9bf4b09c78fa3c271e3b285ef,0000000158,进修,北京航空学院,,1982.03,1982.07
曹伯纯,a38bb0c92c3553b9bf4b09c78fa3c271e3b285ef,0000000158,培训,中央党校,,1986.09,1987.07
曹荻秋,ecf78ac48ab198381371d6fab83ebbab3a0046c0,0000000161,本科,成都师范大学,,,1930.00
曾绍山,42b8fb47d23d6d3b6a043798dc9c0c6f4f96d109,0000000209,,,,,
曾思玉,f605b424f80556eccf70875c8427a96913ab94d2,0000000212,学习,瑞金红军学校,,1932.00,
曾希圣,310e14a1af79c840c04677271d366a71c9138f8b,0000000217,学习,湖南省立第三师范学校,,1920.00,
曾希圣,310e14a1af79c840c04677271d366a71c9138f8b,0000000217,学习,黄埔军校,,1924.00,
陈邦柱,00d14d266dd551e7c43b3225fc2e0bcf2c9b1be6,0000000254,本科,重庆大学,,,1954.00
陈德铭,a59016a00ddd6744cfc06058000f91c857ba0da2,0000000291,研究生,南京大学,数量经济学,1993.06,1996.08
陈德铭,a59016a00ddd6744cfc06058000f91c857ba0da2,0000000291,研究生,南京大学,企业管理,1996.03,1999.12
陈光毅,3c81c1c2be93277cf8e83bb9b71177c0203abc79,0000000329,大专,东北工学院,机电,1950.00,1953.00
陈豪,e6774726b5fca08e3a364b6e68fb957ea5d1070e,0000000348,本科,上海市静安区业余大学,汉语言文学,1980.02,1984.01
陈豪,e6774726b5fca08e3a364b6e68fb957ea5d1070e,0000000348,进修,华东师范大学,世界经济,1989.05,1991.06
陈豪,e6774726b5fca08e3a364b6e68fb957ea5d1070e,0000000348,研究生,中欧国际工商学院,工商管理,2001.03,2003.01
陈豪,e6774726b5fca08e3a364b6e68fb957ea5d1070e,0000000348,进修,中央党校,,2006.03,2006.07
陈豪,e6774726b5fca08e3a364b6e68fb957ea5d1070e,0000000348,研究生,国防大学,,2014.05,2014.07
陈焕友,7ac96cbf13e37123d8a3c3aa0330367e6258d4f5,0000000364,本科,中国人民大学,工业经济,1952.09,1955.00
陈辉光,5cdbcd844902f6e9cbac01ec5c37a2e921bd6662,0000000366,学习,中央党校,,1982.09,1983.07
陈建国,ced71a6ce5dfa8d6396441940f112ea7d1081506,0000000387,本科,山东大学,经济,,1982.00
陈雷,19d94f5d904acc82828e71b1c26b7661b21ee985,0000000429,,,,,
陈良宇,1d89353eb943e4058088ee0336c0b91f52dbfc31,0000000434,本科,解放军后勤工程学院,结构,1963.08,1968.08
陈良宇,1d89353eb943e4058088ee0336c0b91f52dbfc31,0000000434,进修,同济大学,工程结构,1979.02,1980.01
陈良宇,1d89353eb943e4058088ee0336c0b91f52dbfc31,0000000434,培训,市机电一局党校,,1982.09,1983.04
陈良宇,1d89353eb943e4058088ee0336c0b91f52dbfc31,0000000434,学习,英国伯明翰大学,公共政策,1992.01,1992.09
陈敏尔,5443bbe5eb5bf946ecbec93c184beb5024a6f9db,0000000444,大专,绍兴师范专科学校,中文,1978.10,1981.08
陈敏尔,5443bbe5eb5bf946ecbec93c184beb5024a6f9db,0000000444,学习,浙江省委党校,,1982.09,1983.05
陈敏尔,5443bbe5eb5bf946ecbec93c184beb5024a6f9db,0000000444,培训,中央党校,,1995.09,1996.07
陈敏尔,5443bbe5eb5bf946ecbec93c184beb5024a6f9db,0000000444,研究生,中央党校,法学,1995.09,1998.07
陈明义,8bd6d71f2053b787e80e538951aae491d5dcbf85,0000000451,研究生,上海交通大学,船舶流体力学,,1966.00
陈丕显,27a6ddbd7b8257f82b76998de8f10fcc5ea675ba,0000000458,,,,,
陈璞如,8bbd766583abbfb7b221868a2e4f66e6c7dc0bc3,0000000463,,,,,
陈求发,6368c1bb29cee2a1a4b1c2cb805b28f8f9f98b07,0000000478,本科,国防科技大学,雷达对抗,1975.09,1978.10
陈求发,6368c1bb29cee2a1a4b1c2cb805b28f8f9f98b07,0000000478,进修,中央党校,,2002.03,2002.05
陈全国,bd3f09a833e54a71e834cb1d69974559e3ac5f66,0000000480,本科,郑州大学,政治经济学,1978.03,1981.12
陈全国,bd3f09a833e54a71e834cb1d69974559e3ac5f66,0000000480,研究生,武汉理工大学,经济学,1995.03,1997.07
陈伟达,c8f25523185c3459d41cd28066837ff9ccd14f84,0000000531,本科,上海暨南大学,物理,1933.00,1937.00
陈武,dab35dfa5a83d6c79788c61297b433bf6abe4a20,0000000540,学习,广西大学,哲学,1978.01,1982.01
陈武,dab35dfa5a83d6c79788c61297b433bf6abe4a20,0000000540,进修,联邦德国,宏观经济管理,1990.09,1991.12
陈武,dab35dfa5a83d6c79788c61297b433bf6abe4a20,0000000540,研究生,中央党校,法学,1997.09,2000.07
陈希同,f796448a968a0b1933271f24bd7432d04c578e7e,0000000542,本科,北京大学,,1948.00,
陈锡联,4ef9ac8388be6a80b4ee8f6e3d4279addb1e9380,0000000544,,,,,
陈毅,9997082255b3ed8edca125fecd899445c3a5ad99,0000000581,学习,成都甲种工业学校（现成都工业学院）,,1916.00,
陈政高,4db88750078c113b6171b7a5edd28a6de36c09eb,0000000612,大专,大连海运学院,海洋船舶驾驶,1972.02,1975.01
成克杰,a593bd19f167fc638db0f6642ff5bb4c1576ce30,0000000639,本科,北方交通大学,运动工程,1952.00,1957.00
成克杰,a593bd19f167fc638db0f6642ff5bb4c1576ce30,0000000639,预备,北京俄文专修学校,,1953.00,1954.00
成克杰,a593bd19f167fc638db0f6642ff5bb4c1576ce30,0000000639,培训,中央党校,,1989.09,1989.11
成克杰,a593bd19f167fc638db0f6642ff5bb4c1576ce30,0000000639,培训,中央党校,,1994.02,1994.05
程安东,3565ae9b0c651de0b6b8be5ded283af5bc9074e2,0000000642,大专,辽宁省阜新煤矿学校,,,1955.09
程安东,3565ae9b0c651de0b6b8be5ded283af5bc9074e2,0000000642,本科,合肥工业大学,采矿,,1962.07
程世清,ba29b9077daa6b4e6ca87ddc62884dee208515e9,0000000670,学习,中央党校,,1943.11,
程维高,abab2ebfc726e343d4fd3ab9c53f068e11e6c703,0000000673,大专,中央党校,,1981.00,1982.00
程子华,b40b4214bf57c8e7bd790fd755f12a802beb62e0,0000000689,学习,黄埔军校武汉分校,,1926.12,
程子华,b40b4214bf57c8e7bd790fd755f12a802beb62e0,0000000689,学习,太原国民师范,,1922.00,
程子华,b40b4214bf57c8e7bd790fd755f12a802beb62e0,0000000689,学习,中央党校,,1975.00,
程子华,b40b4214bf57c8e7bd790fd755f12a802beb62e0,0000000689,学习,中等师范学校,,,1925.00
程子华,b40b4214bf57c8e7bd790fd755f12a802beb62e0,0000000689,学习,中华全国合作社联合总社干部学校（现北京工商大学最早前身之一）,,1950.11,1952.10
池必卿,839853f1be84e5d69f05134bcd54fb1e988f3fa5,0000000690,高中,太原市友仁中学,,1935.08,
池必卿,839853f1be84e5d69f05134bcd54fb1e988f3fa5,0000000690,学习,晋冀豫边区党校,,1938.10,
储波,d34e37b590a997d6475efa2c6ef16047d566ed0f,0000000702,本科,天津大学,河川枢纽及水电站建筑,1962.09,1967.09
储波,d34e37b590a997d6475efa2c6ef16047d566ed0f,0000000702,培训,中央党校,,1994.03,1994.05
戴苏理,d49fd7668eaddc1ad9330a58a48e53fb120a8e9f,0000000771,,,,,
戴相龙,ca4c0dd4e6d8ca9e69f39962a13e99b13742eade,0000000774,本科,中央财政金融学院,会计,1967.00,
邓鸿勋,96261d9cf317c5ae841229acdea14619dfe0d302,0000000802,本科,江南大学,工业管理,1949.00,1953.00
杜家毫,a4b371f83432763e103ecfe0b9e71386ce61c6f8,0000000933,培训,上海市委党校,,1982.09,1983.01
杜家毫,a4b371f83432763e103ecfe0b9e71386ce61c6f8,0000000933,本科,华东师范大学,中文,1983.09,1988.06
杜家毫,a4b371f83432763e103ecfe0b9e71386ce61c6f8,0000000933,培训,中央党校,,1995.09,1996.07
杜家毫,a4b371f83432763e103ecfe0b9e71386ce61c6f8,0000000933,研究生,中央党校,世界经济,1995.09,1998.07
杜家毫,a4b371f83432763e103ecfe0b9e71386ce61c6f8,0000000933,研究生,中欧国际工商学院,工商管理,2005.03,2007.05
杜青林,9d58fed8028ef155f8991d7261af99d86c676996,0000000941,培训,吉林省吉林市委党校,,1964.00,1966.00
杜青林,9d58fed8028ef155f8991d7261af99d86c676996,0000000941,函授,东北师范大学,政治教育,1981.00,1984.00
杜青林,9d58fed8028ef155f8991d7261af99d86c676996,0000000941,进修,中央党校,,1990.03,1990.05
杜青林,9d58fed8028ef155f8991d7261af99d86c676996,0000000941,本科,吉林大学,法律,1989.00,1992.00
杜青林,9d58fed8028ef155f8991d7261af99d86c676996,0000000941,研究生,吉林大学,国民经济计划与管理,1994.00,1996.00
杜青林,9d58fed8028ef155f8991d7261af99d86c676996,0000000941,进修,中央党校,,2000.09,2000.11
段君毅,3e0b84c8a2ddd423b72cb84b253c17f64b025b2d,0000000968,学习,北平中国大学,,1932.00,
段君毅,3e0b84c8a2ddd423b72cb84b253c17f64b025b2d,0000000968,学习,中共中央党校,,1937.12,
冯纪新,7a7d96aa7409954df41e2317ba7308a679e3464b,0000001083,,,,,
高德占,7f2d69ca3b0c96462a34b810dce20985039f9eac,0000001171,本科,大连工学院,化工,,
高峰,abcfbc29851bcfcd8b456008bc51f358edac9b01,0000001173,,,,,
高严,adcb3990400e49e447680479dac36d7b83b4e3f4,0000001220,大专,长春电力学校,热力系统自动化,1959.08,
高严,adcb3990400e49e447680479dac36d7b83b4e3f4,0000001220,函授,吉林大学,法律,1989.00,1992.00
高严,adcb3990400e49e447680479dac36d7b83b4e3f4,0000001220,研究生,吉林大学,世界经济,1993.00,1995.00
高扬,b30e0d588fd9ed30210921197ac4d267da17777b,0000001221,预科,东北大学,法学,1928.00,
高扬,b30e0d588fd9ed30210921197ac4d267da17777b,0000001221,学习,东北大学,经济管理,1934.00,1936.08
葛洪升,cd429fc3fc4205a74d0a312290a72e44ebc79ff0,0000001249,,,,,
顾金池,9c90e9510ab69995fd33f5a9e22f427a3f776985,0000001297,,,,,
郭峰,1383ec86b4bfadb041b256e05394ad4d8a146c5e,0000001331,,长春私立自强中学,,1928.00,
郭峰,1383ec86b4bfadb041b256e05394ad4d8a146c5e,0000001331,,吉林省立第一师范,,1931.02,
郭峰,1383ec86b4bfadb041b256e05394ad4d8a146c5e,0000001331,,吉林省立第一中学,,1932.00,
郭庚茂,b1cb6508d3e3b3d51499af49d6b92e2107d27035,0000001335,专修,北京大学,政治学,1982.09,1984.09
郭庚茂,b1cb6508d3e3b3d51499af49d6b92e2107d27035,0000001335,培训,中央党校,,1995.09,1996.07
郭庚茂,b1cb6508d3e3b3d51499af49d6b92e2107d27035,0000001335,研究生,中央党校,政治经济学,1995.09,1998.07
郭金龙,9abd9ca77eba85e37e69d9e45dff1808f3a28fc7,0000001353,本科,南京大学,声学,1964.00,1969.00
郭树清,03405810eea6d5f90a23be6896281a253dc83a2b,0000001377,本科,南开大学,哲学,1978.03,1982.02
郭树清,03405810eea6d5f90a23be6896281a253dc83a2b,0000001377,研究生,中国社会科学院,马列系科学社会主义,1982.02,1985.02
郭树清,03405810eea6d5f90a23be6896281a253dc83a2b,0000001377,博士,中国社会科学院,马列系科学社会主义,1985.02,1988.07
郭树清,03405810eea6d5f90a23be6896281a253dc83a2b,0000001377,访问,英国牛津大学,,1986.07,1987.08
郭树言,a0ed1dd2fa6a39aa3ae35494fc6fc2a334918d4a,0000001379,本科,南开大学,物理,1952.09,1953.07
郭树言,a0ed1dd2fa6a39aa3ae35494fc6fc2a334918d4a,0000001379,学习,北京俄文专修学校,,1953.07,1954.08
郭树言,a0ed1dd2fa6a39aa3ae35494fc6fc2a334918d4a,0000001379,本科,苏联乌拉尔工学院（现为乌拉尔联邦大学）,黑色金属铸造,1954.08,1959.10
郭树言,a0ed1dd2fa6a39aa3ae35494fc6fc2a334918d4a,0000001379,进修,中央党校,,1998.03,1998.05
郭振乾,f2bdf7c821b6d782626882400d1f2a0422dcf501,0000001414,本科,中国人民大学,贸易,,1954.00
韩光,fcb7c59b1464949459ae2e02c887f6bdb97faa84,0000001429,学习,哈尔滨学院,,1930.00,
韩光,fcb7c59b1464949459ae2e02c887f6bdb97faa84,0000001429,学习,苏联莫斯科东方劳动者共产主义大学,,1935.00,
韩培信,ebb4b30462f5a9d84e7217fa4d294826fdf1da36,0000001438,,,,,
韩先楚,665ce39f1601669cb3331f2f79714acd096a148e,0000001447,,延安抗日军政大学,,1937.00,
韩先楚,665ce39f1601669cb3331f2f79714acd096a148e,0000001447,,军政学院、军事学院,,1941.03,
韩寓群,50b35b0ee6d246f51e549dae1ccb863445f1fd7d,0000001460,本科,南京化工学院,基本有机合成,1962.09,1967.09
韩长赋,6af4ea95025aa2ba265dfae64722bafb740e6d9d,0000001463,学习,黑龙江省呼兰师范学校,,1975.10,1976.07
韩长赋,6af4ea95025aa2ba265dfae64722bafb740e6d9d,0000001463,大专,中国人民大学,中文,1980.12,1985.12
韩长赋,6af4ea95025aa2ba265dfae64722bafb740e6d9d,0000001463,本科,中国人民大学,中文,1980.12,1985.12
韩长赋,6af4ea95025aa2ba265dfae64722bafb740e6d9d,0000001463,研究生,中国政法大学,经济法,1990.03,1993.03
韩长赋,6af4ea95025aa2ba265dfae64722bafb740e6d9d,0000001463,进修,中央党校,,1992.09,1993.01
韩长赋,6af4ea95025aa2ba265dfae64722bafb740e6d9d,0000001463,培训,中央党校,,1997.09,1998.07
韩长赋,6af4ea95025aa2ba265dfae64722bafb740e6d9d,0000001463,博士,清华大学,法学,2002.09,2007.01
韩正,9392537b781083a546a0dc6eacfdddb60a148193,0000001464,大专,复旦大学,,1983.00,1985.00
韩正,9392537b781083a546a0dc6eacfdddb60a148193,0000001464,学习,华东师范大学,政教,1985.00,1987.00
韩正,9392537b781083a546a0dc6eacfdddb60a148193,0000001464,研究生,华东师范大学,国际关系与世界经济,1991.00,1994.00
郝鹏,897d35f25dad43710608174c038b5566df7c7f02,0000001480,本科,西北工业大学,飞行器制造工程,1978.10,1982.07
郝鹏,897d35f25dad43710608174c038b5566df7c7f02,0000001480,研究生,西北工业大学,航空系统工程,1997.09,2000.12
何竹康,4784a799e5c2e50abafa0240839ecc4deeeee106,0000001558,学习,苏中江海公学,,1947.00,
何竹康,4784a799e5c2e50abafa0240839ecc4deeeee106,0000001558,学习,中国人民大学,,1951.00,
何竹康,4784a799e5c2e50abafa0240839ecc4deeeee106,0000001558,学习,北京俄文专修学校,,1952.00,
何竹康,4784a799e5c2e50abafa0240839ecc4deeeee106,0000001558,学习,苏联国立莫斯科经济学院,国民经济计划,1953.00,
贺国强,0987f622b2815e537a8143d79746aec82df48a6b,0000001567,本科,北京化工学院,无机物工学,1961.00,1966.00
洪虎,84e33cb61e0f4ec2d45542e173c9239314656169,0000001577,本科,北京工业学院（现北京理工大学）,液体火箭推进剂,1958.09,1963.09
侯宗宾,f234f55181cc45ecbe10f4e9ab4618527cd6afd3,0000001613,学习,中共中央第五中级党校,,1956.00,1957.00
侯宗宾,f234f55181cc45ecbe10f4e9ab4618527cd6afd3,0000001613,学习,解放军政治学院,,1963.00,1964.00
胡春华,5debbac24f93d2c023bf2709c8ce9b28861c7c65,0000001626,本科,北京大学,中文,1979.09,1983.08
胡春华,5debbac24f93d2c023bf2709c8ce9b28861c7c65,0000001626,培训,中央党校,,1996.09,1997.12
胡春华,5debbac24f93d2c023bf2709c8ce9b28861c7c65,0000001626,研究生,中央党校,世界经济,1996.09,1999.07
胡春华,5debbac24f93d2c023bf2709c8ce9b28861c7c65,0000001626,进修,中央党校,,2000.09,2000.11
胡富国,6006c747d6c940750a695edb4d47ced3dc7406b8,0000001631,大专,山西省潞安矿务局煤矿学校,采煤,1958.08,1960.10
胡富国,6006c747d6c940750a695edb4d47ced3dc7406b8,0000001631,学习,辽宁煤矿师范学院,,1960.10,1961.09
胡富国,6006c747d6c940750a695edb4d47ced3dc7406b8,0000001631,本科,辽宁阜新矿业学院,煤层地下开采,1961.09,1964.09
胡锦涛,ce0904284d5f0617cf8b8ec030439bf79d89429b,0000001650,本科,清华大学,河川枢纽电站,1959.00,1964.00
胡锦涛,ce0904284d5f0617cf8b8ec030439bf79d89429b,0000001650,,清华大学,,1964.00,1965.00
胡平,dd50ac471f5e97d98cc5eedf316e660e18501c0b,0000001661,,,,,
华国锋,2168f9ebc4e03c4dc452464a9f1bedbd62989f32,0000001703,,,,,
黄华华,9527c3ae37852253df8e2e5def2d66c0a1bf98ec,0000001752,本科,中山大学,数学,1964.09,1989.09
黄华华,9527c3ae37852253df8e2e5def2d66c0a1bf98ec,0000001752,研究生,中央党校,,1983.09,1985.07
黄华华,9527c3ae37852253df8e2e5def2d66c0a1bf98ec,0000001752,研究生,国防大学,,1994.09,1994.12
黄璜,4171ff1f1a731ac0199d880be83be66390a6d761,0000001753,,,,,
黄火青,a47c1f62383ccc1d26affbcfa56d19482c3a7ee7,0000001755,,,,,
黄敬,9a3cac015aedf374f92c50b5ebd40b3814783a1d,0000001772,高中,天津南开中学、汇文中学,,1924.00,
黄敬,9a3cac015aedf374f92c50b5ebd40b3814783a1d,0000001772,学习,国立青岛大学（今山东大学与中国海洋大学）,,1931.00,
黄敬,9a3cac015aedf374f92c50b5ebd40b3814783a1d,0000001772,本科,北京大学,数学,1935.00,
黄静波,ed245d5705728fbb40f26c7d9122bbf7b9c7284d,0000001774,学习,中央党校,,1962.00,1965.00
黄菊,102014b0ac7c6f83909463bde32f3591dae22b4d,0000001775,本科,清华大学,电机制造,1956.00,1963.00
黄克诚,a21fae5aab6273a49ac9b2d364e59092d2a304d9,0000001781,学习,广州中央政治讲习班,,1926.00,
黄克诚,a21fae5aab6273a49ac9b2d364e59092d2a304d9,0000001781,学习,衡阳湖南省立第三师范学校,,1922.00,
黄欧东,7ae14f1b6a9c8c24c1127a28a0c999ce5d150be2,0000001797,,,,,
黄奇帆,b65298bf69e054fd1ed5415de4229422bf4d850f,0000001805,本科,上海机械学院,自动化仪表,1974.09,1977.09
黄奇帆,b65298bf69e054fd1ed5415de4229422bf4d850f,0000001805,研究生,中欧国际工商学院,工商管理,1998.02,1999.12
黄小晶,b645f7f87b03d949f9ccb4b6a9e410c65075a8ff,0000001857,本科,南京工学院,工业与民用建筑,1964.09,1970.09
黄兴国,293c4833ef7ca273d6b1a855510b122551cf9447,0000001864,进修,浙江省委党校,马列主义基础理论,1980.11,1982.10
黄兴国,293c4833ef7ca273d6b1a855510b122551cf9447,0000001864,培训,中央党校,,1995.09,1996.07
黄兴国,293c4833ef7ca273d6b1a855510b122551cf9447,0000001864,研究生,中央党校,法学,1995.09,1998.07
黄兴国,293c4833ef7ca273d6b1a855510b122551cf9447,0000001864,博士,同济大学,管理科学与工程,2001.09,2004.08
黄岩,1da036decc0596dbebfbd6ffc137280ec89d37b2,0000001871,学习,延安中央党校,,1937.09,
黄智权,b823a1ae8e554628e7ba485014b11dc7c4a93846,0000001910,学习,浙江农业大学,农机,1958.09,1960.09
黄智权,b823a1ae8e554628e7ba485014b11dc7c4a93846,0000001910,本科,浙江农业大学,农机,1960.09,1963.09
回良玉,dfa54cb21067ab084622c50329001f700881197c,0000001915,大专,吉林省农业学校,,1961.00,1964.00
回良玉,dfa54cb21067ab084622c50329001f700881197c,0000001915,大专,吉林省委党校,党政干部基础,1984.00,1987.00
惠浴宇,6ec6989260b9e7265c1ef74d058198849eabd799,0000001918,学习,江苏省第八师范,,,
惠浴宇,6ec6989260b9e7265c1ef74d058198849eabd799,0000001918,,抗日军政大学,,1937.10,
霍士廉,e0d93da0dcd048e38fb5e9e608fd33d4cdad5651,0000001922,,北京宏达学院,,1931.00,
吉炳轩,9a48b94aaf6d62f92e289676333aca73702c4e2f,0000001930,本科,郑州大学,本科,1975.00,1978.00
季允石,744b31c152bfba7e1a986d97a18c03dad309cfee,0000001943,本科,山东大学,物理,1964.09,1969.07
季允石,744b31c152bfba7e1a986d97a18c03dad309cfee,0000001943,进修,中央党校,,1992.03,1992.06
贾庆林,25c708e508b3d768c51403706e87dc7741150edd,0000001961,大专,石家庄工业管理学校,工业企业计划,1956.00,1958.00
贾庆林,25c708e508b3d768c51403706e87dc7741150edd,0000001961,本科,河北工学院,电机电器设计与制造,1958.00,1962.00
贾志杰,e9e4d9c8f417c8ab18dc42971680026ed037bbe9,0000001976,学习,北京外语学院,留苏预备部,1954.09,1955.09
贾志杰,e9e4d9c8f417c8ab18dc42971680026ed037bbe9,0000001976,本科,苏联莫斯科石油学院,石油化工机械制造,1955.09,
贾治邦,4b9a8b0d8b22791ab18773a731d0590e2186e475,0000001977,本科,杭州无线电工业学校管理学院（现杭州电子科技大学）,工业经济管理,1978.06,1980.06
贾治邦,4b9a8b0d8b22791ab18773a731d0590e2186e475,0000001977,学习,中国人民大学,国民经济管理,,
江华,856718d708225d1dfb01c2de8edb69f583beb685,0000001992,学习,湖南省立第三师范学校,,1925.00,
江渭清,0b309e9cd441e9adbdcde9338275565d4a5e2343,0000002007,,,,,
江一真,0c48bef8b56701b2da6c42e5ba50287d44c9bbc2,0000002009,学习,中央红军卫生学校,,1932.00,
姜春云,5d242432bcee3d5d9af7fb0922712325592c5829,0000002019,学习,山东省莱西县教师训练班,,1946.00,1949.00
姜春云,5d242432bcee3d5d9af7fb0922712325592c5829,0000002019,函授,中国语言文学自修大学,,1985.00,1987.00
姜大明,75b48fa7f10db055156ecc6c4ad8738650be2b72,0000002020,本科,黑龙江大学,哲学,1978.03,1982.01
姜大明,75b48fa7f10db055156ecc6c4ad8738650be2b72,0000002020,研究生,哈尔滨工业大学,技术经济,1994.10,1996.05
姜大明,75b48fa7f10db055156ecc6c4ad8738650be2b72,0000002020,进修,中央党校,,1996.03,1996.05
姜大明,75b48fa7f10db055156ecc6c4ad8738650be2b72,0000002020,研究生,中央党校,政治学,1998.09,2001.07
蒋超良,622b23e50f203c921ae38cccacf6aedc0ce704f8,0000002051,本科,湖南财经学院,财政,1978.08,1981.08
蒋超良,622b23e50f203c921ae38cccacf6aedc0ce704f8,0000002051,研究生,西南财经大学,货币银行学,1993.09,1996.07
蒋超良,622b23e50f203c921ae38cccacf6aedc0ce704f8,0000002051,进修,中央党校,,2008.05,2008.07
蒋定之,4d86e929c567ed7acb4787f69f7072963ddf28dd,0000002056,大专,江苏省镇江地区第二师范学校,,1977.03,1979.01
蒋定之,4d86e929c567ed7acb4787f69f7072963ddf28dd,0000002056,本科,南京理工大学,环境工程,1998.09,2001.03
蒋定之,4d86e929c567ed7acb4787f69f7072963ddf28dd,0000002056,研究生,中央党校,政治学,2002.09,2005.07
蒋巨峰,07ff9affdb158e379b42f5609f5cdb260cd35efb,0000002066,本科,复旦大学,政治经济学,1978.10,1982.07
蒋巨峰,07ff9affdb158e379b42f5609f5cdb260cd35efb,0000002066,进修,中央党校,,1991.04,1991.07
蒋巨峰,07ff9affdb158e379b42f5609f5cdb260cd35efb,0000002066,培训,中央党校,,1996.09,1997.07
蒋祝平,ce09d034ccee2fe29306f9d0b37140d0ff55bce4,0000002082,学习,哈尔滨军事工程学院,导弹工程,,1963.00
焦若愚,01268dc1f82f116982b707d717c0eb9b6fbaa3e0,0000002086,,,,,
解学恭,c1af08b054f27b9c5796ae1ac5e08b8799960d01,0000002100,,,,,
金基鹏,06daa5c992e997eb72276c756c08376815601e4c,0000002109,专科,江苏省南京市立商业职业学校,,1947.07,1950.05
金基鹏,06daa5c992e997eb72276c756c08376815601e4c,0000002109,学习,中国逻辑与语言函授大学,党政,1985.00,1988.00
柯庆施,0375b2653bc86c962b7b6f26aad4f893a9cfb365,0000002156,高中,安徽省立第二中学,,,
赖若愚,53db045cecb09c6ea1d29d2271837da6d85092ab,0000002185,本科,北京大学,,,
赖若愚,53db045cecb09c6ea1d29d2271837da6d85092ab,0000002185,学习,延安中央党校,,1937.00,
李斌,556d3d82f2c48ece9a9fc10761eb2ebb79779502,0000002240,本科,吉林大学,政治经济学,1978.03,1982.01
李成玉,6f80b40f1c84ec6ffa9605a9359177eee669ce9c,0000002264,培训,中央民族学院,,1974.07,1975.07
李成玉,6f80b40f1c84ec6ffa9605a9359177eee669ce9c,0000002264,培训,中央党校,,,
李成玉,6f80b40f1c84ec6ffa9605a9359177eee669ce9c,0000002264,进修,中央党校,,1983.09,1985.08
李大章,dfa1dffb9d14e23431a9ade36e22bfac287f116d,0000002286,高中,合江中学,,,
李大章,dfa1dffb9d14e23431a9ade36e22bfac287f116d,0000002286,专科,成都留法勤工俭学预备学校,,,
李德生,1d8da2abb58ca63f46b4834a5a94ca356c7b912d,0000002294,,,,,
李登瀛,70e7b064b57191127aadae5788758e4003d02e34,0000002298,,,,,
李贵鲜,4a97d17a65b6acae44b12b88b31663bfbb4115d1,0000002346,培训,北京外国语学院,,1959.00,1960.00
李贵鲜,4a97d17a65b6acae44b12b88b31663bfbb4115d1,0000002346,培训,中国科学技术大学,,1959.00,1960.00
李贵鲜,4a97d17a65b6acae44b12b88b31663bfbb4115d1,0000002346,本科,苏联莫斯科门氏化工学院,电真空化学,1960.00,1965.00
李鸿忠,eb636270378826299f1940918a8ee574afb3a2fd,0000002382,本科,吉林大学,历史学,1978.02,1982.02
李鸿忠,eb636270378826299f1940918a8ee574afb3a2fd,0000002382,培训,中央党校,,1996.09,1997.07
李鸿忠,eb636270378826299f1940918a8ee574afb3a2fd,0000002382,学习,美国哈佛大学,政治,1997.07,
李纪恒,4be79fd56154cb8130f0e856f757790df4723de1,0000002395,本科,广西大学,文学创作,1976.11,1979.08
李纪恒,4be79fd56154cb8130f0e856f757790df4723de1,0000002395,培训,中央党校,,1995.09,1996.07
李纪恒,4be79fd56154cb8130f0e856f757790df4723de1,0000002395,研究生,中央党校,经济管理,1995.09,1998.07
李纪恒,4be79fd56154cb8130f0e856f757790df4723de1,0000002395,博士,中国社会科学院,农业经济管理,1999.09,2003.07
李嘉廷,244794c365eaf7dfe74842d16e52006b866371ec,0000002403,本科,清华大学,电机与电器制造,,1968.00
李建国,47526d6c0c3be9a5ba750ca7a6ea29454389c618,0000002408,本科,山东大学,汉语言文学,1964.00,1969.00
李锦斌,3c28a066bc9342a11cdd64e4cccf84abc76e9cc5,0000002446,学习,长春师范学院,历史,1980.07,1982.08
李锦斌,3c28a066bc9342a11cdd64e4cccf84abc76e9cc5,0000002446,研究生,吉林大学,政治学,1989.07,1992.07
李锦斌,3c28a066bc9342a11cdd64e4cccf84abc76e9cc5,0000002446,培训,中央党校,,1995.09,1996.07
李锦斌,3c28a066bc9342a11cdd64e4cccf84abc76e9cc5,0000002446,博士,吉林大学,政治学理论,1995.09,1998.06
李锦斌,3c28a066bc9342a11cdd64e4cccf84abc76e9cc5,0000002446,进修,美国芝加哥伊利诺伊大学,MBA,1996.06,1999.11
李井泉,1d080017de94d559078a8f91a3b00659866fd653,0000002453,,省立第三师范,,,
李井泉,1d080017de94d559078a8f91a3b00659866fd653,0000002453,,延安中央党校,,,
李克强,ba71b2a945ba970e730a617101c1b158ff7b8bcd,0000002486,本科,北京大学,法律,1978.00,1982.00
李克强,ba71b2a945ba970e730a617101c1b158ff7b8bcd,0000002486,进修,中央党校,,1991.09,1991.11
李克强,ba71b2a945ba970e730a617101c1b158ff7b8bcd,0000002486,研究生,北京大学,经济学,1988.00,1994.00
李克强,ba71b2a945ba970e730a617101c1b158ff7b8bcd,0000002486,博士,北京大学,经济学,1988.00,1994.00
李力安,9dbeb26db1f76cef85ab285e75e6aca2b0f178aa,0000002496,,,,,
李立,aff6f650824a5b9c3155578b53fade8db8b9951a,0000002498,,,,,
李强,0884fa0343c1be6921331c08a6909de2eeb9ff7e,0000002553,研究生,中央党校,工商管理,,
李庆伟,adeefebf0da3e17e1823061d483b84d04d0fe5bf,0000002571,,,,,
李瑞环,8fc6d8e7a1ac52b5618ea77bc1ae2b5fe3b7826e,0000002591,本科,北京建工业余学院,工业与民用建筑,1958.00,1963.00
李瑞山,36cea89a0bda212b23da2ff7e36adb809d0dcaa8,0000002592,,,,,
李希,fbb655dd0c7d573449a9e8379f3bb3d30caa618a,0000002679,本科,西北师范学院,汉语言文学,1978.03,1982.01
李希,fbb655dd0c7d573449a9e8379f3bb3d30caa618a,0000002679,进修,中央党校,,2004.03,2004.07
李希,fbb655dd0c7d573449a9e8379f3bb3d30caa618a,0000002679,研究生,清华大学,工商管理,2008.09,2011.01
李先念,4a971dc460e86d6ffa325a85b28154353124f988,0000002683,,,,,
李小鹏,a2dca465a9da15f52e4c824210e20535e8493eaa,0000002694,本科,华北电力学院,发电厂及电力系统,1978.10,1982.08
李小鹏,a2dca465a9da15f52e4c824210e20535e8493eaa,0000002694,培训,加拿大安大略水电局、曼尼吐巴直流高压输电研究中心、曼尼吐巴大学,,1987.02,1988.02
李小鹏,a2dca465a9da15f52e4c824210e20535e8493eaa,0000002694,专科,北京经济函授大学,经济管理,1989.04,1991.04
李小鹏,a2dca465a9da15f52e4c824210e20535e8493eaa,0000002694,培训,中央党校,,2001.03,2002.01
李小鹏,a2dca465a9da15f52e4c824210e20535e8493eaa,0000002694,培训,中央党校,,2006.05,2006.07
李学勇,02d54183c7d935d85c9fa7c205f41ae65db78d54,0000002721,本科,北京化工学院（今北京化工大学）,高分子化工,1978.03,1982.02
李学勇,02d54183c7d935d85c9fa7c205f41ae65db78d54,0000002721,进修,中央党校,,1999.03,1999.05
李学勇,02d54183c7d935d85c9fa7c205f41ae65db78d54,0000002721,培训,国家行政学院,,2001.08,2001.11
李雪峰,1af1d1beb6f2b51cba1e750f9680643925fe73cb,0000002723,,太原国民师范学院,,1925.00,
李雪峰,1af1d1beb6f2b51cba1e750f9680643925fe73cb,0000002723,,山西大学,,1931.00,
李源潮,7e038f7f8e03b3cfe97c72855bbe7f6e4b103921,0000002786,本科,上海师范大学,数学,1972.00,1974.00
李源潮,7e038f7f8e03b3cfe97c72855bbe7f6e4b103921,0000002786,研究生,北京大学,理学,1988.00,1991.00
李源潮,7e038f7f8e03b3cfe97c72855bbe7f6e4b103921,0000002786,博士,中央党校,科学社会主义,1991.00,1995.00
李泽民,abb674db29ef8d4c1532195c1546b704ecd5f08e,0000002800,本科,中国人民大学,中共党史,,
李长春,f64979b22addac4c5ca9119ceee3aeeecf818060,0000002804,本科,哈尔滨工业大学,工业企业自动化,1961.00,1966.00
李兆焯,06881004077e6a93bd7aa6e45d0c7aa6ccf30077,0000002811,本科,广西大学,农田水利工程,1963.00,1968.00
李兆焯,06881004077e6a93bd7aa6e45d0c7aa6ccf30077,0000002811,培训,广西区党委党校,,1982.00,1983.00
李兆焯,06881004077e6a93bd7aa6e45d0c7aa6ccf30077,0000002811,培训,中央党校,,1987.02,1987.07
栗战书,c06cc3e6651d4ff1e770a5e3d0a3986ecabf5bef,0000002868,学习,河北省石家庄地区财贸学校,物价专业学,1971.00,1972.00
栗战书,c06cc3e6651d4ff1e770a5e3d0a3986ecabf5bef,0000002868,本科,河北师范大学,政教,1980.00,1983.00
栗战书,c06cc3e6651d4ff1e770a5e3d0a3986ecabf5bef,0000002868,培训,中央党校,,1988.02,1988.08
栗战书,c06cc3e6651d4ff1e770a5e3d0a3986ecabf5bef,0000002868,学习,中央党校,经济,1992.00,1994.00
栗战书,c06cc3e6651d4ff1e770a5e3d0a3986ecabf5bef,0000002868,研究生,中国社会科学院,商业经济,1996.00,1998.00
栗战书,c06cc3e6651d4ff1e770a5e3d0a3986ecabf5bef,0000002868,研究生,哈尔滨工业大学,工商管理,2005.00,2007.00
梁保华,15724d09a41da7505e12c8a6796af7d60d228e83,0000002878,本科,复旦大学,新闻,1963.09,1968.08
梁保华,15724d09a41da7505e12c8a6796af7d60d228e83,0000002878,培训, 省委党校,,1972.10,1973.01
梁步庭,40c28ecbc8fc7988518f8536b3833dbef2f3a9e0,0000002883,,,,,
梁灵光,e4317fc063e63e48336d7db2c05014c1f6e53611,0000002909,,,,,
梁湘,197efd080c7d748213c05bebba69285d1d9f6455,0000002928,本科,北京师范大学,,,
廖志高,1d153c53b244d5f8e38949fc1f83a0be5d5df035,0000002966,学习,四川省立第二师范学校,,1930.00,
列确,03172cf0afebff43314aa5317a93eb03ca4b55ee,0000002967,专科,中央党校,,1983.09,1985.07
林乎加,c6c11c753be7354c241905bd6f431cb92e7dcd4b,0000002991,高中,,,,
林若,ac86eebd52eb1b7db22d58cb72dc6d20b66a57b5,0000003025,本科,中山大学,文学,1945.00,
林树森,135cc161d940c7fda1070d550febaa15621474cf,0000003035,本科,华南理工大学,工民建,1965.09,1970.08
林树森,135cc161d940c7fda1070d550febaa15621474cf,0000003035,培训,中央党校,,1991.09,1992.07
林铁,14e93a704902db09e4129e6f5f2e35549ebce45d,0000003039,,北京中国大学,,1925.00,
林铁,14e93a704902db09e4129e6f5f2e35549ebce45d,0000003039,,国立北京中俄大学,,,
林铁,14e93a704902db09e4129e6f5f2e35549ebce45d,0000003039,,法政大学,,,
林铁,14e93a704902db09e4129e6f5f2e35549ebce45d,0000003039,,巴黎大学,,,
林铁,14e93a704902db09e4129e6f5f2e35549ebce45d,0000003039,,莫斯科东方大学,,,
刘赐贵,c4c9a0839d730997e23f16909658bc3539ae30ae,0000003113,培训,福建省委党校,,1981.08,1983.08
刘赐贵,c4c9a0839d730997e23f16909658bc3539ae30ae,0000003113,本科,中央党校,经济管理,1994.08,1996.12
刘赐贵,c4c9a0839d730997e23f16909658bc3539ae30ae,0000003113,进修,中央党校,,2001.09,2002.01
刘赐贵,c4c9a0839d730997e23f16909658bc3539ae30ae,0000003113,研究生,厦门大学,海洋生物学,2000.10,2002.10
刘赐贵,c4c9a0839d730997e23f16909658bc3539ae30ae,0000003113,研究生,中央党校,科学社会主义,2003.03,2005.01
刘方仁,76851a11fbe8ea09355a045faa31882e03f6755e,0000003127,专科,沈阳建筑材料工业学院（现沈阳建筑大学）,硅酸盐,1958.09,1962.07
刘方仁,76851a11fbe8ea09355a045faa31882e03f6755e,0000003127,培训,中央党校,,1994.05,
刘格平,8ee141812700bc4ec251d2d724b152045180688f,0000003147,,,,,
刘慧,93f9cdeb4190889b5ca797e91903495f34976d27,0000003198,研究生,中央党校,经济管理,,
刘杰,e6b7e357848f56b0265d8808d1778855932d216f,0000003232,高中,沧州市第一中学,,,
刘明辉,ddf2b7e96f669a8b8025a02ed56b8267b915de2d,0000003278,,,,,
刘奇葆,ed0f563fdfdc0d15d2500fe5ab0f481e370153f8,0000003295,本科,安徽师范大学,历史学,1972.00,1974.00
刘奇葆,ed0f563fdfdc0d15d2500fe5ab0f481e370153f8,0000003295,进修,中央党校,,1992.09,1992.12
刘奇葆,ed0f563fdfdc0d15d2500fe5ab0f481e370153f8,0000003295,研究生,吉林大学,国民经济计划和管理,1991.00,1993.00
刘淇,898d55a3bd3c20dbe6642a2760519cd620f8260f,0000003296,本科,北京钢铁学院,钢铁冶金,1959.00,1964.00
刘淇,898d55a3bd3c20dbe6642a2760519cd620f8260f,0000003296,研究生,北京钢铁学院,炼铁,1964.00,1968.00
刘伟平,d674833b5df49c017ff8fa6a2ee818a08ba833bf,0000003364,本科,南京航空学院,飞机设计,1972.04,1976.01
刘伟平,d674833b5df49c017ff8fa6a2ee818a08ba833bf,0000003364,培训,中央党校,,1998.09,1999.07
刘伟平,d674833b5df49c017ff8fa6a2ee818a08ba833bf,0000003364,研究生,中央党校,世界经济,1998.09,2001.07
刘贤权,2bbe543adae6ef65d3530933ae59ff5f1f9c59ff,0000003381,专科,解放军军事学院,,,
刘振华,12b02d6f8c157263c7f141128013cd91c37db438,0000003473,高中,抚顺二中,,,1961.00
刘振华,12b02d6f8c157263c7f141128013cd91c37db438,0000003473,本科,东北工学院,真空技术设备,,
刘正威,449e1d2a56431951791b4ba8ecaaf6a0fd0ab116,0000003480,,,,,
刘子厚,53fc5eab8302ab5f04394e5cbc27e9f1abad286d,0000003504,,,,,
娄勤俭,c56c5967165820d03ed5461dac2b11821297a0d3,0000003541,本科,华中工学院,外部设备,1978.03,1982.02
娄勤俭,c56c5967165820d03ed5461dac2b11821297a0d3,0000003541,研究生,电子工业部第十五研究所,计算机组织与系统结构,1985.09,1988.07
娄勤俭,c56c5967165820d03ed5461dac2b11821297a0d3,0000003541,培训,中央党校,,1996.09,1997.07
娄勤俭,c56c5967165820d03ed5461dac2b11821297a0d3,0000003541,博士,华中科技大学,计算机系统结构,1998.05,2003.12
娄勤俭,c56c5967165820d03ed5461dac2b11821297a0d3,0000003541,进修,中央党校,,2001.03,2001.05
娄勤俭,c56c5967165820d03ed5461dac2b11821297a0d3,0000003541,进修,中央党校,,2007.03,2007.05
卢荣景,87cb36fb15588cf6bd644f5e42e698ebcb57761f,0000003552,,,,,
卢瑞华,a690f40b0fc5ff4f145e6fb439ffb793dce21617,0000003553,本科,中山大学,物理,1958.00,1963.00
卢瑞华,a690f40b0fc5ff4f145e6fb439ffb793dce21617,0000003553,研究生,中山大学,分子光谱,1963.00,1966.00
卢展工,ae4c22d13b924aaa72d655065ae88f772d9a6edc,0000003568,学习,黑龙江省建筑工程学校,工业与民用建筑,1972.00,1974.00
卢展工,ae4c22d13b924aaa72d655065ae88f772d9a6edc,0000003568,学习,华东工程学院,自动武器设计,1978.00,1979.00
卢展工,ae4c22d13b924aaa72d655065ae88f772d9a6edc,0000003568,本科,哈尔滨建筑工程学院,工业与民用建筑,1979.00,1982.00
卢展工,ae4c22d13b924aaa72d655065ae88f772d9a6edc,0000003568,进修,中央党校,经济,1987.03,1987.07
鲁大东,9e417d300f3a78afd869a820f4b81d528f9c0882,0000003571,本科,中国美术学院,书法篆刻,2002.00,
鲁瑞林,f3e7143b5532ab719ed311ccf8913825e7855c4d,0000003577,,,,,
陆昊,92e47de11c70156be87b17c064fddf79d0a8116e,0000003591,本科,北京大学,国民经济管理学,1985.09,1989.08
陆昊,92e47de11c70156be87b17c064fddf79d0a8116e,0000003591,研究生,北京大学,国民经济计划与管理,1991.09,1994.07
陆昊,92e47de11c70156be87b17c064fddf79d0a8116e,0000003591,进修,中央党校,,2001.09,2002.01
陆昊,92e47de11c70156be87b17c064fddf79d0a8116e,0000003591,培训,国防大学,,2007.10,2007.12
陆昊,92e47de11c70156be87b17c064fddf79d0a8116e,0000003591,进修,中央党校,,2010.11,2011.01
陆浩,92e47de11c70156be87b17c064fddf79d0a8116e,0000003592,学习,沈阳化校,分析化学,1963.09,1967.09
陆浩,92e47de11c70156be87b17c064fddf79d0a8116e,0000003592,学习,大连工学院,化学工程,1975.09,1976.09
陆浩,92e47de11c70156be87b17c064fddf79d0a8116e,0000003592,本科,兰州大学,化学,1978.02,1982.02
陆浩,92e47de11c70156be87b17c064fddf79d0a8116e,0000003592,研究生,中央党校,政治学,2000.09,2003.07
鹿心社,1a7c6f3b66f3e40ddf4e04da211970e3b6141925,0000003610,本科,武汉水利电力学院,农田水利工程,1978.09,1982.08
鹿心社,1a7c6f3b66f3e40ddf4e04da211970e3b6141925,0000003610,培训,西北农业大学,,1985.11,1986.08
鹿心社,1a7c6f3b66f3e40ddf4e04da211970e3b6141925,0000003610,进修,联邦德国黑森洲测量局、汉诺威地籍局,,1987.04,1988.04
鹿心社,1a7c6f3b66f3e40ddf4e04da211970e3b6141925,0000003610,培训,中央党校中央国家机关分部,,1989.02,1989.07
鹿心社,1a7c6f3b66f3e40ddf4e04da211970e3b6141925,0000003610,进修,中央党校,,2000.09,2000.11
鹿心社,1a7c6f3b66f3e40ddf4e04da211970e3b6141925,0000003610,进修,中央党校,,2007.03,2007.04
鹿心社,1a7c6f3b66f3e40ddf4e04da211970e3b6141925,0000003610,进修,中央党校,,2014.05,2014.07
罗保铭,44cbe6dc49f94ce62916a111e37121a0a5c19bfc,0000003625,专科,天津师范专科学校,中文,1978.11,1981.09
罗保铭,44cbe6dc49f94ce62916a111e37121a0a5c19bfc,0000003625,研究生,南开大学,中国明清史,1991.09,1995.01
罗清泉,2cdbab783eac5b51f79a2a4482c4d6f8301158ae,0000003665,本科,武汉水运工程学院（现武汉理工大学）,船舶制造与修理,1963.09,1968.09
罗清泉,2cdbab783eac5b51f79a2a4482c4d6f8301158ae,0000003665,培训,中央党校,,1983.09,1985.08 
罗志军,323a5f67419df409900a121caff7f96c2d44e579,0000003699,研究生,中国政法大学,政治学,1994.01,1995.09
洛桑江村,b86bf7487eaff8242cff7d7c01abad60c5be6824,0000003704,本科,西藏民族学院,语文,1971.12,1976.02
洛桑江村,b86bf7487eaff8242cff7d7c01abad60c5be6824,0000003704,培训,中央党校,,1990.09,1991.07
洛桑江村,b86bf7487eaff8242cff7d7c01abad60c5be6824,0000003704,培训,中央党校,,2001.03,2002.02
洛桑江村,b86bf7487eaff8242cff7d7c01abad60c5be6824,0000003704,研究生,中央党校,马克思主义哲学,2001.03,2004.01
骆惠宁,751a1b93683c8d12d86d3d72ef0bd5daff824913,0000003706,本科,安徽大学,政治经济学,1978.10,1982.08
骆惠宁,751a1b93683c8d12d86d3d72ef0bd5daff824913,0000003706,进修,安徽大学,,1988.09,1989.09
骆惠宁,751a1b93683c8d12d86d3d72ef0bd5daff824913,0000003706,进修,安徽省委党校,,1991.09,1992.06
骆惠宁,751a1b93683c8d12d86d3d72ef0bd5daff824913,0000003706,研究生,中国科学技术大学,管理与工程,1999.09,2002.01
骆惠宁,751a1b93683c8d12d86d3d72ef0bd5daff824913,0000003706,研究生,中国人民大学,政治经济学,2000.09,2003.07
马飚,ca89ff71fd82e935c4e0be86b83903da4f7ba502,0000003748,本科,中央民族学院,政治经济学,1978.00,1982.00
马力,8d761c3c9994f699468756aad679eee1c261ae5b,0000003791,,,,,
马明方,5fd4a73dcd048da9c2410b3b1a6561dcf14f0992,0000003799,,绥德师范学校,,,
马明方,5fd4a73dcd048da9c2410b3b1a6561dcf14f0992,0000003799,,陕西省农业机械化专科学校,,,
马信,dc59f3f16aa33c77d12ff1e514e1ee50bfb23fff,0000003836,,,,,
马兴元,b517b5f9bea73512adac5687d180fdb0516a1564,0000003837,,,,,
马忠臣,d33d685a3bd50757b1e3d84870d769a7c2753ec0,0000003870,专科,中央党校,,1980.09,1981.07
毛致用,f725845e57b54efc5763fc659a4856594422788e,0000003893,,,,,
孟建柱,e45393b64d87eb2a83d02b3a914413d31b386e33,0000003913,专科,经济管理刊授联合大学上海市分校,工业企业管理,1983.00,1986.00
孟建柱,e45393b64d87eb2a83d02b3a914413d31b386e33,0000003913,学习,上海市委党校,党政管理,1984.00,1986.00
孟建柱,e45393b64d87eb2a83d02b3a914413d31b386e33,0000003913,研究生,上海机械学院,系统工程,1987.00,1991.00
孟学农,127be0856c58a9c139e6332008421c610a34ae3a,0000003923,研究生,,,,
南萍,42ec725266b60ed3adca4459348abf28ad894456,0000003971,,,,,
聂璧初,b0d5e83bc927fff2a313f313e683fd3f6f325489,0000003985,本科,天津北洋大学（今天津大学）,机械,1946.00,1950.00
钮茂生,43430ac6a2103c83c5278eb6bd969a114d7e0b37,0000004014,本科,北京农业机械化学院（中国农业大学）,农田水利,,1963.00
努尔·白克力,e430e91bf5f9a255655469c96e34b8a1d80b7aaa,0000004017,本科,新疆大学,政治理论,1978.11,1983.08
努尔·白克力,e430e91bf5f9a255655469c96e34b8a1d80b7aaa,0000004017,研究生,中央党校,政治理论,1986.09,1989.07
欧阳钦,256abae11752eca48e2a9ab7c4e1c94f1d0136ce,0000004026,,长沙长郡中学,,,1918.00
欧阳钦,256abae11752eca48e2a9ab7c4e1c94f1d0136ce,0000004026,,北京高等法文专修馆,,,
欧阳钦,256abae11752eca48e2a9ab7c4e1c94f1d0136ce,0000004026,学习,莫斯科苏联红军学校,军事,1925.08,
潘复生,86dd525aa4a6d9e7b5146b5503487b6baa1e20f1,0000004041,,山东省立第一乡村师范学校,,,
潘自力,a13a0145d322f558dc1acc656ec0b7ab4d96f94d,0000004066,,,,,
彭冲,6734a9fb5762efd4d7fbe0715404b0c3cf4cec3e,0000004085,,,,,
彭真,5d35122dee33896dfd8ef1d0e24306b01c9423e3,0000004117,,太原山西省立第一中学,,,
蒲海清,a058ceeea9cc2d72740663cfad16c947e8c21ca1,0000004121,本科,重庆大学,轧钢,1961.09,1966.09
蒲海清,a058ceeea9cc2d72740663cfad16c947e8c21ca1,0000004121,培训,冶金工业部冶金干部管理学院,,1983.12,1984.06 
蒲海清,a058ceeea9cc2d72740663cfad16c947e8c21ca1,0000004121,培训,中央党校,,1986.10,1987.02
普朝柱,3f744ba03ef08c3b06ad5a3f4a9ac21e2c0a1951,0000004124,学习,中共云南省委党校,,1951.00,1952.00
钱敏,579405dbf11e699f0da3ae084cd48d5325da3b35,0000004148,,,,,
钱运录,f4d5cbd8a58c179c757b839495583a5ee488f94a,0000004157,本科,湖北大学,国民经济计划统计系统计学,1963.00,1967.00
强卫,e7b2617304c747c04839b822e856dc07fdf2074b,0000004159,进修,山东大学,光学,1976.02,1976.11
强卫,e7b2617304c747c04839b822e856dc07fdf2074b,0000004159,学习,北京市化工局职工大学,有机化学试剂,1979.02,1982.08
强卫,e7b2617304c747c04839b822e856dc07fdf2074b,0000004159,学习,中国政法大学,政治学,1988.09,1990.07
强卫,e7b2617304c747c04839b822e856dc07fdf2074b,0000004159,进修,中央党校,,1995.09,1995.11
强卫,e7b2617304c747c04839b822e856dc07fdf2074b,0000004159,研究生,中国科技大学,经济管理,1991.09,1996.11
强卫,e7b2617304c747c04839b822e856dc07fdf2074b,0000004159,研究生,中央党校,法学,1995.09,1998.07
秦光荣,03e8f3cb64f8b80c8e9a2b209897388e8709c3c1,0000004180,大专,湖南衡阳师范专科学校,中文,1973.09,1975.08
秦光荣,03e8f3cb64f8b80c8e9a2b209897388e8709c3c1,0000004180,进修,中央党校,,1992.03,1992.07
秦光荣,03e8f3cb64f8b80c8e9a2b209897388e8709c3c1,0000004180,研究生,中南工业大学,管理科学与工程,1993.03,1995.12
全树仁,4c0668d397cd6430483ac7829543f7f4e608e6c7,0000004236,,,,,
任白戈,4be354eceb86b42427c15b8ae93568595f028274,0000004254,,,,,
任仲夷,f83a0d450dcaf6fa71d6df20aa9c46794663de52,0000004279,,,,,
阮崇武,902195afceb6a4a9be71f29c67cffb5aebd7730d,0000004288,学习, 北京工业学院,自然科学,1951.00,
阮崇武,902195afceb6a4a9be71f29c67cffb5aebd7730d,0000004288,学习,北京俄语专科学校,人文科学,1952.00,
阮崇武,902195afceb6a4a9be71f29c67cffb5aebd7730d,0000004288,学习,莫斯科汽车机械学院,自然科学,1953.00,1957.00
邵奇惠,3881af8c81808fa9234e72854fa700445ae1b1e7,0000004318,学习,浙江省杭州市第二中学,,1952.09,1955.02
邵奇惠,3881af8c81808fa9234e72854fa700445ae1b1e7,0000004318,本科,哈尔滨工业大学,机械制造,1962.00,1967.00
沈达人,d61018ec0d5393787b11280253dd015572d8317c,0000004341,,,,,
石秀诗,1d9573da2182a45c2d22664e395671fb10e61247,0000004404,学习,北京建筑工业学院,玻璃陶瓷工艺,1959.09,1964.10
石宗源,0da14d42b593411566602aa69273aacde2d40ef9,0000004408,本科,西北民族学院,政治,1964.09,1968.10
石宗源,0da14d42b593411566602aa69273aacde2d40ef9,0000004408,培训,中央党校,,1985.09,1986.01
石宗源,0da14d42b593411566602aa69273aacde2d40ef9,0000004408,进修,中央党校,,1997.09,1997.11
舒圣佑,ec6a341d6f3a767881efc57b4229a61b8c856de7,0000004437,,,,,
宋宝瑞,e685ad7a7cc62e58690b5ed2ac5af8320acbef32,0000004447,本科,清华大学,焊接材料及设备,1957.09,1963.09
宋宝瑞,e685ad7a7cc62e58690b5ed2ac5af8320acbef32,0000004447,研究生,清华大学,焊接,1957.09,1963.09
宋法棠,7ff60db14aefe7ea5eb2eab7288c137e96744aa3,0000004456,本科,山东曲阜师范学院,汉语言文学,,
宋佩璋,c111126623760075656237b52c182b043af19fa3,0000004479,,,,,
宋平,ca5b1dc7cd5006ad7402fc058985ca8722247c04,0000004480,大专,北平大学农学院、清华大学、西南联合大学,,1934.00,1937.00
宋秀岩,65c7919ace00ca277ad7ad24b490d6383ffe3211,0000004503,培训,中国青年政治学院,政治教育,1985.09,1987.07
宋秀岩,65c7919ace00ca277ad7ad24b490d6383ffe3211,0000004503,学习,中央党校,经济管理,1993.08,1995.12
宋秀岩,65c7919ace00ca277ad7ad24b490d6383ffe3211,0000004503,研究生,中央党校,政治学,1998.09,2001.07
宋秀岩,65c7919ace00ca277ad7ad24b490d6383ffe3211,0000004503,进修,中央党校,,2002.09,2002.12
宋照肃,69f49eb76ec060281176e20ae4cde221ebc76688,0000004516,本科,郑州大学,政治系,,
宋照肃,69f49eb76ec060281176e20ae4cde221ebc76688,0000004516,培训,中央党校,,1987.03,1987.07
宋照肃,69f49eb76ec060281176e20ae4cde221ebc76688,0000004516,培训,中央党校,,1994.09,1994.10
宋照肃,69f49eb76ec060281176e20ae4cde221ebc76688,0000004516,培训,中央党校,,1997.03,1997.05
王金山,b88cd9e3e2ca8f664c3295ed3460bb62f0b2c677,0000004565,大专,吉林省四平师范专科学校,理化科物理,1964.09,1967.09
王金山,b88cd9e3e2ca8f664c3295ed3460bb62f0b2c677,0000004565,进修,中央党校,,1983.09,1984.01
王金山,b88cd9e3e2ca8f664c3295ed3460bb62f0b2c677,0000004565,研究生,南开大学,政治经济学,1993.09,1996.04
王金山,b88cd9e3e2ca8f664c3295ed3460bb62f0b2c677,0000004565,进修,中央党校,,1995.09,1995.11
王君,e1f22c3ce7d018521dc5cedd8cbd6d60476f2239,0000004590,大专,山西矿业学院,采煤,1974.09,1977.09
王君,e1f22c3ce7d018521dc5cedd8cbd6d60476f2239,0000004590,培训,中央党校,理论学习班,1985.09,1986.01
王君,e1f22c3ce7d018521dc5cedd8cbd6d60476f2239,0000004590,培训,中央党校,,1990.09,1991.01
王君,e1f22c3ce7d018521dc5cedd8cbd6d60476f2239,0000004590,培训,中央党校,,1995.09,1996.07
王君,e1f22c3ce7d018521dc5cedd8cbd6d60476f2239,0000004590,研究生,中央党校,哲学,1995.09,1998.09
王乐泉,1826b6059e70c4b27caf58f064306da6236202f1,0000004609,培训,中央党校,,1983.00,1986.00
王乐泉,1826b6059e70c4b27caf58f064306da6236202f1,0000004609,研究生,中央党校,,,
王茂林,52bc149a4ee1e91142fa066a1b1949ef26934d64,0000004640,进修,上海沪北会计专修班,会计,1951.07,1953.01
王茂林,52bc149a4ee1e91142fa066a1b1949ef26934d64,0000004640,培训,北京煤炭干部学校,采煤,1963.07,1964.01
王茂林,52bc149a4ee1e91142fa066a1b1949ef26934d64,0000004640,培训,中央党校,轮训班,1979.03,1979.11
王茂林,52bc149a4ee1e91142fa066a1b1949ef26934d64,0000004640,培训,中央党校,市长班,1983.10,1983.12
王珉,380d4b69a036c3d7eb0c0f3ceba3ee1e49b41eea,0000004648,大专,安徽省淮南煤炭学院,电系矿机,1975.09,1978.09
王珉,380d4b69a036c3d7eb0c0f3ceba3ee1e49b41eea,0000004648,研究生,北京航空学院,机械系机械制造工程,1979.09,1981.12
王珉,380d4b69a036c3d7eb0c0f3ceba3ee1e49b41eea,0000004648,博士,南京航空学院,机械工程系机械制造,1983.02,1986.04
王珉,380d4b69a036c3d7eb0c0f3ceba3ee1e49b41eea,0000004648,访问学者,香港理工学院,,1987.09,1989.02
王歧山,3c2d1477068296056b0bebd0e3cb1f2ae60b2eda,0000004693,大专, 西北大学,历史,1973.00,1976.00
王歧山,3c2d1477068296056b0bebd0e3cb1f2ae60b2eda,0000004693,进修,中央党校,,1992.09,1992.11
王谦,18da803d9dfe002f3d8eb871e92f5ad466f2db6a,0000004696,,,,,
王任重,6c86e6f1fca094f1852507216cec2a213ba104c7,0000004724,,景县乡村师范学校,,1933.00,
王儒林,90af253956e8fa260546618f7de468ac11995657,0000004735,培训,吉林省直机关第一期青干班,,1975.03,1975.05
王儒林,90af253956e8fa260546618f7de468ac11995657,0000004735,本科,吉林农业大学,农业经济,1980.09,1985.07
王儒林,90af253956e8fa260546618f7de468ac11995657,0000004735,研究生,吉林大学,国民经济计划与管理,1990.08,1993.04
王儒林,90af253956e8fa260546618f7de468ac11995657,0000004735,培训,中央党校,,1996.09,1997.07
王三运,fa515be09f22fb8f2b139bb5f91c0839747bf4be,0000004744,大专,贵阳师范学院,汉语言文学,1974.08,
王三运,fa515be09f22fb8f2b139bb5f91c0839747bf4be,0000004744,进修,中央党校,,1992.09,1993.01
王三运,fa515be09f22fb8f2b139bb5f91c0839747bf4be,0000004744,研究生,中央党校,政治,1998.09,2001.07
王太华,2e8fdd4d06faa5ae3cdfbff2a1733fea0cb0ac22,0000004782,本科,江西师范大学,中文系,1965.09,1969.09
王太华,2e8fdd4d06faa5ae3cdfbff2a1733fea0cb0ac22,0000004782,培训,中央党校,,1983.09,1985.07
王宪魁,c6dcf2e0a86410bc46b9d427ac325ffe4900a96b,0000004840,学习,华东交通大学,,1981.09,1982.09
王宪魁,c6dcf2e0a86410bc46b9d427ac325ffe4900a96b,0000004840,培训,西南交通大学,铁路运输管理,1982.09,1984.07
王宪魁,c6dcf2e0a86410bc46b9d427ac325ffe4900a96b,0000004840,进修,中央党校,,1998.03,1998.07
王宪魁,c6dcf2e0a86410bc46b9d427ac325ffe4900a96b,0000004840,研究生,中央党校,经济管理,1999.09,2002.07
王宪魁,c6dcf2e0a86410bc46b9d427ac325ffe4900a96b,0000004840,本科,西南交通大学,交通运输专业,2001.09,2003.07
王学军,c1e5bca7bf817e52d7c82dfe75435ba80e447fa4,0000004885,大专,河北工学院,机械制造,1972.04,1975.08
王学军,c1e5bca7bf817e52d7c82dfe75435ba80e447fa4,0000004885,培训,中央党校,,1991.09,1992.07
王学军,c1e5bca7bf817e52d7c82dfe75435ba80e447fa4,0000004885,进修,中央党校,政治,1992.08,1994.12
王学军,c1e5bca7bf817e52d7c82dfe75435ba80e447fa4,0000004885,研究生,中央党校,党的学说与党的建设,1993.09,1996.01
王学军,c1e5bca7bf817e52d7c82dfe75435ba80e447fa4,0000004885,进修,中央党校,,2000.03,2000.07
王云坤,01dd6245cd87f42fa2322e65230f2945d061cc06,0000004964,本科,天津大学,无线电技术,1961.09,1966.09
王昭,924a7f4b3f002140cabcf392a2b855d757c7f7ea,0000004981,,,,,
王兆国,7dfcc98ff3915cad21df536729f18ca2e8ae92fe,0000004982,本科,哈尔滨工业大学,涡轮机,1961.00,1966.00
王正伟,f0d3a84055fc8097645540a505f9c46447a15dfc,0000005013,本科,宁夏大学,中文,1978.00,1982.00
王正伟,f0d3a84055fc8097645540a505f9c46447a15dfc,0000005013,进修,中央党校,,1994.09,1995.01
王正伟,f0d3a84055fc8097645540a505f9c46447a15dfc,0000005013,博士,中央民族大学,经济学,2000.00,2003.00
王忠禹,796ba8bfa772125e392cbc63a2de4f6f5d4cc9e8,0000005043,大专,沈阳轻工业高级职业学校,,1950.00,1953.00
王忠禹,796ba8bfa772125e392cbc63a2de4f6f5d4cc9e8,0000005043,培训,中央党校,,1981.00,1982.00
韦纯束,190e2e8d7ba6832a5680fbd688745e844ed6e0c4,0000005065,,,,,
韦国清,1c4be5023fa87f2a81659a094a39710c0e1ab0c0,0000005069,,瑞金红军学校,,1932.00,
卫恒,8f3e9577725d3c7e8d9cd38c504faf6aa9fbae3e,0000005086,学习,中共中央北方局晋冀豫区委党校,,,
卫留成,9eca5692af6c17a8d14b90baec7ea6fa243e7654,0000005089,本科,北京石油学院,测井,1965.09,1970.07
卫留成,9eca5692af6c17a8d14b90baec7ea6fa243e7654,0000005089,培训,中央党校,,1995.09,1996.07
尉健行,1618842198fce7158e538c8b32186d2ae4904838,0000005092,,浙江新昌南明小学、新昌中学、天台育青中学、杭州安定中学,,1937.00,1947.00
尉健行,1618842198fce7158e538c8b32186d2ae4904838,0000005092,大专,大连工学院,机械系机械制造,1949.00,1952.00
尉健行,1618842198fce7158e538c8b32186d2ae4904838,0000005092,培训,东北工业部有色金属管理局抚顺俄语训练班,,1952.00,1953.00
魏宏,44a5f531003f376755b77356bd13586962b25961,0000005101,培训,长沙铁道兵学院,政治系,1978.03,1979.08
魏宏,44a5f531003f376755b77356bd13586962b25961,0000005101,进修,重庆师专电大,党政管理,1984.09,1986.07
魏宏,44a5f531003f376755b77356bd13586962b25961,0000005101,研究生,西南财经大学,经济系,1996.01,1998.12
魏宏,44a5f531003f376755b77356bd13586962b25961,0000005101,研究生,四川省委党校,经济学,1999.09,2001.07
魏金水,317875f2236fd81b5c880e18a47d1173d9c0a63b,0000005108,,,,,
郑斯林,efed78cd0000f3f668c93def98e58edd92e14cb8,0000005168,本科,太原工学院,机械系机械制造,1958.09,1963.09
郑斯林,efed78cd0000f3f668c93def98e58edd92e14cb8,0000005168,学习,中央党校,,1993.03,1993.05
周本顺,4992a229c98937c011e0321556169d5b450b76f2,0000005235,大专,长春地质学院,石油物探,1972.04,1975.12
周本顺,4992a229c98937c011e0321556169d5b450b76f2,0000005235,培训,湖南省委党校,,1991.09,1992.01
周本顺,4992a229c98937c011e0321556169d5b450b76f2,0000005235,研究生,湖南大学,管理工程,1993.09,1996.01
周本顺,4992a229c98937c011e0321556169d5b450b76f2,0000005235,博士,武汉大学,宪法与行政法学,2005.11,2006.11
周本顺,4992a229c98937c011e0321556169d5b450b76f2,0000005235,进修,中央党校,,2006.03,2006.07
周伯华,19c28586aed145c8282fe969c6739c11886751d3,0000005240,大专,湖南株洲粉末冶金学校,稀冶,1965.09,1968.09
周伯华,19c28586aed145c8282fe969c6739c11886751d3,0000005240,学习,省委党校,,1980.09,1981.10
周伯华,19c28586aed145c8282fe969c6739c11886751d3,0000005240,培训,中央党校,,1983.09,1986.07
周林,3015d5bedb599e62c70fbb954c670fd339a180e3,0000005285,,北平宏达学院,,1931.00,
周强,c0ffceaf0ec78a7a69a91634c9fe5fb862519179,0000005297,本科,西南政法学院,法律系,1978.00,1982.00
周强,c0ffceaf0ec78a7a69a91634c9fe5fb862519179,0000005297,研究生,西南政法学院,民法,1982.00,1985.00
周强,c0ffceaf0ec78a7a69a91634c9fe5fb862519179,0000005297,培训,中央党校,,1995.09,1996.07
周强,c0ffceaf0ec78a7a69a91634c9fe5fb862519179,0000005297,进修,中央党校,,2005.11,2006.01
周兴,5229e098dc73fa65df83cba6aee495f673ee021f,0000005323,,入南昌朱德军官教育团,,1927.00,
周永康,49faacf46d51b0befbb90d1e03a46217d1461013,0000005336,本科,北京石油学院,地球物理勘探,1961.00,1966.00
周子健,22eaf611b6727559175bb0ff504ee8184c65991b,0000005355,学习,抗大、中央党校,,1937.00,
朱镕基,ee248546874434fe12213d0873d76bf027fe009d,0000005367,本科,清华大学,电机制造,1947.00,1951.00
朱小丹,1d2e8ec28ad81fd83435749b2029d245109ad5ad,0000005389,进修,广州宣传函授学院,科学社会主义,1985.09,1987.09
朱小丹,1d2e8ec28ad81fd83435749b2029d245109ad5ad,0000005389,培训,中央党校,,1990.09,1991.07
朱小丹,1d2e8ec28ad81fd83435749b2029d245109ad5ad,0000005389,研究生,中央党校,经济管理,1995.09,1998.07
朱小丹,1d2e8ec28ad81fd83435749b2029d245109ad5ad,0000005389,进修,中央党校,,2004.11,2005.01
赵紫阳,e2009dca619b27a45082ede6b49f10221dd90223,0000005470,,中共冀鲁豫省委党校,,1938.02,
苏荣,56e689e982498caa257f9c8b28ed95e43f19fed3,0000005506,学习,农业部干部培训班沈阳农学院,,1980.09,1981.01
苏荣,56e689e982498caa257f9c8b28ed95e43f19fed3,0000005506,培训,吉林省委党校,党政干部培训班,1982.03,1983.10
苏荣,56e689e982498caa257f9c8b28ed95e43f19fed3,0000005506,培训,中央党校,,1994.03,1994.05
苏荣,56e689e982498caa257f9c8b28ed95e43f19fed3,0000005506,研究生,吉林大学,国际经济系世界经济,1994.00,1997.00
苏荣,56e689e982498caa257f9c8b28ed95e43f19fed3,0000005506,进修,中央党校,,2003.03,2003.05
苏树林,f9c331f2551706b1f48bf3818191a8b9d4c84ae4,0000005509,本科,大庆石油学院,石油地质,1979.09,1983.07
苏树林,f9c331f2551706b1f48bf3818191a8b9d4c84ae4,0000005509,研究生,哈尔滨工程大学,管理科学与工程,1996.09,1999.03
苏毅然,a269cfd069b857f8cf39f0c993d1f435026ac113,0000005515,,延安马列主义学院,,,
苏振华,acf45d8f62406594ad41f4d17f9c8c262ebddbf2,0000005520,,红军大学,,1936.04,
孙春兰,af05a5946e3f61ffddcf34bb01718d15e4df1bbc,0000005536,本科,辽宁省鞍山工业技术学校,机械,1965.08,1969.11
孙春兰,af05a5946e3f61ffddcf34bb01718d15e4df1bbc,0000005536,进修,辽宁大学,经济管理,1981.09,1984.09
孙春兰,af05a5946e3f61ffddcf34bb01718d15e4df1bbc,0000005536,本科,辽宁省委党校,经济管理,1989.05,1991.12
孙春兰,af05a5946e3f61ffddcf34bb01718d15e4df1bbc,0000005536,培训,中央党校,,1992.09,1993.07
孙春兰,af05a5946e3f61ffddcf34bb01718d15e4df1bbc,0000005536,研究生,中央党校,政治学,2000.09,2003.07
孙同川,3ff051c9848bb8734d698e848d44ce85cfdb61c6,0000005604,本科,西北工业大学,飞机制造,1958.08,1963.08
孙维本,210e2c5bb98404b57677259d664104ad6e6bd4c9,0000005605,高中,,,,
孙文盛,3a8aad18868536cb4d59afd1008bb499dbde6502,0000005609,大专,山东冶金学院,冶金系有色冶炼,1960.09,1963.08
孙文盛,3a8aad18868536cb4d59afd1008bb499dbde6502,0000005609,进修,中央党校,,1986.09,1987.01
孙文盛,3a8aad18868536cb4d59afd1008bb499dbde6502,0000005609,进修,中央党校,,2001.09,2001.11
孙英,c11fca1895d4aadf1e4e8002492d403e1ac6f269,0000005621,本科,山西师范学院,历史系,1954.09,1958.06
孙政才,b6a970ae7470372da4727a8e0da2972bcf4c99f5,0000005639,本科,山东莱阳农学院,农学,1980.00,1984.00
孙政才,b6a970ae7470372da4727a8e0da2972bcf4c99f5,0000005639,研究生,北京市农林科学院、北京农业大学,作物栽培与耕作学,1984.00,1987.00
孙政才,b6a970ae7470372da4727a8e0da2972bcf4c99f5,0000005639,访问学者,英国洛桑试验站,,1991.01,1991.07
孙政才,b6a970ae7470372da4727a8e0da2972bcf4c99f5,0000005639,博士,中国农业大学,农学,1990.00,1997.00
孙政才,b6a970ae7470372da4727a8e0da2972bcf4c99f5,0000005639,培训,中央党校,,2000.00,2001.00
孙政才,b6a970ae7470372da4727a8e0da2972bcf4c99f5,0000005639,进修,中央党校,,2006.05,2006.07
孙志刚,5cceb6655bbd4a744079dd0afae7f532089ce135,0000005640,大专,武汉钢铁学院,炼钢,1973.09,1976.09
孙志刚,5cceb6655bbd4a744079dd0afae7f532089ce135,0000005640,研究生,上海财经学院,工业经济,1980.09,1983.09
孙志刚,5cceb6655bbd4a744079dd0afae7f532089ce135,0000005640,博士,武汉大学,政治经济学,1993.07,1997.06
谭震林,ea552718d7466472045719785222fa19e46d68e1,0000005680,,,,,
陶铸,82964784ae62461204a4b3df799f65c3c7e64fe3,0000005756,,,,,
田成平,8687b54638018c53a69c972f8875039cd8d01bd7,0000005768,本科,清华大学,给排水,1962.09,1968.02
田凤山,88080af63bf4834e349c147871eec46d1f521704,0000005770,大专,解放军西安第二炮兵技术学院,自动控制,,1964.00
铁瑛,842674e17c198a5f36f0c08087a97505cb2318a1,0000005801,,抗大一分校,,1939.00,
汪道涵,b150bf0ca6afb47b9ac3cf26861ef6ad66a5698d,0000005830,高中,南京中学,,,1932.00
汪道涵,b150bf0ca6afb47b9ac3cf26861ef6ad66a5698d,0000005830,,国立交通大学,机械系,1932.00,
汪道涵,b150bf0ca6afb47b9ac3cf26861ef6ad66a5698d,0000005830,,光华大学,数理系,,1937.00
汪家道,1df7d25462fd1effae884d5f5e0545157065a06d,0000005837,,,,,
汪啸风,f9cb61f668f1893e8231a1ffe02e48fad7ae67da,0000005847,本科,北京矿业学院,"机械系机械制
造专业",1964.09,1969.09
汪洋,843e02d6f4224ae413cda550928c07425d60f934,0000005848,学习,中央党校,政治经济学,1979.00,1980.00
汪洋,843e02d6f4224ae413cda550928c07425d60f934,0000005848,本科,中央党校,党政管理,1989.00,1992.00
汪洋,843e02d6f4224ae413cda550928c07425d60f934,0000005848,研究生,中国科技大学,管理科学,1993.00,1995.00
汪洋,843e02d6f4224ae413cda550928c07425d60f934,0000005848,进修,中央党校,,1997.03,1997.05
汪洋,843e02d6f4224ae413cda550928c07425d60f934,0000005848,进修,中央党校,,2001.09,2001.11
王安顺,c7413e470d82b522b8b64f60b2b857cd7bc84451,0000005856,研究生,南开大学,政治经济学,,
王恩茂,927a4c10f5a23916952de9c09fc434d01ba349b3,0000005914,学习,延安军政学院、中央党校,,1941.00,
王芳,8c7c22f74ab091dca934c716e0bf0552d3c7fa10,0000005916,,中共中央山东分局党校,,1945.00,
王国生,d186ae5a2ba05a880728d0b79cb24c9c7c892e81,0000005955,大专,山东大学,政治学,1981.09,1983.07
王国生,d186ae5a2ba05a880728d0b79cb24c9c7c892e81,0000005955,本科,山东省委党校,政治学,1997.09,2000.06
王鸿举,86b6bec49be8fbddd84e57b0b23fb075f710369f,0000005972,本科,四川大学,数学系,1963.09,1968.09
王鸿举,86b6bec49be8fbddd84e57b0b23fb075f710369f,0000005972,进修, 中央党校,,1987.02,1987.07
王朝文,bf3aba58a8742da23434c7d6e43456b98ded18ac,0000006024,,贵州省镇远专区干校,,1949.12,1956.08
文敏生,f760d17b1d9ee3830b85f8d5ad847bbd824b6e6c,0000006039,,,,,
闻世震,12ee6dff9e983c5d775413bdc86e45066b4c2dc7,0000006046,本科,大连理工大学,机制,1960.00,1965.00
吴德,f485e9e96c17d4c65aebb2915e181f37fc6b448f,0000006078,,北平弘达中学,,,
吴官正,43121806e82661133e9cb051ed7485d3020bb468,0000006089,本科, 清华大学,热工测量及自动控制,1959.00,1965.00
吴官正,43121806e82661133e9cb051ed7485d3020bb468,0000006089,研究生,清华大学,热工测量及自动控制,1965.00,1968.00
吴新雄,486ecbb92d98b124a1837d80465e1a96d398e7da,0000006151,本科,南京化工学院,有机系合成专业,1973.09,1977.01
吴亦侠,bd7cb70e5c79b4d45ae8eec427d07abfb81aa301,0000006161,本科,吉林农业大学,土化系,,1967.00
吴芝圃,21c50cf4d1cf8250ba291337f67c080e8b0d324f,0000006177,,,,,
习近平,ac9b1c8dad849486e7d8dd819c4eee4559af0eb3,0000006221,本科,清华大学,基本有机合成,1975.00,1979.00
习近平,ac9b1c8dad849486e7d8dd819c4eee4559af0eb3,0000006221,博士,清华大学,马克思主义理论与思想政治教育,1998.00,2002.00
习仲勋,8c42105feddb874f2bd73aec3a7f8ebf7a4dc022,0000006222,,,,,
夏宝龙,9503f420007e80e9b6db9308b3864ae6e059af07,0000006230,进修,天津师范学院,政史系,1975.01,1976.01
夏宝龙,9503f420007e80e9b6db9308b3864ae6e059af07,0000006230,本科,天津市河西区职工大学,中文,1980.10,1985.01
夏宝龙,9503f420007e80e9b6db9308b3864ae6e059af07,0000006230,培训,中央党校,,1995.09,1996.07
夏宝龙,9503f420007e80e9b6db9308b3864ae6e059af07,0000006230,研究生,天津市委党校,马克思主义哲学,1994.09,1997.07
夏宝龙,9503f420007e80e9b6db9308b3864ae6e059af07,0000006230,博士,北京大学,政治经济学,1999.09,2002.07
冼恒汉,5d512c51490f9e5b8ea70e6af783edac1d3cd836,0000006257,,红四方面军红军大学、保安红军大学、延安抗日军政大学,,,1936.08
向巴平措,475b795f1efec27b29f5b0f00a8ace59e06ad008,0000006259,大专,重庆大学,机械制造,1972.04,1975.10
向巴平措,475b795f1efec27b29f5b0f00a8ace59e06ad008,0000006259,培训,中央党校,,1981.09,1982.07
项南,9f9a22781dee83b0c694aa6a3ac96c3db3a29239,0000006275,,,,,
肖秧,42e79f78cba5b3d9bd34de83ca777d60ebb794c8,0000006306,,北京清华大学,,,
谢富治,3c3009a0a024e1a0903307c547ac548055468066,0000006328,,抗日红军大学 ,,,
熊清泉,ffa435004e5f330d66bc5c590d9c83e0a8e48862,0000006402,,国立师范学院,史地系,,
徐守盛,2ca3c6500d13e0b5ca1538fd4f2a83c7d4da24bb,0000006474,学习,合肥农村经济管理干部学院,农经系农业经济,1983.10,1985.07
徐守盛,2ca3c6500d13e0b5ca1538fd4f2a83c7d4da24bb,0000006474,研究生,江苏省委党校,政治经济学,1999.05,2002.10
许仲林,4c19f967eaef188e7f8bb8ef6a6ad9ff7c090e0a,0000006568,大专,解放军测绘学院,无线电专修班,1960.07,1962.07
许仲林,4c19f967eaef188e7f8bb8ef6a6ad9ff7c090e0a,0000006568,培训,中央党校,,1982.09,1983.07
薛驹,8d7a9dd9d2d69a36c542fa5185139cda2d195a62,0000006576,本科肄业,上海大同大学,,,
阎海旺,285aafb43f8dd8ebe8140e964dc7a6e5683b11f8,0000006621,本科,哈尔滨建筑工程学院,工业与民用建筑,1960.09,1965.09
阎海旺,285aafb43f8dd8ebe8140e964dc7a6e5683b11f8,0000006621,进修,中共中央党校,,1990.03,1990.05
阎红彦,a484a7b240d3d190e473de7dac817ab7ed2e1efd,0000006623,,马列学院,,,
杨传堂,4900f2c0af355498388a4060cabba903ccc37f13,0000006674,进修,山东师范大学,中文系,1981.02,1983.01
杨传堂,4900f2c0af355498388a4060cabba903ccc37f13,0000006674,进修,中央党校省部级干部进修班,,1988.03,1988.07
杨传堂,4900f2c0af355498388a4060cabba903ccc37f13,0000006674,本科,中央党校,经济管理,1993.08,1995.12
杨传堂,4900f2c0af355498388a4060cabba903ccc37f13,0000006674,研究生,中国社会科学院,市场经济,1996.04,1998.03
杨传堂,4900f2c0af355498388a4060cabba903ccc37f13,0000006674,进修,中央党校省部级干部进修班,,1996.09,1996.11
杨晶,55e8e8085c0dd721818713bcc42ce1b12f3db241,0000006755,学习,内蒙古大学,汉语言文学,1980.00,1982.00
杨晶,55e8e8085c0dd721818713bcc42ce1b12f3db241,0000006755,培训,内蒙古自治区委党校,经济管理,1985.09,1986.01
杨晶,55e8e8085c0dd721818713bcc42ce1b12f3db241,0000006755,培训,内蒙古自治区委党校党建班,,1988.08,1989.01
杨晶,55e8e8085c0dd721818713bcc42ce1b12f3db241,0000006755,培训,中央党校一年制中青年干部培训班,,1990.09,1991.07
杨晶,55e8e8085c0dd721818713bcc42ce1b12f3db241,0000006755,研究生,中国社会科学院,工业经济管理,1995.00,1998.00
杨晶,55e8e8085c0dd721818713bcc42ce1b12f3db241,0000006755,研究生,中央党校,政治,2002.00,2005.00
杨静仁,1d083440a5c7cc21a3f95d4146420b77275a17ec,0000006758,本科,陕北公学,,1941.00,
杨静仁,1d083440a5c7cc21a3f95d4146420b77275a17ec,0000006758,,,,1941.00,
杨静仁,1d083440a5c7cc21a3f95d4146420b77275a17ec,0000006758,,陕北公学,,1941.00,
杨析综,8a098c7f49a71aad5dbfda335ffcfe89c19218e2,0000006839,,,,,
杨雄,bd027bec37b2657dd99b9aea2d9496d847e71f68,0000006859,研究生,中国社会科学院,,,1985.07
杨易辰,6bc0839f5b502c2f6d5311443784d156ae1136bd,0000006873,本科,天津法商学院转入中国大学,,,1935.00
杨易辰,6bc0839f5b502c2f6d5311443784d156ae1136bd,0000006873,,延安马列学院,,1938.00,
杨正午,28b51c7baf2bca03b70527e4e02eeb0d6c7cc275,0000006912,大专,,,,
叶飞,e4130c7dd3fb77bc52197b7fbcfb6b8de92c6bdc,0000006957,,,,,
叶飞,e4130c7dd3fb77bc52197b7fbcfb6b8de92c6bdc,0000006957,,,,,
叶飞,e4130c7dd3fb77bc52197b7fbcfb6b8de92c6bdc,0000006957,,,,,
叶剑英,894ed21cc2f840772b8ebc401c5aabe86072729c,0000006963,,苏联共产主义劳动大学,,1928.00,1930.00
叶连松,cea67b62282b62611ee19c39825bcde3d8ffdb29,0000006968,大专,大连工学院,船舶内燃机,1954.00,1955.00
叶连松,cea67b62282b62611ee19c39825bcde3d8ffdb29,0000006968,本科,上海交通大学,船舶内燃机及动力装置,1955.00,1960.00
叶选平,4f0c1b09ff0541a51e8927da929e83364d80de04,0000006981,,延安自然科学院,机械系,1941.00,1945.00
叶选平,4f0c1b09ff0541a51e8927da929e83364d80de04,0000006981,学习,哈尔滨工业大学,,1949.00,1950.00
于明涛,7acbde383308ba906ac6908ff149302adb1405a9,0000007047,本科,东北师范大学,数学,1981.09,1985.07
于伟国,d52996970e0d43fa2a5fcb7dc906c2ba242a48e4,0000007051,本科,中国人民大学,中国文学,1979.09,1983.07
于幼军,146519f136dcdcea71cb6a5250a85598fb989703,0000007057,本科,华东师范大学,政治教育,1980.09,1985.07
于幼军,146519f136dcdcea71cb6a5250a85598fb989703,0000007057,研究生,中山大学,马克思主义哲学,1993.03,1995.08
于幼军,146519f136dcdcea71cb6a5250a85598fb989703,0000007057,博士,中山大学,马克思主义哲学,1996.09,1999.06
俞正声,74754d0fc5ee8e33aa3f310adec9c800c0b7c9f9,0000007090,本科,哈尔滨军事工程学院,弹道式导弹自动控制,1963.00,1968.00
袁纯清,d7e12f1ebaa621bf081d37a47f465d735fed246a,0000007107,本科,北京大学,法律,1977.02,1980.01
袁纯清,d7e12f1ebaa621bf081d37a47f465d735fed246a,0000007107,研究生,中国政法大学,政治学,1987.09,1990.07
袁纯清,d7e12f1ebaa621bf081d37a47f465d735fed246a,0000007107,进修,中央党校,,1994.03,1994.05
袁纯清,d7e12f1ebaa621bf081d37a47f465d735fed246a,0000007107,博士,湖南大学,管理科学与工程,1994.09,1997.07
袁纯清,d7e12f1ebaa621bf081d37a47f465d735fed246a,0000007107,博士后,北京大学,理论经济学,1999.04,2001.05
袁任远,4b0e3a37f853d4d447ee4a6b450a31bac32925d9,0000007127,,湖南法政专门学校,,1918.00,
岳歧峰,a628b0e3cd936542234ecfe69dc988db8ef31baa,0000007144,,,,,
张宝顺,1a3221fa7610e5f95baf931c37ef36929f4c743e,0000007185,本科,中国人民大学,马列主义理论,1982.08,1987.06
张宝顺,1a3221fa7610e5f95baf931c37ef36929f4c743e,0000007185,研究生,吉林大学,国民经济计划与管理,1989.12,1991.12
张勃兴,a1cd1e699b1fb35d7c122285c3fcb74aae5a746e,0000007206,,北平市立高级商科学校,经济管理,1947.00,
张春桥,b9723fdc891f470b3b67932d26b9ef7c1909c3d4,0000007237,,,,,
张春贤,e95319376d66d65255b9241b681263eb6020d74c,0000007238,本科,东北重型机械学院,锻压工艺及设备,1976.12,1980.09
张春贤,e95319376d66d65255b9241b681263eb6020d74c,0000007238,研究生,哈尔滨工业大学,管理科学与工程,1990.03,2002.06
张春贤,e95319376d66d65255b9241b681263eb6020d74c,0000007238,进修,中央党校,,2000.09,2000.11
张德江,46161cbe7c07e698b6d656ac2c517de1a700bfe2,0000007249,本科,延边大学,朝鲜语专业,1972.00,1975.00
张德江,46161cbe7c07e698b6d656ac2c517de1a700bfe2,0000007249,留学,朝鲜金日成综合大学,经济,1978.00,1980.00
张德邻,5d6f8cc6cda054e00e64235a070dd3f380b8a877,0000007250,本科,清华大学,焊接工艺及设备,,
张德生,3b1c7b33e4bd3206df201c90ad5158468d8431ff,0000007251,,,,,
张鼎丞,55984e771d90d426295edc70b5589b2ee2cdbd47,0000007256,,,,,
张高丽,a2e6d42fc178b3d459fd608de3755d947e7aa9e0,0000007281,本科,厦门大学,计划统计,1965.00,1970.00
张高丽,a2e6d42fc178b3d459fd608de3755d947e7aa9e0,0000007281,进修,中央党校,,1990.04,1990.07
张根生,3be9572f24a79ce13f9886abaa957c980723484f,0000007284,,,,,
张国光,15f56ea5631c223264b17d36488906f352a77377,0000007310,本科,北京航空学院,高空设备,1963.09,1968.09
张劲夫,f9dbb58b814462d1eef17ede6ae97b1800e757ad,0000007451,,,,,
张立昌,e3c9bed3958dd1ce307809ea93e02a8759532188,0000007492,函授,北京经济函授大学,经济管理,1987.01,1989.01
张立昌,e3c9bed3958dd1ce307809ea93e02a8759532188,0000007492,大专,天津冶金工业学校,,1958.05,1960.03
张平化,995c75317f8a103c75487ef9eb1fefbec4e8aaeb,0000007534,,,,,
张庆黎,26c1195c6650d4a0e596488592f48baa20fc22dd,0000007548,学习,北京农业大学,,1980.08,1981.02
张庆黎,26c1195c6650d4a0e596488592f48baa20fc22dd,0000007548,大专,中央党校,,1983.09,1985.07
张庆黎,26c1195c6650d4a0e596488592f48baa20fc22dd,0000007548,,中央党校,,1992.03,1992.07
张庆黎,26c1195c6650d4a0e596488592f48baa20fc22dd,0000007548,学习,山东省委党校,经济管理,1995.09,1997.12
张庆黎,26c1195c6650d4a0e596488592f48baa20fc22dd,0000007548,学习,石河子大学,农业经济管理,1999.02,2001.02
张庆黎,26c1195c6650d4a0e596488592f48baa20fc22dd,0000007548,研究生,中央党校,政治学,2002.09,2005.07
张庆伟,b7b1895b7063159f7c7c233e05dc30d99d4619df,0000007549,本科,西北工业大学,飞机设计,1978.09,1982.08
张曙光,50d5a0ee7c242695c5300e44f59964bd3e93cc03,0000007598,,,,,
张文岳,a0eec3018885dcebb46d5ada2753c597fea08418,0000007666,,,,,
张吾乐,1a689c24b97d4ca0e0eeff07058b61e7674d9f73,0000007667,本科,北京钢铁学院,机械系,1955.09,1959.09
张云川,d3ceaaa2085d47b418823306aa748c5dea098f89,0000007783,本科,哈尔滨军事工程学院,舰艇内燃机,1964.08,1969.07 
张云川,d3ceaaa2085d47b418823306aa748c5dea098f89,0000007783,学习,中央党校,,1986.02,1986.07 
张云川,d3ceaaa2085d47b418823306aa748c5dea098f89,0000007783,进修,中央党校,,1994.09,1994.12 
张仲良,489362ab9b790f465645cd5df7fb4fb97ac8b98f,0000007820,,,,,
张左已,56059083681911a776d4786d9b28a27e7da03187,0000007833,,黑龙江大学,俄语,,1966.09
赵伯平,a94f17a07f64e2ecd039c43d4a344284191152cf,0000007846,,,,,
赵海峰,b5afe676caaed038919516b1bf881931698ccf40,0000007875,,,,,
赵克志,8f002be60def8a344dd993ccf860c50942e5b4a7,0000007910,学习,山东省委党校,,1980.09,1982.07
赵克志,8f002be60def8a344dd993ccf860c50942e5b4a7,0000007910,学习,中央党校,,1995.09,1996.07
赵克志,8f002be60def8a344dd993ccf860c50942e5b4a7,0000007910,研究生,中央党校,,1996.07,1998.07
赵乐际,ff265e02707e585eaf45c04e9a4d5d615f60832f,0000007914,本科,北京大学,哲学,1977.00,1980.00
赵乐际,ff265e02707e585eaf45c04e9a4d5d615f60832f,0000007914,研究生,中国社会科学院,货币银行,1996.00,1998.00
赵乐际,ff265e02707e585eaf45c04e9a4d5d615f60832f,0000007914,研究生,中央党校,政治学,2002.00,2005.00
赵寿山,f0da2d98e8179b91fbee0271d4b13594a93d2054,0000007963,,,,,
赵辛初,8f96f8eff352f1d278d4a4b29813392278e6fdbb,0000007991,,,,,
赵修,2e476f9ac5ee20a649b25547ed2bb5a716b14948,0000007998,,,,,
赵正永,e41cfa8c8c2222265f310363fc6918d29f8f26e1,0000008023,学习,中南矿冶学院,金属物理专业,1974.10,1977.08
赵正永,e41cfa8c8c2222265f310363fc6918d29f8f26e1,0000008023,培训,中央党校,,1983.09,1985.07
赵正永,e41cfa8c8c2222265f310363fc6918d29f8f26e1,0000008023,进修,中央党校,,2002.09,2003.01
赵正永,e41cfa8c8c2222265f310363fc6918d29f8f26e1,0000008023,学习,中央党校,,2006.11,2007.01
赵正永,e41cfa8c8c2222265f310363fc6918d29f8f26e1,0000008023,研修,美国哈佛大学,,2007.09,2007.12
赵志浩,2e0c1b7edb08ff4d7a4daf7dabed61643449a294,0000008026,,,,,
白纪年,37478c291647fe92d0a871499ff2385879db8ddc,0000008125,学习,延边示范学校,,,1947.00
白清才,4951cb26a51d506d4b8951925d816a8ecbc70818,0000008137,,,,,
包叙定,99773b3f2c68cdf3c1a83d62503636a3ee363332,0000008182,,,,,
柴松岳,18ef84ce662d2d8a13eb3c92923e7a072df4e94f,0000008429,学习,中央党校,,1981.09,1982.08
柴松岳,18ef84ce662d2d8a13eb3c92923e7a072df4e94f,0000008429,学习,煤炭工业部干部管理学院,企业管理,1984.09,1986.05
柴松岳,18ef84ce662d2d8a13eb3c92923e7a072df4e94f,0000008429,学习,中央党校,,1996.03,1996.05
陈士能,5a987f665edef69bc2b6c0623241adc9d4d603eb,0000008686,本科,清华大学,工程化学,,
陈郁,8549714f957c6efa636ddb08734d035b65b5bafd,0000008829,学习,广州汽车实习学校,,,
陈郁,8549714f957c6efa636ddb08734d035b65b5bafd,0000008829,学习,苏联列宁学院,,1931.06,
陈正人,ff0f097e2c80b2896da9c522a865dfe3c13feb70,0000008863,,,,,
程潜,45160812a9be79feda5c27dacf2ce14ed3702163,0000008918,学习,湖南武备学堂,,1903.00,
程潜,45160812a9be79feda5c27dacf2ce14ed3702163,0000008918,学习,日本陆军士官学校,炮科,1907.00,
方志纯,5726fa5e09bcd4d1b31dd9a76be4b45e29c58ae1,0000009466,,,,,
傅锡寿,190abc41ce70d0b95e343cc507dc8e68408332dc,0000009590,,,,,
高狄,9186b4f0c598106b807eca67646b56f33a5bf48c,0000009632,肄业,敦化国民高等学校,,,1945.11
高克林,84dc405c00f58c32f87f4bcb225ad545ca12368c,0000009659,,,,,
顾秀莲,a0befc581859c28435aa108a2df0d608c06046cb,0000009839,,东北公安干部学校,,1953.00,1954.00
顾秀莲,a0befc581859c28435aa108a2df0d608c06046cb,0000009839,,沈阳冶金机械专科学校,机械系,1958.00,1961.00
顾秀莲,a0befc581859c28435aa108a2df0d608c06046cb,0000009839,函授,中央党校,科学社会主义,1997.09,2000.07
关广富,64d9b122cec705c90fe66d1915f6faec87bd3778,0000009848,,东北财经干部学习,,,
郭影秋,d2bc5fd8c13afd795771950ae9e0b89f693cb87e,0000009959,,,,,
韩宁夫,076501fad9f59c1c29fd276ecfb70e3714af65d0,0000010032,,山东建设厅电气班,,1930.00,
韩宁夫,076501fad9f59c1c29fd276ecfb70e3714af65d0,0000010032,,济南私立齐鲁中学,,1931.00,
韩宁夫,076501fad9f59c1c29fd276ecfb70e3714af65d0,0000010032,本科,山东大学,,1936.08,
韩宁夫,076501fad9f59c1c29fd276ecfb70e3714af65d0,0000010032,学习,中共北方局党校,,1943.11,1945.09
韩宁夫,076501fad9f59c1c29fd276ecfb70e3714af65d0,0000010032,学习,苏联学习,,1954.12,1956.01
和志强,f42ccb167c4124d856497e338303ef45311ac2d2,0000010215,学习,重庆大学,,,1956.00
侯捷,95f412045f87e0cfd07186216bb986fabf5336ce,0000010274,学习,北京水利水电学院, 河川枢纽及水电站建筑,1961.00,1966.00
胡继宗,f1e4408121d6439e4928b9deae931f8fdd26f92e,0000010324,,,,,
胡启立,846650b1ada5866c41adf200a04ab6c0a83cf44f,0000010358,学习,北京大学,机械专业,1946.00,1951.00
胡启立,846650b1ada5866c41adf200a04ab6c0a83cf44f,0000010358,学习,五七干校,,1966.00,1972.00
胡昭衡,7a76e37f7482b2e3940ef4a0ea348030f07d6795,0000010397,肄业,北京大学,历史系,,1937.00
黄镇东,849c00f26f1e626077812c6fbf0b2a03af9d86bf,0000010636,大专,南京航务工程专科学校,数学物理,1960.09,1962.08
黄镇东,849c00f26f1e626077812c6fbf0b2a03af9d86bf,0000010636,学习,上海海运学院,财务会计,1962.08,1963.05
黄镇东,849c00f26f1e626077812c6fbf0b2a03af9d86bf,0000010636,学习,交通部干部学校,,1980.05,1980.08
黄镇东,849c00f26f1e626077812c6fbf0b2a03af9d86bf,0000010636,进修,日本神户港,,1980.09,1980.12
黄镇东,849c00f26f1e626077812c6fbf0b2a03af9d86bf,0000010636,学习,河北省委党校,,1982.03,1982.07
黄镇东,849c00f26f1e626077812c6fbf0b2a03af9d86bf,0000010636,进修,中央党校,,2001.03,2001.05
黄知真,5c09cceaee913e5f33630a869cddfffba55459f8,0000010642,学习,江西苏区列宁师范,,,
姜异康,6555d46b27b6124beb9d56cd9a4849566e9e7d92,0000010834,学习,山东师范大学,中文专业,1981.02,1982.12
姜异康,6555d46b27b6124beb9d56cd9a4849566e9e7d92,0000010834,学习,中南海业余大学,行政管理,1988.09,1990.07
姜异康,6555d46b27b6124beb9d56cd9a4849566e9e7d92,0000010834,研究生,中南工业大学,管理工程,1993.03,1995.12
姜异康,6555d46b27b6124beb9d56cd9a4849566e9e7d92,0000010834,进修,中央党校,,2005.11,2006.01
蒋民宽,f94d63240ffe8043486e7cda4ac67d655340df15,0000010860,大专,上海工业专科学校,机械系,1947.00,1950.00
蒋民宽,f94d63240ffe8043486e7cda4ac67d655340df15,0000010860,学习,东北工业部抚顺俄语训练班,,1952.00,1955.00
蒋民宽,f94d63240ffe8043486e7cda4ac67d655340df15,0000010860,进修,中央党校,,1987.09,1988.02
解峰,054e6c6f26543d2fbce4476f0c9640d116a17677,0000010905,学习,晋察冀边区抗战学院,,,
金明,e69616bca526b7e06f4d8842cb1d9897a3e2a784,0000010931,,,,,
李葆华,ca4d2d8faba5ea2ddacdd30ec9cef1b10a06f6fa,0000011162,学习,北京孔德学校,,1921.00,
李葆华,ca4d2d8faba5ea2ddacdd30ec9cef1b10a06f6fa,0000011162,学习,日本东京高等师范学校,,,
李昌安,63d058d04b506a73a77070af8cde7c6aae81e577,0000011173,学习,北京机械学院业余大学,机械制造,1958.00,1964.00
李春亭,98a021287ad36906369960c86f617201e34bebba,0000011203,学习,中央党校,,1980.00,1982.00
李尔重,f31e5a369d6b51fea20a4bccd74ae829236f55cb,0000011233,学习,北平大学,,,
李尔重,f31e5a369d6b51fea20a4bccd74ae829236f55cb,0000011233,学习,北京大学,,,
李尔重,f31e5a369d6b51fea20a4bccd74ae829236f55cb,0000011233,学习,日本仙台帝国大学,,,
李范五,0fabefee2c9dd85566e12f639110a2f7a90429e1,0000011237,学习,哈尔滨第一中学,,,
李范五,0fabefee2c9dd85566e12f639110a2f7a90429e1,0000011237,学习,北平大学,,,
李范五,0fabefee2c9dd85566e12f639110a2f7a90429e1,0000011237,学习,苏联莫斯科共产国际东方殖民地问题研究院,,,
李丰平,873d5a0f9ffe19073d82e92a399c4c6b7f32de04,0000011240,学习,延安中央党校,,,
李耕涛,063aeef4025394a0f3a2130ca907ee22218fa56d,0000011261,副博士,苏联莫斯科动力学院,燃气轮机,1952.00,1956.00
李梦龄,6061fb93676739e36ec0c52099d0ff1725612187,0000011434,学习,北平师范大学,历史系,,1931.00
李其炎,de303fdd25ec47b6f6742d3d8eb6bdc6ca17db5e,0000011460,学习,北京师范学院,历史系,,1963.00
李启明,f98e37de24266c854b644f7e7d5483c7e5149dfa,0000011465,学习,山西医专预科,,,
李启明,f98e37de24266c854b644f7e7d5483c7e5149dfa,0000011465,学习,汾阳军官学校,,,
李启明,f98e37de24266c854b644f7e7d5483c7e5149dfa,0000011465,学习,杨虎城创办的军官学校,,1934.00,
李盛霖,660539ab6639490e2bf86333a2fbcdec780b797d,0000011511,学习,江苏镇江农业机械学院,农机专业,1965.07,1970.08
李盛霖,660539ab6639490e2bf86333a2fbcdec780b797d,0000011511,学习,中央党校,,1997.03,1997.05 
李锡铭,36855b7d94c112b6054524d32eb8a3aea3ee6988,0000011593,学习,清华大学,,1946.00,
李子奇,3128c751516a3bd4633c520f5a4429dbc6243f14,0000011774,学习,莫斯科有色冶金矿业学院,,1954.00,
栗又文,4510770059bc792d7e0040f54820cdbf393a7793,0000011792,学习,北京大学,,,1962.00
栗又文,4510770059bc792d7e0040f54820cdbf393a7793,0000011792,学习,中央马列学院,,1939.02,
廖伯康,9820bfe447c7a2ea2dd45e923d566b23e535d325,0000011891,学习,中央大学,经济系,,
林李明,7bd836915cbb369d310965d3141f374376d02237,0000011967,,,,,
令狐安,ce3b578bd1ea5ac1c5a264a81497daa68b7ba0b0,0000012057,学习,北京工业学院,红外线,1965.08,1970.08 
令狐安,ce3b578bd1ea5ac1c5a264a81497daa68b7ba0b0,0000012057,学习,中国工业科技管理大连培训中心,,1982.05,1982.10
令狐安,ce3b578bd1ea5ac1c5a264a81497daa68b7ba0b0,0000012057,学习,中央党校,,1987.09,1988.07
令狐安,ce3b578bd1ea5ac1c5a264a81497daa68b7ba0b0,0000012057,学习,中央党校,,1997.03,1997.05
令狐安,ce3b578bd1ea5ac1c5a264a81497daa68b7ba0b0,0000012057,学习,中央党校,,2003.03,2003.05
刘秉彦,e60772ee7b22d7171e0bbd2482995cb303fe0610,0000012071,,,,,
刘剑峰,47d04997817d87a72b3b7e1f3c98a2a472d4a9d7,0000012192,本科,苏联基辅工学院,无线电工程,,1961.00
刘田夫,5566609182ff8c776687bfbb599d51bb1ef51e3c,0000012333,,,,,
刘锡五,1d347b3a285e5df7dd801031da20008586a32b77,0000012365,学习,北京新京学院,,1924.08,
刘锡五,1d347b3a285e5df7dd801031da20008586a32b77,0000012365,学习,上海大学,,1925.00,
刘正,cec31335e7cf9740aebf90a26493d2599298577b,0000012502,,,,,
刘正,cec31335e7cf9740aebf90a26493d2599298577b,0000012502,,,,,
罗贵波,7cb5b23a11b546603bf77e176cc87f1102579624,0000012704,肄业,赣州胜利师范学校,,,1924.07
吕祖善,421e5f85eb6fe652e2f280f3933e2b8cd559377d,0000012839,本科,南京航空学院（现南京航空航天大学）,动机设计,1963.09,1968.09
吕祖善,421e5f85eb6fe652e2f280f3933e2b8cd559377d,0000012839,研究生,中央党校,,1997.03,1997.06
倪献策,6227c868dd4253d6dcfd3a4cccabdbe1504f22dd,0000013193,,青岛市建筑工程学校,,,
倪志福,4713040a5728c56a858301fe8e9a022683b166d9,0000013198,学习,上海青工政治文化学习班,,,
倪志福,4713040a5728c56a858301fe8e9a022683b166d9,0000013198,大专,国营六一八厂,,1961.04,1965.05
聂荣臻,cc0efa20daf2b9bb0dcb0018a6342e03c5b073d8,0000013205,,,,,
裴丽生,2ec4995ad31734787d925d95d5457b98dd0e547c,0000013320,,清华大学,经济,1929.00,1933.05
强晓初,37b391e0f5d5326bf2f4e3d007629f7e5d490d67,0000013453,,,,,
饶漱石,2e609ac9b8781a54994b5a7769bb06925f56861e,0000013568,本科,上海大学,,1924.00,
芮杏文,56343446770253c9f04207f1fc86294e4f41b216,0000013633,大专,中国人民大学,企业管理,,
芮杏文,56343446770253c9f04207f1fc86294e4f41b216,0000013633,专修,中国人民大学,,1950.00,1951.00
芮杏文,56343446770253c9f04207f1fc86294e4f41b216,0000013633,学习,苏北公学、华中建设大学、山东大学,政治,1944.00,1946.00
沙文汉,fb915eb1ac87bf9f1687be31bf47a005baecff47,0000013658,学习,上海东亚同文书院,,1928.01,
沙文汉,fb915eb1ac87bf9f1687be31bf47a005baecff47,0000013658,深造,莫斯科列宁学院,马克思列宁主义理论,1929.07,
沙文汉,fb915eb1ac87bf9f1687be31bf47a005baecff47,0000013658,,日本铁道学校,,1932.02,
邵式平,fb3f3fd4d83171c9b4a0880e9833d1a2ad704a10,0000013692,学习,抗日军政大学,,1936.10,
邵式平,fb3f3fd4d83171c9b4a0880e9833d1a2ad704a10,0000013692,学习,延安中央党校,,1942.00,
舒惠国,cff525f21d487abb24f97f6550816375b497bcc6,0000013854,,,,,
舒同,0fce8bf0b4b8a3e272d23270e99829e6f961863f,0000013855,,江西省立第三师范学校,,1921.00,
宋德福,74b7bb5e421cc1d2fa5b92d7f90b31bc82b2c361,0000013891,,吉林省德惠第一小学、德惠县第四中学,,1953.00,1962.00
宋德福,74b7bb5e421cc1d2fa5b92d7f90b31bc82b2c361,0000013891,大专,,,,
宋任穷,39b5d4f834037606cadfb745beff6fbad41aaf82,0000013917,,,,,
宋瑞祥,5ed14c666851e78d0fcedfbf9e50c026c53371b4,0000013920,,,,,
孙君一,851368e61835a4e0a884bc0b862360e837d4c015,0000014067,,北平朝阳大学,,,
孙治国,eaa15b85a3a7d4d4f65ef6aaf9ca05e924b083f2,0000014167,,,,,
覃应机,aca7536c25fd0884c0c3ede7e74a56edd0dda107,0000014201,学习,国家保卫局,,,
覃应机,aca7536c25fd0884c0c3ede7e74a56edd0dda107,0000014201,学习,中共中央平原分局党校,,,
谭绍文,7ed1693c686a0a27ec2a918fca0c714c5d12009d,0000014223,,成都铭贤学院、西北工学院,,1948.00,
陶鲁笳,1d234a0615b4bed3bf298436dcd3ef6328992bf3,0000014323,,江苏溧阳私立同济中学、江苏省立常州中学（今常州高级中学）、上海复旦实验中学,,,
陶鲁笳,1d234a0615b4bed3bf298436dcd3ef6328992bf3,0000014323,,南京中央大学,,,
天宝,702ce58a7d7b68e02ff83277e68e01884611b314,0000014342,学习,中共中央党校,,1937.00,
铁木尔·达瓦买提,6cdb04b4d2c1230be015f35168cc72212bfbd3c5,0000014396,研究生,中央民族学院,政治,1955.00,1957.00
万绍芬,edd676091d21f4e7435f726346a7146ef838a6c6,0000014435,学习,江西国立中正大学,经济,1948.00,1949.00
万绍芬,edd676091d21f4e7435f726346a7146ef838a6c6,0000014435,学习,中央团校,,1950.00,
万学远,c4a554cfeb326f94506fea2e84c03afc0a7455aa,0000014438,本科,上海交通大学,船舶燃气轮机,,1964.00
王东明,53ca99f919227127f6d3799794dd360c32e378e5,0000014562,本科,辽宁大学,哲学,1978.03,1982.02
王东明,53ca99f919227127f6d3799794dd360c32e378e5,0000014562,培训,辽宁省委党校青训班,,1982.02,1982.06
王东明,53ca99f919227127f6d3799794dd360c32e378e5,0000014562,培训,中央党校一年制中青年干部培训班,,1996.09,1997.07
王东明,53ca99f919227127f6d3799794dd360c32e378e5,0000014562,研究生,中央党校,法学,1996.09,1999.07
王岐山,3c2d1477068296056b0bebd0e3cb1f2ae60b2eda,0000014801,大专, 西北大学,历史,1973.00,1976.00
王岐山,3c2d1477068296056b0bebd0e3cb1f2ae60b2eda,0000014801,培训,中央党校省部级干部进修班,,1992.09,1992.11
王森浩,c5e3dead603dbb19d74436890e2ec9adb5cb3d1f,0000014833,大专,北京矿业学院,采矿系,1956.00,
王森浩,c5e3dead603dbb19d74436890e2ec9adb5cb3d1f,0000014833,进修,北京俄语学院留苏预备部,,1956.00,1957.00
王世英,c3df87d0c750e52c62dd94f2be26c1fb25dca16f,0000014867,,太原国民师范学校,,,
王世英,c3df87d0c750e52c62dd94f2be26c1fb25dca16f,0000014867,,黄埔陆军军官学校,,1925.08,
王首道,9a0c48b0faece6e319933ad8ea807ca2c4586515,0000014876,,第六届广州农民运动讲习所,,,
王旭东,4b52f8936a0858372deef345033ee229e0753190,0000014996,本科,江苏省无锡市无线电工业学校,机械专业,1962.09,1966.07
王旭东,4b52f8936a0858372deef345033ee229e0753190,0000014996,学习,中央党校、天津市科学技术进修学院,工业科技管理,1980.02,1982.07
王郁昭,e80a2124428f0432d7c3ab9e83e2be3f1d015a68,0000015081,学习,中共中央马列主义学院、中共中央高级党校,,1954.02,
吴邦国,34ddf1014a7858cf9107a6b7b216c9f0e739d8e8,0000015313,本科,清华大学,电真空器件,1960.00,1967.00
谢非,1ca2298ad168b2f3d5ac0b4d36fc451bda53ff13,0000015705,学习,中共广东省委党校中级班,,1959.00,1960.00
谢伏瞻,a33d73df7d134871b658a786370865158d70b225,0000015707,本科,华中工学院,计算机系,1976.12,1980.01
谢伏瞻,a33d73df7d134871b658a786370865158d70b225,0000015707,研究生,机械工业部机械科学研究院,工业自动化,1983.08,1986.09
谢伏瞻,a33d73df7d134871b658a786370865158d70b225,0000015707,访问学者,美国普林斯顿大学,,1991.10,1992.10
谢伏瞻,a33d73df7d134871b658a786370865158d70b225,0000015707,培训,中央党校省部级干部进修班,,2001.09,2001.11
谢伏瞻,a33d73df7d134871b658a786370865158d70b225,0000015707,培训,清华大学、哈佛大学公共管理高级培训班,,2003.07,2003.09
谢世杰,a88f0318a0227806fac62807a18c6231009f42bb,0000015737,大专,西南农学院,土壤肥料,1958.00,1959.00
邢崇智,959293bba1624e0921d1ba7fb9af44cecf9ef5d0,0000015769,初中,中央团校,,1949.00,
徐匡迪,56785c3983718ecdce642fadb0ceec8df1e67f17,0000015861,大专,北京钢铁工业学院,钢铁冶金,1954.00,1959.00
徐匡迪,56785c3983718ecdce642fadb0ceec8df1e67f17,0000015861,访问学者,英国帝国理工大学,,1982.03,1983.02
徐荣凯,ae212f212328e539a7e27498981634b99028e929,0000015889,本科,清华大学,动力机械系燃汽轮机,1960.09,1966.09
徐荣凯,ae212f212328e539a7e27498981634b99028e929,0000015889,学习,中央党校,,1989.02,1989.07
徐荣凯,ae212f212328e539a7e27498981634b99028e929,0000015889,博士,清华大学,技术经济,1993.09,1998.07
徐有芳,da68ca316fcc5316f6f700c3a7a7ee16fb8c264b,0000015922,本科,安徽农学院,林学系,1959.09,1963.08
许世杰,790657de8538a543b612e339c26b90dc591577e4,0000015983,,,,,
杨汝岱,4c3cd7258fe6102e26459b98acdd310b2926c87e,0000016285,高中,,,,
杨尚奎,e0b0ee324205bc79f84ab8d2a733d9e850b74ac5,0000016292,学习,瑞金中央党校,,1934.05,
杨尚奎,e0b0ee324205bc79f84ab8d2a733d9e850b74ac5,0000016292,学习,中央马列学院,,1940.01,1941.06
杨尚奎,e0b0ee324205bc79f84ab8d2a733d9e850b74ac5,0000016292,学习,中央党校1部,,1942.09,
杨植霖,4459f61a7fc143687608277142ff85649c41e291,0000016412,学习,北平新农业学院,,1929.00,
杨植霖,4459f61a7fc143687608277142ff85649c41e291,0000016412,学习,延安中央党校,,1942.00,
尹克升,0f5df344437b33e0e2d0aaafebd4aa96320703d6,0000016558,本科,北京石油学院,油田开采,1960.00,1964.00
尹克升,0f5df344437b33e0e2d0aaafebd4aa96320703d6,0000016558,学习,华北人民革命大学,,1949.00,
尹克升,0f5df344437b33e0e2d0aaafebd4aa96320703d6,0000016558,学习,石油干部学校,,1960.00,1964.00
尤权,4c4b39aaa41465ab9ac439a391c899b30bb07036,0000016581,本科,中国人民大学,国民经济计划,1980.09,
尤权,4c4b39aaa41465ab9ac439a391c899b30bb07036,0000016581,研究生,中国人民大学,国民经济计划,,1987.07
于汉卿,33c5ed937710da7b0923fa1b9d3bf5e063c49478,0000016616,学习,五七干校,,1973.00,
于克,ae8fec627b5ba6b1abd3e170af91464a11a9167d,0000016623,学习,北平中山中学,,1934.00,
云布龙,144d3b32dfb1180cd4840cbd0dd6cf5c9719c4d0,0000016806,本科,太原工学院,机械系,,1962.00
张国声,868fb7e5840d64b99d63e4f1af893ea5867d0d32,0000016964,,,,,
张皓若,408eed3210ed35c15762b48982f2d601e28ff98b,0000016977,学习,清华大学,石油专业,1949.09,1952.00
张皓若,408eed3210ed35c15762b48982f2d601e28ff98b,0000016977,学习,石油部俄文训练班,,1953.00,
张皓若,408eed3210ed35c15762b48982f2d601e28ff98b,0000016977,学习,苏联进修,,1954.06,
张启龙,a2ce1fd701176669dc1214b018d73e5a3cf331b1,0000017159,,,,,
张体学,c3a9598d8c8e81c47fe3091d852aa2957687dd73,0000017251,学习,瓦窑堡红军大学,,1936.05,
张中伟,68a000b1e3a24b71a1542d7ecbe7a7cf5b20032f,0000017466,学习,中央党校,,1981.09,1982.07
张中伟,68a000b1e3a24b71a1542d7ecbe7a7cf5b20032f,0000017466,大专,高等教育自学考试党政干部管理基础科专业,党政干部管理基础,1984.00,1986.00
赵德尊,85f867eb33d31ec75c833124d332e35101e99a0a,0000017525,学习,延安中央党校,,1943.00,
赵德尊,85f867eb33d31ec75c833124d332e35101e99a0a,0000017525,学习,清华大学,外语系,,1937.00
赵洪祝,aefd5e2c36da18e4c343e7e813312249e8c3d3bb,0000017552,学习,中央党校,,1982.00,1983.00
赵洪祝,aefd5e2c36da18e4c343e7e813312249e8c3d3bb,0000017552,本科,中央党校,,1983.00,1985.00
赵洪祝,aefd5e2c36da18e4c343e7e813312249e8c3d3bb,0000017552,学习,中央党校,,1989.03,1989.07
赵健民,b09e11b5037169b895fc0bd67d8cfbe99738db49,0000017564,,,,,
赵林,7b0b1afd45d806cb0161c665ade6de667d1c71f5,0000017586,,,,,
周持衡,5b075d11610683e4ff6275749c7911e3271e822d,0000017884,肄业,山东大学,,,
周建人,6d3a7bca776fa25c82534d9eecce244ff8a48363,0000017929,学习,北京大学,,1920.00,
周小舟,4d7e6b235e0618f0c25804a545154a37e9f41770,0000017997,,长沙私立明德中学,,1925.00,
周小舟,4d7e6b235e0618f0c25804a545154a37e9f41770,0000017997,预科,湖南大学,,1929.00,1931.00
周小舟,4d7e6b235e0618f0c25804a545154a37e9f41770,0000017997,本科,国立北平师范大学,,1931.00,1935.00
朱厚泽,8ccbd1c98fa3db2ef4583df5a7beca50033c48f0,0000018076,,,,,
张学忠,95ceb0a5707d1c78f689fa0ed978efd1bfdd0c40,0000018247,大专,甘肃省兰州市师范学校,,1958.08,1961.07
张学忠,95ceb0a5707d1c78f689fa0ed978efd1bfdd0c40,0000018247,本科,兰州大学,汉语言文学,1964.09,1966.06
于明涛,7acbde383308ba906ac6908ff149302adb1405a9,0000018350,,,,,
